property_id,location_id,page_url,property_type,price,location,city,province_name,latitude,longitude,baths,area,purpose,bedrooms,date_added,agency,agent,area_marla,area_raw
16570556,4327,https://www.zameen.com/Property/wapda_town_phase_1_wapda_town_phase_1_block_k2_10_marla_house_is_available_for_sale_at_wadpa__town_phase_1_block_k2_at_prime_location-16570556-4327-1.html,House,22000000,Wapda Town,Lahore,Punjab,31.421046,74.263186,6,10 Marla,For Sale,5,06-11-2019,Lahore Associates,Ch Abid Hussain,10.0,10 Marla
14436786,1447,https://www.zameen.com/Property/dha_defence_dha_phase_5_10_marla_house_in_phase_5_amazing_location-14436786-1447-1.html,House,30000000,DHA Defence,Lahore,Punjab,31.462493,74.409342,4,10 Marla,For Sale,4,03-04-2019,Lions Home Design & Build,Asad Mirza,10.0,10 Marla
17182327,6933,https://www.zameen.com/Property/pechs_pechs_block_2_2nd_floor_portion_for_rent_westopen-17182327-6933-4.html,Upper Portion,53000,Jamshed Town,Karachi,Sindh,24.871447,67.058573,3,8 Marla,For Rent,3,07-11-2019,Dawn Estate Service,Sohail Ahmed,8.0,8 Marla
14159297,4,https://www.zameen.com/Property/lahore_garden_town_upper_portion_is_available_for_rent-14159297-4-4.html,Upper Portion,70000,Garden Town,Lahore,Punjab,31.503922,74.323139,0,2 Kanal,For Rent,3,05-25-2019,The Brokers Real Estate & Marketing,Attique Ur Rehman joiya,40.0,2 Kanal
12601278,9597,https://www.zameen.com/Property/malir_jamia_millia_road_2nd_floor_portion__for_sale-12601278-9597-1.html,Upper Portion,5500000,Malir,Karachi,Sindh,24.876195,67.179966,3,6 Marla,For Sale,2,10-20-2018,RealEstate Hub Direct,Unassigned,6.0,6 Marla
11946650,8944,https://www.zameen.com/Property/north_nazimabad_north_nazimabad_block_s_house_for_sale_single_storey-11946650-8944-1.html,House,32500000,North Nazimabad,Karachi,Sindh,24.952231,67.042321,6,16 Marla,For Sale,7,08-21-2018,RealEstate Hub Direct,Unassigned,16.0,16 Marla
16443217,339,https://www.zameen.com/Property/dha_defence_dha_defence_phase_2_brand_new_house_with_a_prime_location_for_sale_in_dha_phase_ii_islamabad-16443217-339-1.html,House,45000000,DHA Defence,Islamabad,Islamabad Capital,33.527944,73.161392,6,1 Kanal,For Sale,6,06-03-2019,Gulf Properties,Qaiser Abbas Sial,20.0,1 Kanal
15870848,3036,https://www.zameen.com/Property/bahria_town_rawalpindi_bahria_town_phase_3_asian_house_care_presents_8_beds_double_storey_with_basement_bungalow_at_prime_location_of_bahria_town_phase_3-15870848-3036-1.html,House,36000000,Bahria Town Rawalpindi,Rawalpindi,Punjab,33.550408,73.115473,9,1 Kanal,For Sale,8,07-03-2019,Asian House Care,Asian House Care,20.0,1 Kanal
16823585,6738,https://www.zameen.com/Property/surjani_town_surjani_town_sector_7a__type_b__3_rooms_super_luxury_apartments_is_available_for_sale_in_surjani_town_sector_7a-16823585-6738-1.html,Flat,2500000,Gadap Town,Karachi,Sindh,25.036072,67.065954,2,2.4 Marla,For Sale,2,06-21-2019,The Landers International,Muhammad Adeel,2.4,2.4 Marla
17439280,4391,https://www.zameen.com/Property/lahore_shershah_colony_raiwind_road_great_opportunity_for_you_to_have_the_property_of_your_choice-17439280-4391-4.html,Lower Portion,12000,Shershah Colony - Raiwind Road,Lahore,Punjab,31.410095,74.222553,1,3 Marla,For Rent,1,07-24-2019,Bajwa Sahib Estate Advisors,Younas,3.0,3 Marla
15418815,165,https://www.zameen.com/Property/islamabad_f_7_a_unique_house_fully_furnished_and_very_secure_situated_at_beautiful_location-15418815-165-4.html,House,400000,F-7,Islamabad,Islamabad Capital,33.720413,73.056493,5,1.3 Kanal,For Rent,4,06-20-2019,Swat Associates,Syed Khurram,26.0,1.3 Kanal
13753525,8175,https://www.zameen.com/Property/dha_9_town_dha_9_town_block_c_5_marla_brand_new_house_at_dha_9_town_for_sale-13753525-8175-1.html,House,15000000,DHA Defence,Lahore,Punjab,31.438037,74.434512,5,5 Marla,For Sale,3,01-04-2019,RealEstate Hub Direct,Unassigned,5.0,5 Marla
17081837,1615,https://www.zameen.com/Property/dha_phase_6_dha_phase_6_block_f_1_kanal_brand_new_sami_furnished_designer_house_for_sale_in_dha_phase_6-17081837-1615-1.html,House,43900000,DHA Defence,Lahore,Punjab,31.467105,74.459581,6,1 Kanal,For Sale,5,07-03-2019,Home Real Estate & Builders,Dalak Sher,20.0,1 Kanal
16704804,582,https://www.zameen.com/Property/faisalabad_saeed_colony_upper_portion_is_available_for_rent-16704804-582-4.html,Upper Portion,50000,Saeed Colony,Faisalabad,Punjab,31.434925,73.129199,0,10 Marla,For Rent,0,06-17-2019,Azeem Estate Agency,"Azeem Amjad, Amjad Hussain Shah",10.0,10 Marla
17020560,7134,https://www.zameen.com/Property/malir_gulshan_e_siddiq_e_akbar_3_bed_dd_2nd_floor_portion_available_for_sale-17020560-7134-1.html,Flat,16500000,Malir,Karachi,Sindh,24.870513,67.202722,2,6.4 Marla,For Sale,3,06-30-2019,Group of Tawakkal,Shabbir Memon,6.4,6.4 Marla
16934482,168,https://www.zameen.com/Property/islamabad_g_11_portion_is_available_for_rent-16934482-168-4.html,Upper Portion,65000,G-11,Islamabad,Islamabad Capital,33.669533,73.000073,3,1 Kanal,For Rent,3,06-27-2019,Dua Real Estate,Nazakat,20.0,1 Kanal
16884702,3041,https://www.zameen.com/Property/bahria_town_rawalpindi_bahria_town_phase_4_great_opportunity_for_you_to_have_the_property_of_your_choice-16884702-3041-4.html,Flat,32000,Bahria Town Rawalpindi,Rawalpindi,Punjab,33.549693,73.130536,0,2.4 Marla,For Rent,0,06-28-2019,Bismillah Real Estate & Builders,Yasir Zahoor,2.4,2.4 Marla
15375175,162,https://www.zameen.com/Property/islamabad_f_10_beautiful_house_is_available_for_sale-15375175-162-1.html,House,73000000,F-10,Islamabad,Islamabad Capital,33.691531,73.005431,5,1 Kanal,For Sale,5,04-05-2019,Al Rehman Associates,M. Naqib Ur Rehman,20.0,1 Kanal
16487087,1451,https://www.zameen.com/Property/dha_defence_dha_phase_8_1_kanal_out_class_design_palace_in_phase_8_dha_lahore_negotiable_price-16487087-1451-1.html,House,30000000,DHA Defence,Lahore,Punjab,31.494408,74.437666,6,1 Kanal,For Sale,5,06-26-2019,Leads Estates & Builders,Zubair Javed,20.0,1 Kanal
10865717,1487,https://www.zameen.com/Property/lahore_divine_gardens_10_marla_grey_structure_house_for_sale-10865717-1487-1.html,House,16500000,Divine Gardens,Lahore,Punjab,31.502385,74.414506,5,10 Marla,For Sale,4,06-02-2019,Ask Properties,Haris,10.0,10 Marla
16853772,6853,https://www.zameen.com/Property/scheme_33_saadi_town_single_storey_house_is_available_for_sale-16853772-6853-1.html,House,9200000,Scheme 33,Karachi,Sindh,24.964623,67.168558,2,4.8 Marla,For Sale,2,07-04-2019,The City Estate & Construction,Syed Amir Hussain,4.8,4.8 Marla
16505478,1503,https://www.zameen.com/Property/askari_askari_11_askari_11_block_a_10_marla_house_for_sale-16505478-1503-1.html,House,19500000,Askari,Lahore,Punjab,31.460187,74.432459,3,10 Marla,For Sale,3,06-02-2019,Saqib Real Estate,Zain Ul Abideen,10.0,10 Marla
16622386,198,https://www.zameen.com/Property/karachi_bath_island_brand_new_sawera_excellency_apartment_in_bath_island-16622386-198-1.html,Flat,46000000,Bath Island,Karachi,Sindh,24.835661,67.028604,3,9.3 Marla,For Sale,3,07-01-2019,Bolan Estate,Abdul Rahim,9.3,9.3 Marla
17242232,9091,https://www.zameen.com/Property/nespak_scheme_phase_1_nespak_housing_society_phase_1_block_d1_2_kanal_new_luxury_residential_penthhouse_is_available_for_sale_at_nespak_housing_society__phase_1__block_d1_at_prime_location-17242232-9091-1.html,Penthouse,55000000,Main Canal Bank Road,Lahore,Punjab,31.43429,74.278426,8,2 Kanal,For Sale,7,07-11-2019,New Lahore Estate and Builders,Rana Zia,40.0,2 Kanal
17143981,10555,https://www.zameen.com/Property/karachi_bmchs_flat_available_on_rent_at_main_bahadurabad-17143981-10555-4.html,Flat,50000,BMCHS,Karachi,Sindh,24.883046,67.064663,3,6.4 Marla,For Rent,3,07-09-2019,Trust Estate,Momin Mr Shakil,6.4,6.4 Marla
16998302,3308,https://www.zameen.com/Property/f_7_f_7_2_here_is_a_good_opportunity_to_live_in_a_well_built_house-16998302-3308-1.html,House,300000000,F-7,Islamabad,Islamabad Capital,33.72334,73.051171,8,2.1 Kanal,For Sale,7,06-30-2019,Jubilee Estate & Builders,Nasir Khan,42.0,2.1 Kanal
10377724,1039,https://www.zameen.com/Property/islamabad_h_13_shangrila_apartment_for_sale-10377724-1039-1.html,Flat,11000000,H-13,Islamabad,Islamabad Capital,33.637489,72.972193,3,8.9 Marla,For Sale,3,07-04-2019,RealEstate Hub Direct,Unassigned,8.9,8.9 Marla
16893636,6826,https://www.zameen.com/Property/gulistan_e_jauhar_gulistan_e_jauhar_block_3_independent_house_200_sq_yard_corner_gulistan_e_jauhar_block_3-16893636-6826-4.html,House,90000,Gulistan-e-Jauhar,Karachi,Sindh,24.923999,67.13414,6,8 Marla,For Rent,4,07-16-2019,Mustifa Estate,Javed Vayani,8.0,8 Marla
9993537,8892,https://www.zameen.com/Property/north_karachi_north_karachi_sector_7_d3_double_story_house_for_sale-9993537-8892-1.html,House,9000000,North Karachi,Karachi,Sindh,24.965721,67.04862,6,4.8 Marla,For Sale,7,07-18-2019,RealEstate Hub Direct,Unassigned,4.8,4.8 Marla
17343841,3387,https://www.zameen.com/Property/g_9_g_9_4_g9_4_30_50_brand_new_ground_portion_2bed_2bath_dd_tvl_stor_parking-17343841-3387-4.html,Upper Portion,50000,G-9,Islamabad,Islamabad Capital,33.686496,73.039076,2,6 Marla,For Rent,2,07-17-2019,National Enterprise,Salahuddin,6.0,6 Marla
17440679,352,https://www.zameen.com/Property/faisalabad_others_house_is_available_for_sale-17440679-352-1.html,House,7500000,Others,Faisalabad,Punjab,31.4187,73.0791,0,6 Marla,For Sale,0,07-23-2019,Abdullah Estate Property Center,Rana Muhammad Siddiq,6.0,6 Marla
14075600,340,https://www.zameen.com/Property/islamabad_bani_gala_double_storey_house_is_available_for_rent-14075600-340-4.html,House,48000,Bani Gala,Islamabad,Islamabad Capital,33.713488,73.16268,0,5 Marla,For Rent,0,01-05-2019,RealEstate Hub Direct,Unassigned,5.0,5 Marla
9608596,9771,https://www.zameen.com/Property/lahore_canal_bank_cooperative_housing_society_lahore_canal_bank_society_phase_1_house_for_sale_in_lahore_canal_bank_society_phase_1_block_b_lahore-9608596-9771-1.html,House,12000000,Lahore Canal Bank Cooperative Housing Society,Lahore,Punjab,31.454132,74.228056,6,6 Marla,For Sale,5,06-11-2019,AL Arz Estate & Builders,Shahid Mehboob,6.0,6 Marla
16050184,10045,https://www.zameen.com/Property/bahria_town_karachi_bahria_town_precinct_31_villa_is_available_for_sale-16050184-10045-1.html,House,9800000,Bahria Town Karachi,Karachi,Sindh,25.113565,67.353811,3,8 Marla,For Sale,3,05-06-2019,Makkah Associates,Muneeb-ur-Rehman,8.0,8 Marla
10783044,383,https://www.zameen.com/Property/islamabad_bahria_town_bahria_heights_4__1_bed_furnished_apartment_for_rent-10783044-383-4.html,Flat,55000,Bahria Town,Islamabad,Islamabad Capital,33.550837268049,73.106288909912,2,2.9 Marla,For Rent,1,07-04-2019,RealEstate Hub Direct,Unassigned,2.9,2.9 Marla
15740422,1447,https://www.zameen.com/Property/dha_defence_dha_phase_5_facing_1_kanal_next_to_corner_5_marla_luxury_house_for_sale-15740422-1447-1.html,House,22500000,DHA Defence,Lahore,Punjab,31.462493,74.409342,4,5 Marla,For Sale,3,05-03-2019,Secure Future Estate & Builder,Abubakar Hashmi,5.0,5 Marla
15007961,3041,https://www.zameen.com/Property/bahria_town_rawalpindi_bahria_town_phase_4_1_kanal_brand_new_house_for_sale_in_bahria_phase_4-15007961-3041-1.html,House,45000000,Bahria Town Rawalpindi,Rawalpindi,Punjab,33.549693,73.130536,6,1 Kanal,For Sale,5,03-06-2019,RealEstate Hub Direct,Unassigned,20.0,1 Kanal
17051323,9214,https://www.zameen.com/Property/rawalpindi_askari_4_the_best_apartment_for_living_purpose-17051323-9214-1.html,Flat,18500000,Askari 4,Rawalpindi,Punjab,33.584397,73.079805,3,10 Marla,For Sale,3,07-03-2019,Estate Investment,Major R Sultan Sikandar,10.0,10 Marla
16754576,4506,https://www.zameen.com/Property/al_rehman_garden_al_rehman_garden_phase_2_a_beautifully_built_house_at_good_location-16754576-4506-1.html,House,7000000,Al Rehman Garden,Lahore,Punjab,31.598824,74.228218,3,5 Marla,For Sale,4,06-18-2019,Al Raqeeb Real Estate,Syed Shahid,5.0,5 Marla
17281945,11162,https://www.zameen.com/Property/faisalabad_eden_orchard_a_beautifully_built_house_at_good_location-17281945-11162-1.html,House,10000000,Eden Orchard,Faisalabad,Punjab,31.484528,73.085066,0,5 Marla,For Sale,0,07-16-2019,Home Land Associate,Ch Muhammad Asif,5.0,5 Marla
16263993,10011,https://www.zameen.com/Property/bahria_town_precinct_2_bahria_town_quaid_villas_house_for_rent_in_quaid_vila_bahria_town_karachi-16263993-10011-4.html,House,50000,Bahria Town Karachi,Karachi,Sindh,25.005301,67.30881,4,8 Marla,For Rent,3,05-19-2019,Al Emaarah Real Estate & Builders,Ansab Umer,8.0,8 Marla
17159058,749,https://www.zameen.com/Property/lahore_lalazar_a_beautifully_built_house_at_good_location-17159058-749-1.html,House,7800000,Lalazar,Lahore,Punjab,31.466167,74.244961,3,3 Marla,For Sale,3,07-10-2019,Al Rehman Estate And Builders,"Mian Rehmat, Riaz, Iftikhar",3.0,3 Marla
16993803,173,https://www.zameen.com/Property/islamabad_i_10_i_10_size_25_x50_house_for_sale-16993803-173-1.html,House,16000000,I-10,Islamabad,Islamabad Capital,33.648922,73.038969,4,5 Marla,For Sale,4,06-28-2019,Madina Real Estate Consultant & Builders,Syed Baseer Shah,5.0,5 Marla
17309403,3080,https://www.zameen.com/Property/bahria_town_rawalpindi_bahria_town_safari_villas_3_here_is_a_good_opportunity_to_live_in_a_well_built_house-17309403-3080-1.html,House,22000000,Bahria Town Rawalpindi,Rawalpindi,Punjab,33.555066,73.124753,3,14 Marla,For Sale,3,07-17-2019,Sagheer & Qadeer Associates,M Shahid,14.0,14 Marla
17285788,1482,https://www.zameen.com/Property/d_h_a_dha_phase_5_banglow_avalibe_for_rent-17285788-1482-4.html,House,225000,DHA Defence,Karachi,Sindh,24.810265,67.043552,7,1 Kanal,For Rent,5,07-15-2019,Rabbani Estate,Abdul Basit,20.0,1 Kanal
17372577,1813,https://www.zameen.com/Property/bahria_town_overseas_enclave_bahria_town_overseas_b_house_is_available_for_sale-17372577-1813-1.html,House,27000000,Bahria Town,Lahore,Punjab,31.371391,74.170096,0,10 Marla,For Sale,5,07-18-2019,RealEstate Hub Direct,Unassigned,10.0,10 Marla
16047357,3443,https://www.zameen.com/Property/i_8_i_8_3_flat_for_rent_i_8_3_sangam_market_2_bed_for_bachelor__doctors-16047357-3443-4.html,Flat,33000,I-8,Islamabad,Islamabad Capital,33.673783,73.074703,1,5.3 Marla,For Rent,2,05-17-2019,Property Time Real Estate Advisor,Muhammad Hafeez,5.3,5.3 Marla
17330546,12117,https://www.zameen.com/Property/lahore_habibullah_road_portion_is_available_for_rent-17330546-12117-4.html,Upper Portion,35000,Habibullah Road,Lahore,Punjab,31.558617,74.343785,0,10 Marla,For Rent,3,07-17-2019,Chorahi Estate,Ahsan Zaheer Butt,10.0,10 Marla
16958828,7184,https://www.zameen.com/Property/north_karachi_north_karachi_sector_11a_3rd_floor_with_roof_brand_new_portion_available_for_sale_in_good_location_-16958828-7184-1.html,Upper Portion,8000000,North Karachi,Karachi,Sindh,24.981857,67.060118,3,6 Marla,For Sale,3,06-28-2019,Prime Associates & Constructions,Abdullah Alam,6.0,6 Marla
8339475,562,https://www.zameen.com/Property/lahore_sabzazar_scheme_annually_commercial_2_kanal_house_for_sale_at_main_boulevard-8339475-562-1.html,House,120000000,Sabzazar Scheme,Lahore,Punjab,31.523532,74.263744,10,2 Kanal,For Sale,11,07-03-2019,RealEstate Hub Direct,Unassigned,40.0,2 Kanal
17348323,173,https://www.zameen.com/Property/islamabad_i_10_a_beautifully_built_portion_available_for_rent-17348323-173-4.html,Lower Portion,32000,I-10,Islamabad,Islamabad Capital,33.648922,73.038969,2,6 Marla,For Rent,2,07-22-2019,A M Associates,Nasir,6.0,6 Marla
16746658,3200,https://www.zameen.com/Property/dha_defence_phase_2_dha_phase_2_sector_e_10_marla_full_house_for_rent_in_dha_2_islamabad-16746658-3200-4.html,House,60000,DHA Defence,Islamabad,Islamabad Capital,33.532523,73.163452,4,10 Marla,For Rent,4,06-20-2019,Mr Ansari Real Estate,Rashid Ansari,10.0,10 Marla
16809538,163,https://www.zameen.com/Property/islamabad_f_11_here_is_a_good_opportunity_to_live_in_a_well_built_apartment-16809538-163-4.html,Flat,75000,F-11,Islamabad,Islamabad Capital,33.683532,72.99041,3,8.4 Marla,For Rent,3,06-27-2019,Talha International,Muhib Shah,8.4,8.4 Marla
17062668,3047,https://www.zameen.com/Property/bahria_town_rawalpindi_bahria_town_phase_7_1_kanal_brand_new_ground_portion_available_for_rent__-17062668-3047-4.html,Lower Portion,55000,Bahria Town Rawalpindi,Rawalpindi,Punjab,33.531951,73.115215,3,1 Kanal,For Rent,3,07-03-2019,Javed Real Estate,Malik Adnan,20.0,1 Kanal
17431636,3048,https://www.zameen.com/Property/bahria_town_rawalpindi_bahria_town_phase_8_brand_new_10_marla_house_for_sale_in_bahria_town_rawalpindi-17431636-3048-1.html,House,22000000,Bahria Town Rawalpindi,Rawalpindi,Punjab,33.485576,73.08393,6,10 Marla,For Sale,5,07-22-2019,Platinum Estate & Builders,Khalid A Sheikh,10.0,10 Marla
14802441,4178,https://www.zameen.com/Property/sabzazar_scheme_sabzazar_scheme_block_p_house__is_available_for_sale-14802441-4178-1.html,House,11500000,Sabzazar Scheme,Lahore,Punjab,31.515337,74.264045,8,3 Marla,For Sale,4,03-05-2019,RealEstate Hub Direct,Unassigned,3.0,3 Marla
16163854,1487,https://www.zameen.com/Property/lahore_divine_gardens_house_is_available_for_sale-16163854-1487-1.html,House,18000000,Divine Gardens,Lahore,Punjab,31.502385,74.414506,0,10 Marla,For Sale,4,06-26-2019,Dream Developers & Property Consultants,Asad Raja,10.0,10 Marla
17139645,3333,https://www.zameen.com/Property/g_11_g_11_4_main_double_road_margala_facing_portion_for_rent_on_main_ibn_e_sina_road-17139645-3333-4.html,Upper Portion,60000,G-11,Islamabad,Islamabad Capital,33.667854,73.003843,3,14.2 Marla,For Rent,3,07-09-2019,Al Ayan Real Estate,Al Ayan Real Estate,14.2,14.2 Marla
17092984,1791,https://www.zameen.com/Property/bahria_town_sector_c_bahria_town_nargis_block_10_marla_brand_new_dubble_story_house_avalable-17092984-1791-1.html,House,18000000,Bahria Town,Lahore,Punjab,31.374964,74.199843,5,10 Marla,For Sale,5,07-03-2019,Makkah Estate,Muhammad Raees,10.0,10 Marla
9130753,338,https://www.zameen.com/Property/islamabad_soan_garden_three_story_house_for_sale-9130753-338-1.html,House,18500000,Soan Garden,Islamabad,Islamabad Capital,33.562283,73.14851,0,15.4 Marla,For Sale,0,07-04-2019,RealEstate Hub Direct,Unassigned,15.4,15.4 Marla
17264100,1483,https://www.zameen.com/Property/d_h_a_dha_phase_6_3_bed_room_appartment_for_sale-17264100-1483-1.html,Flat,29000000,DHA Defence,Karachi,Sindh,24.805351778089,67.064650229503,4,8.9 Marla,For Sale,3,07-17-2019,Property Prime Time,Haseeb Mumtaz,8.9,8.9 Marla
8714842,7060,https://www.zameen.com/Property/korangi_mbchs_makhdoom_bilawal_society_makhdoom_bilawal_cooperative_housing_society_bungalow_for_sale-8714842-7060-1.html,House,16000000,Korangi,Karachi,Sindh,24.82865,67.103448,7,4.8 Marla,For Sale,4,11-18-2018,Ali Associates,Ali Raza,4.8,4.8 Marla
17115172,6837,https://www.zameen.com/Property/gulistan_e_jauhar_gulistan_e_jauhar_block_13_star_blessing_2nd_and_3rd_floor_apartment_with_sweet_water_next_to_habib_university-17115172-6837-4.html,Flat,11000,Gulistan-e-Jauhar,Karachi,Sindh,24.912026,67.130733,1,1.8 Marla,For Rent,1,07-11-2019,New Rockwell Associates,Shafiq Ahmed Khan,1.8,1.8 Marla
17403457,3920,https://www.zameen.com/Property/izmir_town_izmir_town_block_d_1_kanal_house_is_available_for_sale-17403457-3920-1.html,House,45000000,Izmir Town,Lahore,Punjab,31.414197,74.179645,0,1 Kanal,For Sale,0,07-20-2019,Saifullah Goraya Estate,SaifUllah Goraya,20.0,1 Kanal
17437646,352,https://www.zameen.com/Property/faisalabad_others_house_is_available_for_rent-17437646-352-4.html,House,12000,Others,Faisalabad,Punjab,31.4187,73.0791,0,2.5 Marla,For Rent,0,07-23-2019,Al Noor Estate Agency,Waqar,2.5,2.5 Marla
16066636,10260,https://www.zameen.com/Property/karachi_al_manzar_society_house_is_available_for_sale-16066636-10260-1.html,House,12000000,Al-Manzar Society,Karachi,Sindh,25.009434,67.128953,2,8 Marla,For Sale,4,05-06-2019,RealEstate Hub Direct,Unassigned,8.0,8 Marla
15535697,3986,https://www.zameen.com/Property/jubilee_town_jubilee_town_block_b_house_is_available_for_sale-15535697-3986-1.html,House,21000000,Jubilee Town,Lahore,Punjab,31.405224,74.179258,0,10 Marla,For Sale,5,06-27-2019,RealEstate Hub Direct,Unassigned,10.0,10 Marla
16132212,3394,https://www.zameen.com/Property/ghauri_town_ghauri_town_phase_4_7_marla_house__in_ghauri_town-16132212-3394-1.html,House,14200000,Ghauri Town,Islamabad,Islamabad Capital,33.61855,73.135471,5,7 Marla,For Sale,5,05-04-2019,SR Property Zone Estate & Builders,Khawaja Shoaib Rizwan Khan,7.0,7 Marla
15847243,8248,https://www.zameen.com/Property/pak_arab_housing_society_phase_2_pak_arab_society_phase_2_block_e_brand_new_triple_storey_house_is_available_for_sale_at_pak_arab_society-15847243-8248-1.html,House,14000000,Pak Arab Housing Society,Lahore,Punjab,31.426924,74.342333,0,5 Marla,For Sale,3,05-03-2019,Lahore Property Group,Mian Haroon,5.0,5 Marla
16989290,1378,https://www.zameen.com/Property/islamabad_pakistan_town_pakistan_town_1_kanal_house_for_rent-16989290-1378-4.html,Upper Portion,40000,Pakistan Town,Islamabad,Islamabad Capital,33.575405,73.143325,4,1 Kanal,For Rent,3,07-09-2019,Benchmark Associate,Abu Bakar,20.0,1 Kanal
15944735,534,https://www.zameen.com/Property/faisalabad_satiana_road_upper_portion_is_available_for_rent-15944735-534-4.html,Upper Portion,16500,Satiana Road,Faisalabad,Punjab,31.37861,73.129245,0,6 Marla,For Rent,0,04-17-2019,Al Qasim Estate Agency,"Daud Ahmad(Co-CEO), Shafique Arshad Waince(Co-CEO), Zafar Iqbal Bajwa (CEO)",6.0,6 Marla
17460141,509,https://www.zameen.com/Property/lahore_bahria_town_10_marla_full_house_for_rent_in_iris_block_bahria_town_lahore-17460141-509-4.html,House,60000,Bahria Town,Lahore,Punjab,31.380313,74.187183,6,10 Marla,For Rent,5,07-24-2019,Asif Associates,Nasir Ali,10.0,10 Marla
17268799,1050,https://www.zameen.com/Property/lahore_harbanspura_double_storey_house_is_available_for_sale-17268799-1050-1.html,House,3600000,Harbanspura,Lahore,Punjab,31.575684,74.423604,0,2 Marla,For Sale,3,07-13-2019,Hamza Estate & Builders,"Haji Muhammad Tufail, Muhammad Irfan, Muhammad Adnan, Ali Baba",2.0,2 Marla
16422448,10610,https://www.zameen.com/Property/bahria_town_phase_8_bahria_town_phase_8_safari_homes_safari_home_double_storey_house_is_available_for_rent-16422448-10610-4.html,House,40000,Bahria Town Rawalpindi,Rawalpindi,Punjab,33.50136,73.108691,3,8 Marla,For Rent,3,06-28-2019,Irfan Shah Estate & Builders,Fozan Ali,8.0,8 Marla
17428800,1772,https://www.zameen.com/Property/bahria_town_bahria_town_sector_b_10_marla_lower_portion_house_for_rent_in_tulip_block-17428800-1772-4.html,Lower Portion,35000,Bahria Town,Lahore,Punjab,31.385627,74.196817,2,112.5 Kanal,For Rent,2,07-22-2019,Asho Real Estate,Afzal Wattoo,2250.0,112.5 Kanal
16952236,8550,https://www.zameen.com/Property/faisalabad_officers_colony_house_is_available_for_sale_in_phase_2-16952236-8550-1.html,House,70000000,Officers Colony,Faisalabad,Punjab,31.429589,73.142782,0,1.6 Kanal,For Sale,0,06-26-2019,Saim Real Estate,Rafaqat Muhammad Ali,32.0,1.6 Kanal
14127885,1705,https://www.zameen.com/Property/bahria_town_bahria_enclave_house_is_available_for_rent-14127885-1705-4.html,House,80000,Bahria Town,Islamabad,Islamabad Capital,33.692638,73.218813,0,1 Kanal,For Rent,5,01-05-2019,RealEstate Hub Direct,Unassigned,20.0,1 Kanal
16996586,1464,https://www.zameen.com/Property/lahore_anarkali_5_marla_house_first_portion_at_prime_location_near_old_anarkali__behind_ccpo_office-16996586-1464-4.html,Upper Portion,27000,Anarkali,Lahore,Punjab,31.571479,74.310125,3,5 Marla,For Rent,4,06-26-2019,RealEstate Hub Direct,Unassigned,5.0,5 Marla
14126823,340,https://www.zameen.com/Property/islamabad_bani_gala_upper_portion_is_available_for_rent-14126823-340-4.html,Upper Portion,33000,Bani Gala,Islamabad,Islamabad Capital,33.713488,73.16268,0,10 Marla,For Rent,0,01-05-2019,RealEstate Hub Direct,Unassigned,10.0,10 Marla
17204055,8983,https://www.zameen.com/Property/surjani_town_sector_10_surjani_town_sector_10_1_house_is_available_for_sale-17204055-8983-1.html,House,1400000,Gadap Town,Karachi,Sindh,25.04672,67.064409,0,2.6 Marla,For Sale,0,07-10-2019,Arij Coorporation,Akbar Ali,2.6,2.6 Marla
17067159,1586,https://www.zameen.com/Property/dha_phase_3_dha_phase_3_block_xx_1_kanal_house_in_xx_phase_3_dha_lahore-17067159-1586-1.html,House,50000000,DHA Defence,Lahore,Punjab,31.469521,74.363322,4,1 Kanal,For Sale,4,07-02-2019,Trust Deals Property Consultants,MShaheen Mirza,20.0,1 Kanal
15522326,156,https://www.zameen.com/Property/islamabad_bhara_kahu_bharakahu_islamabad_house_is_available_for_sale-15522326-156-1.html,House,7000000,Bhara kahu,Islamabad,Islamabad Capital,33.737404,73.17916,4,5 Marla,For Sale,6,04-05-2019,RealEstate Hub Direct,Unassigned,5.0,5 Marla
16038242,163,https://www.zameen.com/Property/islamabad_f_11_2nd_floor_furnished_apartment_is_available_for_rent-16038242-163-4.html,Flat,65000,F-11,Islamabad,Islamabad Capital,33.683532,72.99041,0,4 Marla,For Rent,0,05-18-2019,Zamin Property,Syed Fazail Kazmi,4.0,4 Marla
17071109,1791,https://www.zameen.com/Property/bahria_town_sector_c_bahria_town_nargis_block_10_marla_beautiful_brand_new_house_for_sale_in_nargis_block_sector_c_bahria_town_lahore-17071109-1791-1.html,House,17000000,Bahria Town,Lahore,Punjab,31.374964,74.199843,6,10 Marla,For Sale,5,07-02-2019,Asif Associates,Nasir Ali,10.0,10 Marla
16313282,4505,https://www.zameen.com/Property/al_rehman_garden_al_rehman_garden_phase_1_apartment_in_al_rehman_garden_c_block-16313282-4505-1.html,Flat,7000000,Al Rehman Garden,Lahore,Punjab,31.66362,74.283101,3,7 Marla,For Sale,3,06-02-2019,RealEstate Hub Direct,Unassigned,7.0,7 Marla
13377857,9049,https://www.zameen.com/Property/north_karachi_north_karachi_sector_11_c_2_house_is_available_for_sale-13377857-9049-1.html,House,13000000,North Karachi,Karachi,Sindh,24.965828,67.062514,0,4.8 Marla,For Sale,0,12-19-2018,Samama'z Associates,Shams-Uz-Zuha,4.8,4.8 Marla
15086005,423,https://www.zameen.com/Property/lahore_wapda_town_portion_for_rent_3_bed_attach_bathrooms_and_store-15086005-423-4.html,Upper Portion,55000,Wapda Town,Lahore,Punjab,31.434522,74.266148,3,1 Kanal,For Rent,3,03-26-2019,RealEstate Hub Direct,Unassigned,20.0,1 Kanal
11697859,10921,https://www.zameen.com/Property/rawalpindi_chakri_farm_house_available_for_sale-11697859-10921-1.html,Farm House,9500000,Chakri,Rawalpindi,Punjab,33.292707,72.759989,0,5 Kanal,For Sale,0,06-29-2019,Pak Real Estate,Malik Waqar Ahmed Awan,100.0,5 Kanal
17033337,1039,https://www.zameen.com/Property/islamabad_h_13_ahsan_heights_first_floor_flat_is_available_for_sale-17033337-1039-1.html,Flat,2450000,H-13,Islamabad,Islamabad Capital,33.637489,72.972193,0,2 Marla,For Sale,0,07-02-2019,AA Marketing,Fahad Arshad,2.0,2 Marla
14180471,1448,https://www.zameen.com/Property/dha_defence_dha_phase_6_center_location_elegant_1_kanal_superb_solid_construct_bungalow_for_sale-14180471-1448-1.html,House,51000000,DHA Defence,Lahore,Punjab,31.471571,74.445906,6,1 Kanal,For Sale,5,06-02-2019,Secure Future Estate & Builder,Mian Ahmed,20.0,1 Kanal
13877018,166,https://www.zameen.com/Property/islamabad_f_8_f_8_full_compact_house_for_rent-13877018-166-4.html,House,140000,F-8,Islamabad,Islamabad Capital,33.713131,73.038383,4,1 Kanal,For Rent,3,01-05-2019,RealEstate Hub Direct,Unassigned,20.0,1 Kanal
11168118,3045,https://www.zameen.com/Property/bahria_town_rawalpindi_bahria_town_phase_5_park_facing_beautiful_brand_new_5_bedroom_house-11168118-3045-1.html,House,25500000,Bahria Town Rawalpindi,Rawalpindi,Punjab,33.555594,73.133669,5,11 Marla,For Sale,5,06-20-2019,Infinity Properties,Ali,11.0,11 Marla
16022070,1600,https://www.zameen.com/Property/dha_phase_5_dha_phase_5_block_c_near_jalal_sons_1_kanal_solid_owner_build_spanish_bungalow_for_sale-16022070-1600-1.html,House,69000000,DHA Defence,Lahore,Punjab,31.460224,74.417911,6,1 Kanal,For Sale,5,06-19-2019,Secure Future Estate & Builder,Asad Bloach,20.0,1 Kanal
17345471,330,https://www.zameen.com/Property/islamabad_g_13_here_is_a_good_opportunity_to_live_in_a_well_built_portion-17345471-330-4.html,Lower Portion,45000,G-13,Islamabad,Islamabad Capital,33.650065,72.963681,3,10 Marla,For Rent,3,07-18-2019,Land Way Associate,Ali Hiader,10.0,10 Marla
17344362,1789,https://www.zameen.com/Property/bahria_town_sector_c_bahria_town_tulip_block_10_marla_for_sale_in_tulip_block__bahria_town-17344362-1789-1.html,House,22000000,Bahria Town,Lahore,Punjab,31.37108,74.190316,5,10 Marla,For Sale,4,07-17-2019,Red Eagle Real Estate,MUHAMMAD SHAHID,10.0,10 Marla
12001563,419,https://www.zameen.com/Property/satiana_road_tech_town__tnt_colony__5_marla_brand_new_double_story_house_for_rent-12001563-419-4.html,House,30000,Satiana Road,Faisalabad,Punjab,31.372179,73.125594,5,5 Marla,For Rent,3,09-20-2018,RealEstate Hub Direct,Unassigned,5.0,5 Marla
17257646,7220,https://www.zameen.com/Property/north_nazimabad_north_nazimabad_block_l_1st_floor_new_portion_is_available_for_rent-17257646-7220-4.html,Upper Portion,60000,North Nazimabad,Karachi,Sindh,24.941744,67.053638,0,12 Marla,For Rent,3,07-12-2019,Galaxy Estate,Hassan,12.0,12 Marla
7892505,3093,https://www.zameen.com/Property/ibl_housing_scheme_ibl_homes_home_sweet_home_house_for_sale-7892505-3093-1.html,House,6000000,IBL Housing Scheme,Lahore,Punjab,31.581901985499,74.491390586009,0,5 Marla,For Sale,0,07-03-2019,RealEstate Hub Direct,Unassigned,5.0,5 Marla
16907080,3041,https://www.zameen.com/Property/bahria_town_rawalpindi_bahria_town_phase_4_flat_is_available_for_sale-16907080-3041-1.html,Flat,3731000,Bahria Town Rawalpindi,Rawalpindi,Punjab,33.549693,73.130536,0,2.4 Marla,For Sale,0,06-27-2019,Sarman Marketing,Subtain Shah,2.4,2.4 Marla
15122674,8889,https://www.zameen.com/Property/gulistan_e_jauhar_gulistan_e_jauhar_block_16_a_safari_garden_kda_project_flat-15122674-8889-1.html,Flat,10500000,Gulistan-e-Jauhar,Karachi,Sindh,24.920687,67.116428,3,6.4 Marla,For Sale,3,03-10-2019,Brothers Associates,Salman Mughal,6.4,6.4 Marla
17033579,3164,https://www.zameen.com/Property/margalla_view_housing_society_margalla_view_society_block_d_real_value_in_a_changing_world_j7_mall_and_luxury_apartment_for_sale-17033579-3164-1.html,Flat,5100000,D-17,Islamabad,Islamabad Capital,33.654459,72.852831,2,4.7 Marla,For Sale,2,07-02-2019,RealEstate Hub Direct,Unassigned,4.7,4.7 Marla
11153818,339,https://www.zameen.com/Property/dha_defence_dha_defence_phase_2_3rd_floor_flat_for_rent-11153818-339-4.html,Flat,17000,DHA Defence,Islamabad,Islamabad Capital,33.527944,73.161392,2,3.6 Marla,For Rent,2,07-04-2019,RealEstate Hub Direct,Unassigned,3.6,3.6 Marla
15131317,1039,https://www.zameen.com/Property/islamabad_h_13_studio_apartment_is_available_for_rent-15131317-1039-4.html,Flat,12000,H-13,Islamabad,Islamabad Capital,33.63749,72.97219,1,3 Marla,For Rent,1,03-06-2019,RealEstate Hub Direct,Unassigned,3.0,3 Marla
17415846,10932,https://www.zameen.com/Property/lahore_labor_colony_the_best_apartment_for_living_purpose-17415846-10932-1.html,Flat,1600000,Labor Colony,Lahore,Punjab,31.40396,74.214497,2,3 Marla,For Sale,2,07-23-2019,Tanvir Associates,Tanvir Hussain,3.0,3 Marla
17035714,1503,https://www.zameen.com/Property/askari_askari_11_the_best_house_for_living_purpose-17035714-1503-1.html,House,19000000,Askari,Lahore,Punjab,31.460187,74.432459,3,10 Marla,For Sale,3,07-02-2019,Askari Estate & Builders,Saeed Khan,10.0,10 Marla
17109406,434,https://www.zameen.com/Property/islamabad_national_police_foundation_house_is_available_for_sale-17109406-434-1.html,House,15500000,National Police Foundation,Islamabad,Islamabad Capital,33.700462,72.981226,0,10 Marla,For Sale,6,07-04-2019,Rao Estate Property Advisors & Builders,Rana Manzoor Ahmad,10.0,10 Marla
16947841,10204,https://www.zameen.com/Property/adiala_road_green_villas_house_is_available_for_sale-16947841-10204-1.html,House,4000000,Adiala Road,Rawalpindi,Punjab,33.51963,73.048,0,5 Marla,For Sale,2,06-27-2019,Shaheen Enterprises,Ansar Mahmood,5.0,5 Marla
7892743,375,https://www.zameen.com/Property/islamabad_naval_anchorage_1000_sq_yards_double_storey_house_for_sale-7892743-375-1.html,House,67500000,Naval Anchorage,Islamabad,Islamabad Capital,33.573009,73.198629,8,2 Kanal,For Sale,7,07-04-2019,RealEstate Hub Direct,Unassigned,40.0,2 Kanal
14379153,11,https://www.zameen.com/Property/karachi_north_nazimabad_flat_is_available_for_sale__-14379153-11-1.html,Flat,3400000,North Nazimabad,Karachi,Sindh,24.933144,67.033167,2,3.1 Marla,For Sale,2,01-18-2019,RealEstate Hub Direct,Unassigned,3.1,3.1 Marla
16951411,4307,https://www.zameen.com/Property/wapda_town_wapda_town_phase_1_double_storey_house_is_available_for_sale-16951411-4307-1.html,House,17000000,Wapda Town,Lahore,Punjab,31.430421,74.267721,4,10 Marla,For Sale,4,06-28-2019,Khan Estate & Builders,Hassan,10.0,10 Marla
17212634,1483,https://www.zameen.com/Property/d_h_a_dha_phase_6_apartment_is_available_for_sale-17212634-1483-1.html,Flat,11000000,DHA Defence,Karachi,Sindh,24.805045,67.064323,2,4.2 Marla,For Sale,2,07-11-2019,Al Samad Real Estate & Builders,Mansoor Baig,4.2,4.2 Marla
15036580,7,https://www.zameen.com/Property/lahore_gulberg_12_marla_house_for_sale_near_m_block_block_m_gulberg_iii_lahore_punjab-15036580-7-1.html,House,30000000,Gulberg,Lahore,Punjab,31.522361,74.347172,7,12 Marla,For Sale,6,03-04-2019,RealEstate Hub Direct,Unassigned,12.0,12 Marla
16763900,9996,https://www.zameen.com/Property/lahore_lalazaar_garden_brand_new_house_available_for_sale_near_80_feet_road_magzar-16763900-9996-1.html,House,6200000,Lalazaar Garden,Lahore,Punjab,31.509067,74.246771,2,2 Marla,For Sale,2,06-18-2019,Malaika Estate & Builders,Ashfaq Bhatti,2.0,2 Marla
17244992,244,https://www.zameen.com/Property/karachi_jamshed_road_a_beautifully_built_apartment_at_good_location-17244992-244-1.html,Flat,8500000,Jamshed Road,Karachi,Sindh,24.88084,67.041705,3,6 Marla,For Sale,3,07-15-2019,IG Estate,M. Javed Memon,6.0,6 Marla
17299631,343,https://www.zameen.com/Property/islamabad_e_7_beautiful_house_for_rent_in_sector_e7-17299631-343-4.html,House,300000,E-7,Islamabad,Islamabad Capital,33.727409,73.047581,6,2 Kanal,For Rent,5,07-15-2019,5 Zones Associates,Muhammad Imran,40.0,2 Kanal
12779504,1517,https://www.zameen.com/Property/lahore_t_t_aabpara_housing_society_1_kanal_gray_structure_house_for_sale-12779504-1517-1.html,House,15500000,T & T Aabpara Housing Society,Lahore,Punjab,31.413355,74.239926,7,1 Kanal,For Sale,6,11-05-2018,Bismillah Estate & Builder,Adnan Ali,20.0,1 Kanal
17235482,9522,https://www.zameen.com/Property/karachi_abul_hassan_isphani_road_chapal_garden_leased_road_facing_1140_sq_ft_2nd_floor_flat_for_sale-17235482-9522-1.html,Flat,3200000,Abul Hassan Isphani Road,Karachi,Sindh,24.941817,67.098056,3,5.1 Marla,For Sale,5,07-12-2019,RealEstate Hub Direct,Unassigned,5.1,5.1 Marla
17418579,1793,https://www.zameen.com/Property/bahria_town_sector_c_bahria_town_gulbahar_block_10_marla_house_for_sale_in__gulbahar_block_sector_c-17418579-1793-1.html,House,19000000,Bahria Town,Lahore,Punjab,31.378774,74.190316,6,10 Marla,For Sale,5,07-22-2019,ILand,Rana Ali Hussain,10.0,10 Marla
17442373,12264,https://www.zameen.com/Property/islamabad_highway_wakeel_colony_her_is_a_good_oppertunity_to_live_in_a_well_built_flat_of_2_beds-17442373-12264-4.html,Flat,11000,Islamabad Highway,Rawalpindi,Punjab,33.600268,73.129443,0,4.4 Marla,For Rent,2,07-23-2019,Good Will Associates,EngZahid Mahmood Ihsan Ullah,4.4,4.4 Marla
16309527,3332,https://www.zameen.com/Property/g_11_g_11_3_pha_e_type_2_bed_apartment_for_rent-16309527-3332-4.html,Flat,22000,G-11,Islamabad,Islamabad Capital,33.675604,73.000367,0,5 Marla,For Rent,0,06-04-2019,Hannan Real Estate,Shahbaz,5.0,5 Marla
15722709,164,https://www.zameen.com/Property/islamabad_f_6_house_is_available_for_rent-15722709-164-4.html,House,500000,F-6,Islamabad,Islamabad Capital,33.730907,73.074431,0,1.3 Kanal,For Rent,0,05-05-2019,One Link Real Estate,Qasim,26.0,1.3 Kanal
12228188,3155,https://www.zameen.com/Property/d_12_d_12_2_brand_new_villa_is_available_for_sale-12228188-3155-1.html,House,21000000,D-12,Islamabad,Islamabad Capital,33.702421,72.941837,5,10 Marla,For Sale,5,09-07-2018,RealEstate Hub Direct,Unassigned,10.0,10 Marla
16319763,1225,https://www.zameen.com/Property/eden_edenabad_edenabad_a_block_10_marla_house_near_khayaban_e_amin_for_sale-16319763-1225-1.html,House,10800000,Eden,Lahore,Punjab,31.375165,74.253992,4,10 Marla,For Sale,4,06-29-2019,Hotline Associates,Khushman Zulfiqar,10.0,10 Marla
14130664,8978,https://www.zameen.com/Property/surjani_town_sector_5_surjani_town_sector_5b_124_sq_yard_west_open_house_for_sale-14130664-8978-1.html,House,6800000,Gadap Town,Karachi,Sindh,25.045686,67.072513,7,5 Marla,For Sale,6,01-18-2019,RealEstate Hub Direct,Unassigned,5.0,5 Marla
17174790,3047,https://www.zameen.com/Property/bahria_town_rawalpindi_bahria_town_phase_7_14_marla_corner_brand_new_upper_portion_is_available_for_rent-17174790-3047-4.html,Upper Portion,42000,Bahria Town Rawalpindi,Rawalpindi,Punjab,33.531951,73.115215,3,14 Marla,For Rent,3,07-10-2019,Quetta Real Estate & Builders,Quetta Real Estate,14.0,14 Marla
15442205,1242,https://www.zameen.com/Property/lahore_architects_engineers_housing_society_10_marla_full_house_for_sale-15442205-1242-1.html,House,20000000,Architects Engineers Housing Society,Lahore,Punjab,31.443749,74.259152,6,10 Marla,For Sale,5,04-04-2019,RealEstate Hub Direct,Unassigned,10.0,10 Marla
14289303,8424,https://www.zameen.com/Property/islamabad_shah_allah_ditta_9_marla_brand_new_house__for_sale-14289303-8424-1.html,House,9000000,Shah Allah Ditta,Islamabad,Islamabad Capital,33.712988384938,72.921280860901,5,9 Marla,For Sale,5,07-24-2019,Agha Real Estate,Shahrukh Naqvi,9.0,9 Marla
687580,7,https://www.zameen.com/Property/lahore_gulberg_gulberg_offers_house_is_available_for_rent_near_to_mall_road-687580-7-4.html,House,1500000,Gulberg,Lahore,Punjab,31.522361,74.347172,0,4.5 Kanal,For Rent,0,07-10-2019,Hamza Real Estate,Imran Shahad,90.0,4.5 Kanal
16907695,3278,https://www.zameen.com/Property/f_10_f_10_3_house_is_available_for_rent-16907695-3278-4.html,House,300000,F-10,Islamabad,Islamabad Capital,33.695352,73.006983,6,1.3 Kanal,For Rent,6,06-27-2019,Syed Estate Builders & Property Advisor,Hamid Ullah,26.0,1.3 Kanal
17271231,8277,https://www.zameen.com/Property/defence_view_society_defence_view_phase_3_apartment_for_sale_brand_new_building-17271231-8277-1.html,Flat,6000000,Defence View Society,Karachi,Sindh,24.842593,67.082494,2,4 Marla,For Sale,2,07-13-2019,Orient Associate,Abdul Nabi Junejo Sikander Arbab,4.0,4 Marla
16083764,7214,https://www.zameen.com/Property/north_nazimabad_north_nazimabad_block_f_400_square_yards__3_bedrooms_portion_with_roof__for_sale-16083764-7214-1.html,Upper Portion,29000000,North Nazimabad,Karachi,Sindh,24.929369,67.045226,3,16 Marla,For Sale,3,06-20-2019,Property Channel Real Estate,Shaikh Zaryab Akhtar,16.0,16 Marla
16073254,1285,https://www.zameen.com/Property/faisalabad_nishatabad_4_marla_commercial_hall_with_triple_storey_house_for_sale-16073254-1285-1.html,House,10000000,Nishatabad,Faisalabad,Punjab,31.446991160323,73.119808448624,2,4 Marla,For Sale,4,05-18-2019,RealEstate Hub Direct,Unassigned,4.0,4 Marla
16832270,1483,https://www.zameen.com/Property/d_h_a_dha_phase_6_well_built_house_available_on_good_location-16832270-1483-1.html,House,180000000,DHA Defence,Karachi,Sindh,24.805045,67.064323,7,1.3 Kanal,For Sale,6,06-27-2019,Search Property,Mohammad Amjad Khan,26.0,1.3 Kanal
15699342,1588,https://www.zameen.com/Property/dha_phase_3_dha_phase_3_block_z_5_bed_1_kanal_house_for_rent_in_dha_park_view-15699342-1588-4.html,House,160000,DHA Defence,Lahore,Punjab,31.47428,74.380918,6,1 Kanal,For Rent,5,04-25-2019,Zeeshan Property Consultant,Javed Iqbal,20.0,1 Kanal
16865705,3053,https://www.zameen.com/Property/bahria_town_phase_8_bahria_town_phase_8_block_e_2_bed_apartment_for_sale_on_2_yeasr_instalmentsat_bahria_town_phase8-16865705-3053-1.html,Flat,5000000,Bahria Town Rawalpindi,Rawalpindi,Punjab,33.489746,73.079553,2,4 Marla,For Sale,2,07-01-2019,Sidra Estate & Builders,Sajid Hussain khan,4.0,4 Marla
13172181,1404,https://www.zameen.com/Property/rawalpindi_shalley_valley_house_is_available_for_sale-13172181-1404-1.html,House,14000000,Shalley Valley,Rawalpindi,Punjab,33.597548,73.014176,5,8 Marla,For Sale,7,12-06-2018,RealEstate Hub Direct,Unassigned,8.0,8 Marla
15482389,12184,https://www.zameen.com/Property/canal_garden_canal_garden_block_h_10_marlas_lower_portion_available_for_rent_-15482389-12184-4.html,Lower Portion,30000,Canal Garden,Lahore,Punjab,31.387702,74.176031,3,10 Marla,For Rent,2,03-26-2019,RealEstate Hub Direct,Unassigned,10.0,10 Marla
9895361,3233,https://www.zameen.com/Property/e_11_e_11_2_8_marla_corner_house_for_sale-9895361-3233-1.html,House,40000000,E-11,Islamabad,Islamabad Capital,33.699958,72.970119,5,8 Marla,For Sale,4,07-04-2019,RealEstate Hub Direct,Unassigned,8.0,8 Marla
17409379,166,https://www.zameen.com/Property/islamabad_f_8_brand_new_house_for_rent_in_f8-17409379-166-4.html,House,280000,F-8,Islamabad,Islamabad Capital,33.713131,73.038383,4,10 Marla,For Rent,4,07-21-2019,RealEstate Hub Direct,Unassigned,10.0,10 Marla
16777829,1605,https://www.zameen.com/Property/dha_phase_5_dha_phase_5_block_h_1_kanal_lower_lock_upper_portion_attractive_location_very_reasonable_rent-16777829-1605-4.html,Upper Portion,80000,DHA Defence,Lahore,Punjab,31.458686,74.406624,3,1 Kanal,For Rent,3,06-24-2019,Maan Estate,Mian Rashid,20.0,1 Kanal
17036006,12,https://www.zameen.com/Property/karachi_federal_b_area_well_built_portion_available_in_good_location-17036006-12-1.html,Upper Portion,5200000,Federal B Area,Karachi,Sindh,24.92863,67.064466,2,2.4 Marla,For Sale,2,07-02-2019,Dua Enterprises & Property Consultants,M. Amir,2.4,2.4 Marla
17323330,10984,https://www.zameen.com/Property/karachi_garden_west_2_bed_dd__3rd_floor__900_sqrft__parsi_colony__soldier_bazar__garden_east__garden_west__karachi-17323330-10984-4.html,Flat,25000,Garden West,Karachi,Sindh,24.873806,67.016224,2,4 Marla,For Rent,2,07-17-2019,RealEstate Hub Direct,Unassigned,4.0,4 Marla
16813511,1378,https://www.zameen.com/Property/islamabad_pakistan_town_portion_is_available_for_rent-16813511-1378-4.html,Lower Portion,20000,Pakistan Town,Islamabad,Islamabad Capital,33.575405,73.143325,0,5 Marla,For Rent,2,06-20-2019,Gulberg Green City Real Estate & Consultants,Fayyaz Hussain,5.0,5 Marla
16828217,11162,https://www.zameen.com/Property/faisalabad_eden_orchard_block_h_house_is_available_for_sale-16828217-11162-1.html,House,15000000,Eden Orchard,Faisalabad,Punjab,31.484528,73.085066,0,7 Marla,For Sale,4,06-18-2019,Labbaik Property Advisor,Zulfiqar Dogar,7.0,7 Marla
10112568,3041,https://www.zameen.com/Property/bahria_town_rawalpindi_bahria_town_phase_4_stylish_1_kanal_house_for_sale_in_bahria_town-10112568-3041-1.html,House,42500000,Bahria Town Rawalpindi,Rawalpindi,Punjab,33.549693,73.130536,8,1 Kanal,For Sale,5,02-04-2019,Al-Ghous Real Estate Management & Construction,Muhammad Nasir,20.0,1 Kanal
16958255,3047,https://www.zameen.com/Property/bahria_town_rawalpindi_bahria_town_phase_7_house_is_available_for_sale-16958255-3047-1.html,House,46000000,Bahria Town Rawalpindi,Rawalpindi,Punjab,33.531951,73.115215,6,1 Kanal,For Sale,5,06-28-2019,RealEstate Hub Direct,Unassigned,20.0,1 Kanal
16247324,1484,https://www.zameen.com/Property/d_h_a_dha_phase_7_here_is_a_good_opportunity_to_live_in_a_well_built_house-16247324-1484-1.html,House,105000000,DHA Defence,Karachi,Sindh,24.821639,67.071691,7,1 Kanal,For Sale,6,05-06-2019,Saleems Rahber Estate Agent & Consultant,Bilal,20.0,1 Kanal
16593579,6648,https://www.zameen.com/Property/faisal_cantonment_askari_4_askari_4_single_unit_house_for_sale-16593579-6648-1.html,House,97500000,Cantt,Karachi,Sindh,24.899769,67.120412,5,1 Kanal,For Sale,4,06-07-2019,RealEstate Hub Direct,Unassigned,20.0,1 Kanal
14074420,340,https://www.zameen.com/Property/islamabad_bani_gala_house_for_rent_available_in_green_bani_gala-14074420-340-4.html,House,75000,Bani Gala,Islamabad,Islamabad Capital,33.713488,73.16268,6,1 Kanal,For Rent,6,01-05-2019,RealEstate Hub Direct,Unassigned,20.0,1 Kanal
14074612,329,https://www.zameen.com/Property/islamabad_e_11_flat_is_available_for_rent-14074612-329-4.html,Flat,96500,E-11,Islamabad,Islamabad Capital,33.698137,72.978215,2,5.3 Marla,For Rent,2,01-05-2019,RealEstate Hub Direct,Unassigned,5.3,5.3 Marla
14271343,3542,https://www.zameen.com/Property/allama_iqbal_town_allama_iqbal_town_ravi_block_10_marla_3_storey_6_beds_2_cars_garage_for_sale-14271343-3542-1.html,House,24000000,Allama Iqbal Town,Lahore,Punjab,31.511752,74.278293,6,10 Marla,For Sale,6,06-02-2019,Al Fathe Estates & Builders,Asif,10.0,10 Marla
17099871,495,https://www.zameen.com/Property/karachi_scheme_33_flat_for_sale_saima__jinnah__avenue-17099871-495-1.html,Flat,18500000,Scheme 33,Karachi,Sindh,24.938913,67.140593,4,9.8 Marla,For Sale,3,07-04-2019,RealEstate Hub Direct,Unassigned,9.8,9.8 Marla
15084366,534,https://www.zameen.com/Property/faisalabad_satiana_road_10_marla_beautiful_house_for_sale_on_ideal_location_in_tech_town-15084366-534-1.html,House,17500000,Satiana Road,Faisalabad,Punjab,31.37861,73.129245,6,10 Marla,For Sale,6,03-19-2019,Lords Estate & Consultant,Chaudhary Saqib Sahi,10.0,10 Marla
16882717,338,https://www.zameen.com/Property/islamabad_soan_garden_double_storey_house_is_available_for_sale-16882717-338-1.html,House,8000000,Soan Garden,Islamabad,Islamabad Capital,33.564427,73.157101,0,5 Marla,For Sale,0,06-26-2019,Safha Associates,"Mirza Khurram, Malik Mohabbat",5.0,5 Marla
16511505,9030,https://www.zameen.com/Property/bahria_town_karachi_bahria_apartments_bahria_apartments_flat_for_sale-16511505-9030-1.html,Flat,12500000,Bahria Town Karachi,Karachi,Sindh,25.020961,67.321172,0,10 Marla,For Sale,0,06-05-2019,Ashraf & Anwaar Estate,Ashraf,10.0,10 Marla
16771225,3955,https://www.zameen.com/Property/johar_town_phase_1_johar_town_phase_1_block_f_one_kanal_double_story_house_f_block_johar_town-16771225-3955-1.html,House,34500000,Johar Town,Lahore,Punjab,31.465275,74.28405,7,1 Kanal,For Sale,6,07-02-2019,Shelter Estate,Ch Shahbaz Ali,20.0,1 Kanal
17138492,3338,https://www.zameen.com/Property/g_13_g_13_2_30x60_7_marla_brand_new_full_house_available_for_rent_in_g13-17138492-3338-4.html,House,85000,G-13,Islamabad,Islamabad Capital,33.650458,72.956636,4,7 Marla,For Rent,4,07-09-2019,Three Brothers Real Estate,Abdul Waheed,7.0,7 Marla
16975931,377,https://www.zameen.com/Property/lahore_samanabad_well_build_double_storey_house_is_available_on_good_location-16975931-377-1.html,House,25000000,Samanabad,Lahore,Punjab,31.539206,74.305515,5,10 Marla,For Sale,5,06-29-2019,Awan Builders,"Nadeem Sindhu, Haji Fahad, Mian Shabir",10.0,10 Marla
11465607,88,https://www.zameen.com/Property/lahore_ichhra_flat_for_sale_hbfc_bank_colony_24_hour_security_neat_and_clean_environment-11465607-88-1.html,Flat,7900000,Ichhra,Lahore,Punjab,31.53934996702,74.315236620605,2,5 Marla,For Sale,4,08-07-2018,RealEstate Hub Direct,Unassigned,5.0,5 Marla
14232669,7216,https://www.zameen.com/Property/north_nazimabad_north_nazimabad_block_h_saima_grands_flat_for_sale-14232669-7216-1.html,Flat,15500000,North Nazimabad,Karachi,Sindh,24.935635,67.05102,3,6.7 Marla,For Sale,3,05-06-2019,Estate Unit,Faisal Saeed  Mudassir Saeed,6.7,6.7 Marla
14128674,3068,https://www.zameen.com/Property/bahria_town_phase_8_safari_valley_bahria_town_phase_8_usman_block_portion_is_available_for_rent-14128674-3068-4.html,Upper Portion,23500,Bahria Town Rawalpindi,Rawalpindi,Punjab,33.488368,73.09423,0,7 Marla,For Rent,0,01-06-2019,RealEstate Hub Direct,Unassigned,7.0,7 Marla
14083540,10610,https://www.zameen.com/Property/bahria_town_phase_8_bahria_town_phase_8_safari_homes_house_is_available_for_rent-14083540-10610-4.html,House,24000,Bahria Town Rawalpindi,Rawalpindi,Punjab,33.50136,73.108691,0,5 Marla,For Rent,2,01-06-2019,RealEstate Hub Direct,Unassigned,5.0,5 Marla
17092501,174,https://www.zameen.com/Property/islamabad_i_8_i8_one_kanal_lower_ground_with_separate_gate_for_rent-17092501-174-4.html,House,65000,I-8,Islamabad,Islamabad Capital,33.668497,73.07416,3,1 Kanal,For Rent,3,07-03-2019,Margalla Estate Property Consultant,Afraz Satti,20.0,1 Kanal
17210339,3241,https://www.zameen.com/Property/e_11_e_11_4_lower__portion_for_rent-17210339-3241-4.html,Lower Portion,35000,E-11,Islamabad,Islamabad Capital,33.698244,72.984238,2,10 Marla,For Rent,2,07-10-2019,SM Property,Minhas Khan,10.0,10 Marla
16112024,9856,https://www.zameen.com/Property/faisalabad_al_rehmat_villas_newly_renovated_house_available_for_sale_and_sale-16112024-9856-1.html,House,5500000,Al Rehmat Villas,Faisalabad,Punjab,31.410484,73.151891,4,4 Marla,For Sale,3,05-18-2019,RealEstate Hub Direct,Unassigned,4.0,4 Marla
17089744,7218,https://www.zameen.com/Property/north_nazimabad_north_nazimabad_block_j_7th_floor_flat_is_available_for_sale-17089744-7218-1.html,Flat,3800000,North Nazimabad,Karachi,Sindh,24.955324,67.051063,0,2.9 Marla,For Sale,2,07-03-2019,Property Links,Afzal Zaman,2.9,2.9 Marla
16614991,8974,https://www.zameen.com/Property/bahria_town_phase_4_bahria_town_civic_centre_brand_new_one_bed_flat_for_sale-16614991-8974-1.html,Flat,3150000,Bahria Town Rawalpindi,Rawalpindi,Punjab,33.550096,73.123815,1,2.7 Marla,For Sale,1,06-13-2019,11 Estate & Builders,Raja Ahmed Shahzad,2.7,2.7 Marla
17342721,1478,https://www.zameen.com/Property/d_h_a_dha_phase_1_elite_class_living_in_phase_1_defence_out_standing_greenery_bigger_car_parking_american_kitchen_stylish_wash_room_as_brand_new_just_in_325_really_cheaper-17342721-1478-4.html,House,325000,DHA Defence,Karachi,Sindh,24.842983,67.065697,5,2 Kanal,For Rent,4,07-17-2019,HR Properties,Ali Paracha,40.0,2 Kanal
17063538,1781,https://www.zameen.com/Property/bahria_town_sector_b_bahria_town_umar_block_shahryar_builders_offers_8_marla_brand_new_luxury_house_for_sale_in_bahria_town_lahore-17063538-1781-1.html,House,17800000,Bahria Town,Lahore,Punjab,31.381706,74.195294,6,8 Marla,For Sale,5,07-02-2019,Shehryar Builders,Umair Bhatti,8.0,8 Marla
16421720,3546,https://www.zameen.com/Property/architects_engineers_housing_society_architects_engineers_society_block_b_double_storey_brand_new_house_is_available_for_sale-16421720-3546-1.html,House,21000000,Architects Engineers Housing Society,Lahore,Punjab,31.444298,74.259288,5,10 Marla,For Sale,5,06-02-2019,Al-Khan Estate & Builders,Muhammad Rafiq,10.0,10 Marla
16887296,8131,https://www.zameen.com/Property/rawalpindi_dhok_mangtal_a_beautifully_built_portion_at_good_location-16887296-8131-4.html,Upper Portion,15000,Dhok Mangtal,Rawalpindi,Punjab,33.621802540191,73.04135799408,0,3 Marla,For Rent,0,06-28-2019,Mujahid Estate Property Advisor,Fazal Akram,3.0,3 Marla
15046684,7079,https://www.zameen.com/Property/nazimabad_nazimabad_block_2_1496_sq_yd_spacious_flat_for_sale_at_4th_floor-15046684-7079-1.html,Flat,7000000,Nazimabad,Karachi,Sindh,24.907210481843,67.03505707599,3,6.6 Marla,For Sale,3,03-07-2019,RealEstate Hub Direct,Unassigned,6.6,6.6 Marla
17466768,3147,https://www.zameen.com/Property/cbr_town_cbr_town_phase_1_portion_is_available_for_rent-17466768-3147-4.html,Upper Portion,35000,CBR Town,Islamabad,Islamabad Capital,33.559385,73.141265,0,14.2 Marla,For Rent,3,07-24-2019,DHS Housing Solutions,Ahmad Choudhary,14.2,14.2 Marla
17295580,6655,https://www.zameen.com/Property/malir_cantonment_askari_5_askari_5_sector_g_malir_cantt_karachi-17295580-6655-1.html,House,75000000,Cantt,Karachi,Sindh,24.937425,67.182856,3,4.8 Marla,For Sale,3,07-15-2019,A & I Group Of Companies,Ai Group Of Company,4.8,4.8 Marla
17379208,3068,https://www.zameen.com/Property/bahria_town_phase_8_safari_valley_bahria_town_phase_8_usman_block_great_opportunity_for_you_to_have_the_property_of_your_choice-17379208-3068-4.html,House,47000,Bahria Town Rawalpindi,Rawalpindi,Punjab,33.488368,73.09423,4,7 Marla,For Rent,4,07-22-2019,Khatana Estate & Builders,Ch. Mehmood Anjum S,7.0,7 Marla
17354226,3230,https://www.zameen.com/Property/e_11_e_11_1_a_outclass_ground_portion_available_for_rent-17354226-3230-4.html,Lower Portion,85000,E-11,Islamabad,Islamabad Capital,33.693852,72.970591,4,1 Kanal,For Rent,3,07-18-2019,Universal Estate & Consultants  PVT (LTD),AHMED ABBAS,20.0,1 Kanal
17315119,9030,https://www.zameen.com/Property/bahria_town_karachi_bahria_apartments_apartment_available_for_rent_in_bahria_apartments-17315119-9030-4.html,Flat,22500,Bahria Town Karachi,Karachi,Sindh,25.020961,67.321172,2,4.2 Marla,For Rent,2,07-17-2019,Real Investment Consultants,Boez Ayub,4.2,4.2 Marla
17266636,8856,https://www.zameen.com/Property/gadap_town_saima_arabian_villas_dua_enterprises_offers_160_sq__yards_west_open_bungalow_in_saima_arabian_villas_block_h-17266636-8856-1.html,House,9800000,Gadap Town,Karachi,Sindh,25.004868,67.041096,0,6.4 Marla,For Sale,3,07-13-2019,Dua Enterprises,Nakshab Tariq,6.4,6.4 Marla
17419599,1775,https://www.zameen.com/Property/bahria_town_sector_b_bahria_town_shaheen_block_1_kanal_facing_park_brand_new_luxurious_house_shaheen_block_btl-17419599-1775-1.html,House,47500000,Bahria Town,Lahore,Punjab,31.385516,74.188857,6,1 Kanal,For Sale,6,07-22-2019,Mash Allah Estate & Builders,Azam Ali,20.0,1 Kanal
15322138,3964,https://www.zameen.com/Property/johar_town_phase_2_johar_town_phase_2_block_g4_5_marla_single_storey_house_for_sale_in_g4_block_johar_town_lhr-15322138-3964-1.html,House,10500000,Johar Town,Lahore,Punjab,31.474389,74.269123,2,5 Marla,For Sale,1,05-03-2019,Goraya Real Estate & Builders,Ch Javed Kamboh,5.0,5 Marla
17107885,509,https://www.zameen.com/Property/lahore_bahria_town_lavish_5_marla_house_available_for_sale_in_bahria_town_lahore-17107885-509-1.html,House,9000000,Bahria Town,Lahore,Punjab,31.380313,74.187183,4,5 Marla,For Sale,3,07-04-2019,UPN (Universal Property Network),Zia Mustafa,5.0,5 Marla
16377885,128,https://www.zameen.com/Property/lahore_raiwind_road_2_5_marla_house_for_sale_on_raiwind_road-16377885-128-1.html,House,2800000,Raiwind Road,Lahore,Punjab,31.429249,74.230785,2,2.5 Marla,For Sale,2,06-02-2019,One 2 One Deal,Sheikh Alamgir,2.5,2.5 Marla
17294143,3075,https://www.zameen.com/Property/dha_phase_1_sector_f_dha_phase_1_defence_villas_ideal_location_defence_villa_for_sale-17294143-3075-1.html,House,21000000,DHA Defence,Islamabad,Islamabad Capital,33.508481,73.091826,3,11 Marla,For Sale,3,07-15-2019,Sami Associates,Adnan Sami,11.0,11 Marla
17400690,1006,https://www.zameen.com/Property/lahore_pak_arab_housing_society_d_block_house__for_sale-17400690-1006-1.html,House,12500000,Pak Arab Housing Society,Lahore,Punjab,31.432105,74.349117,4,5 Marla,For Sale,3,07-20-2019,RealEstate Hub Direct,Unassigned,5.0,5 Marla
17300223,3071,https://www.zameen.com/Property/bahria_town_phase_8_bahria_town_phase_8_rafi_block_park_face_8_marla_basement_ground_portion_for_rent_-17300223-3071-4.html,Lower Portion,40000,Bahria Town Rawalpindi,Rawalpindi,Punjab,33.50297,73.102169,5,8 Marla,For Rent,4,07-15-2019,Symble Properties,Mr Safeer,8.0,8 Marla
16840624,6823,https://www.zameen.com/Property/gulistan_e_jauhar_gulistan_e_jauhar_block_1_under_construction_project_is_available_for_sale-16840624-6823-1.html,Flat,10000000,Gulistan-e-Jauhar,Karachi,Sindh,24.927151,67.119327,3,5.8 Marla,For Sale,3,06-28-2019,Mazhar Associates,Ahmed Mazhar,5.8,5.8 Marla
16850340,1483,https://www.zameen.com/Property/d_h_a_dha_phase_6_3_bedrooms_apartment_for_rent_in_dha_karachi_phase_6-16850340-1483-4.html,Flat,90000,DHA Defence,Karachi,Sindh,24.805045,67.064323,3,8 Marla,For Rent,3,07-11-2019,CITI Associates,ZEESHAN BAJWA,8.0,8 Marla
15893326,445,https://www.zameen.com/Property/islamabad_korang_town_ground_portion_is_available_for_rent-15893326-445-4.html,Lower Portion,22000,Korang Town,Islamabad,Islamabad Capital,33.579034,73.139591,0,7 Marla,For Rent,2,05-05-2019,Qadeer Real Estate & Builders,mohsin gujjar,7.0,7 Marla
17322136,509,https://www.zameen.com/Property/lahore_bahria_town_11_marla_brand_new_double_unit_house_gulbahar_block_btl-17322136-509-1.html,House,25500000,Bahria Town,Lahore,Punjab,31.380313,74.187183,6,11 Marla,For Sale,5,07-16-2019,Mash Allah Estate & Builders,Azam Ali,11.0,11 Marla
16942558,69,https://www.zameen.com/Property/lahore_cavalry_ground_house_is_available_for_sale-16942558-69-1.html,House,16000000,Cavalry Ground,Lahore,Punjab,31.500556,74.367728,0,10 Marla,For Sale,5,06-26-2019,Javaid Bhai Property Consultants,"Mr. Usman, Mr Javaid",10.0,10 Marla
14122687,1517,https://www.zameen.com/Property/lahore_t_t_aabpara_housing_society_1_kanal_beautifully_designed_grey_structure_house-14122687-1517-1.html,House,16500000,T & T Aabpara Housing Society,Lahore,Punjab,31.413355,74.239926,8,1 Kanal,For Sale,6,02-03-2019,Al Hamd Estate & Builders,Mahmood Ahmed,20.0,1 Kanal
15031606,13047,https://www.zameen.com/Property/dha_city_sector_3_dha_city_sector_3a_sector_3a__dha_city_karachi_outstanding_fresh_booking_apartment_available_for_sale-15031606-13047-1.html,Flat,12500000,DHA City Karachi,Karachi,Sindh,25.033978,67.450817,3,6.6 Marla,For Sale,3,04-06-2019,Karars Builders & Property Consultants,Sumair Karar,6.6,6.6 Marla
3968998,11579,https://www.zameen.com/Property/karachi_navy_housing_scheme_karsaz_350_yard_brand_new_6_bed_dd_navy_housing_karsaz-3968998-11579-1.html,House,105000000,Navy Housing Scheme Karsaz,Karachi,Sindh,24.893299,67.103462,6,14 Marla,For Sale,6,06-07-2019,BEC Consultants,ARehman,14.0,14 Marla
16806142,1503,https://www.zameen.com/Property/askari_askari_11_a_beautifully_built_house_at_good_location-16806142-1503-4.html,House,53000,Askari,Lahore,Punjab,31.460187,74.432459,3,10 Marla,For Rent,3,06-24-2019,Cantt Property,Khawar Nadeem,10.0,10 Marla
16823439,6738,https://www.zameen.com/Property/surjani_town_surjani_town_sector_7a__type_a__3_rooms_super_luxury_apartments_is_available_for_sale_in_surjani_town_sector_7a-16823439-6738-1.html,Flat,2800000,Gadap Town,Karachi,Sindh,25.036072,67.065954,2,3.1 Marla,For Sale,2,06-21-2019,The Landers International,Muhammad Adeel,3.1,3.1 Marla
17198183,424,https://www.zameen.com/Property/islamabad_pwd_housing_scheme_10_marla_house_for_rent_in_pwd_islamabad_near_pakistan_town_soan_garden_and_cbr_town-17198183-424-4.html,House,50000,PWD Housing Scheme,Islamabad,Islamabad Capital,33.570792,73.145256,0,10 Marla,For Rent,0,07-09-2019,Benchmark Associate,M Hassan Imtiaz,10.0,10 Marla
12821996,720,https://www.zameen.com/Property/rawalpindi_lalkurti_house_for_rent_ordinance_road_lalkurti_near_army_public_school-12821996-720-4.html,House,35000,Lalkurti,Rawalpindi,Punjab,33.582028,73.058222,2,7 Marla,For Rent,3,10-20-2018,RealEstate Hub Direct,Unassigned,7.0,7 Marla
17045645,377,https://www.zameen.com/Property/lahore_samanabad_double_storey_house_is_available_for_sale-17045645-377-1.html,House,16500000,Samanabad,Lahore,Punjab,31.539206,74.305515,0,10 Marla,For Sale,4,07-01-2019,Al Waheed Estate & Builders,Haris Waseem,10.0,10 Marla
16792627,8550,https://www.zameen.com/Property/faisalabad_officers_colony_lower_portion_is_available_for_rent-16792627-8550-4.html,Lower Portion,25000,Officers Colony,Faisalabad,Punjab,31.429589,73.142782,0,7 Marla,For Rent,0,06-18-2019,Azeem Estate Agency,"Azeem Amjad, Amjad Hussain Shah",7.0,7 Marla
16692268,4508,https://www.zameen.com/Property/al_rehman_garden_al_rehman_garden_phase_4_5_marla_double_storey_house_available_on_rent-16692268-4508-4.html,House,30000,Al Rehman Garden,Lahore,Punjab,31.579852,74.476962,4,5 Marla,For Rent,4,06-24-2019,Malik Hadi Estate  Builders,Anas,5.0,5 Marla
16761502,6691,https://www.zameen.com/Property/federal_b_area_federal_b_area_block_7_well_built_apartment_available_in_good_location-16761502-6691-1.html,Flat,4700000,Federal B Area,Karachi,Sindh,24.926606,67.067707,1,2.8 Marla,For Sale,2,06-20-2019,Shahzad Property Dealer,S. A Shad,2.8,2.8 Marla
16967972,1463,https://www.zameen.com/Property/malir_kazimabad_g_1_house_is_available_for_sale_at_good_location-16967972-1463-1.html,House,19500000,Malir,Karachi,Sindh,24.91059,67.18577,4,4.8 Marla,For Sale,4,06-29-2019,Asasa Estate,Ashfaq Mughal,4.8,4.8 Marla
14048137,9152,https://www.zameen.com/Property/airport_housing_society_airport_housing_society_sector_1_1_kanal_double_storey_house_for_sale-14048137-9152-1.html,House,20500000,Airport Housing Society,Rawalpindi,Punjab,33.596452,73.130761,7,1 Kanal,For Sale,7,01-05-2019,RealEstate Hub Direct,Unassigned,20.0,1 Kanal
15924516,8304,https://www.zameen.com/Property/bahria_greens_overseas_enclave_bahria_greens_overseas_enclave_sector_5_1_kanal_upper_portion_for_rent-15924516-8304-4.html,Upper Portion,50000,Bahria Town Rawalpindi,Rawalpindi,Punjab,33.502004,73.074353,3,1 Kanal,For Rent,3,05-06-2019,RealEstate Hub Direct,Unassigned,20.0,1 Kanal
17336615,1484,https://www.zameen.com/Property/d_h_a_dha_phase_7_rent_bungalow_500_yards-17336615-1484-4.html,House,225000,DHA Defence,Karachi,Sindh,24.821639,67.071691,5,1 Kanal,For Rent,4,07-17-2019,Advance Properties,Yasir Munir,20.0,1 Kanal
16733209,4137,https://www.zameen.com/Property/park_view_villas_park_view_villas_topaz_block_the_good_location_house_for_investment_purpose-16733209-4137-1.html,House,15000000,Park View Villas,Lahore,Punjab,31.455172,74.202454,5,10 Marla,For Sale,5,06-19-2019,Smart Links Associates & Builders,Abbas Shamsi,10.0,10 Marla
17168650,498,https://www.zameen.com/Property/lahore_gulshan_e_lahore_5_marla_used_house_for_sale-17168650-498-1.html,House,13000000,Gulshan-e-Lahore,Lahore,Punjab,31.424488,74.252458,4,5 Marla,For Sale,4,07-10-2019,RealEstate Hub Direct,Unassigned,5.0,5 Marla
17121481,426,https://www.zameen.com/Property/rawalpindi_airport_housing_society_5marla_ground_portion_is_available_for_rent-17121481-426-4.html,Lower Portion,13000,Airport Housing Society,Rawalpindi,Punjab,33.590885,73.133533,2,5 Marla,For Rent,1,07-05-2019,Fair Deal Real Estate,Wajahat Ali Qureshi,5.0,5 Marla
13151381,9613,https://www.zameen.com/Property/g_11_3_warda_hamna_residencia_ii_g_11_3_flat_is_available_for_rent_new_apartments_1st_entry-13151381-9613-4.html,Flat,75000,G-11,Islamabad,Islamabad Capital,33.674768,72.99846,3,7.6 Marla,For Rent,3,05-05-2019,Ash'hab Enterprises,ASH'HUBZ Google Us,7.6,7.6 Marla
17064539,4190,https://www.zameen.com/Property/state_life_housing_society_state_life_housing_phase_1_5_marla_lavish_house_for_sale_in_state_life_housing-17064539-4190-1.html,House,9000000,State Life Housing Society,Lahore,Punjab,31.446824,74.404736,4,5 Marla,For Sale,3,07-02-2019,Yaseen Associates & Builders,Muhammad Imran,5.0,5 Marla
13262494,681,https://www.zameen.com/Property/karachi_liaquatabad_penthouse_5th_floor_is_available_for_sale-13262494-681-1.html,Penthouse,4500000,Liaquatabad,Karachi,Sindh,24.903253,67.052279,2,4.8 Marla,For Sale,2,11-19-2018,RealEstate Hub Direct,Unassigned,4.8,4.8 Marla
12021331,4357,https://www.zameen.com/Property/lahore_kot_lakhpat_3_marla_triple_storey_house_for_sale-12021331-4357-1.html,House,6500000,Kot Lakhpat,Lahore,Punjab,31.448875,74.332094,4,3 Marla,For Sale,7,09-06-2018,RealEstate Hub Direct,Unassigned,3.0,3 Marla
8911850,329,https://www.zameen.com/Property/islamabad_e_11_apartment_at_khudadad_heights-8911850-329-1.html,Flat,6900000,E-11,Islamabad,Islamabad Capital,33.698137,72.978215,2,8 Marla,For Sale,2,07-04-2019,RealEstate Hub Direct,Unassigned,8.0,8 Marla
16804171,1448,https://www.zameen.com/Property/dha_defence_dha_phase_6_5_marla_beautiful_house_for_rent_in_dha_lahore_phase_6-16804171-1448-4.html,House,55000,DHA Defence,Lahore,Punjab,31.471571,74.445906,3,5 Marla,For Rent,3,07-10-2019,Relations,Aurangzaib Bhatti,5.0,5 Marla
16689612,340,https://www.zameen.com/Property/islamabad_bani_gala_the_best_house_for_living_purpose-16689612-340-4.html,House,30000,Bani Gala,Islamabad,Islamabad Capital,33.713488,73.16268,2,13 Marla,For Rent,2,06-20-2019,Madina Property Advisor,Fareed Abbassi,13.0,13 Marla
17345920,7292,https://www.zameen.com/Property/karachi_sea_view_apartments_3_bedrooms_flat_for_rent-17345920-7292-4.html,Flat,125000,Sea View Apartments,Karachi,Sindh,24.791838,67.044668,3,10.7 Marla,For Rent,3,07-17-2019,MD Real Estate,Mohsin,10.7,10.7 Marla
17341141,8137,https://www.zameen.com/Property/rawalpindi_kurri_road_double_storey_house_is_available_for_sale-17341141-8137-1.html,House,3500000,Kurri Road,Rawalpindi,Punjab,33.635881398191,73.090796470642,0,2 Marla,For Sale,0,07-17-2019,Raja Property Advisor,Raja Akbar,2.0,2 Marla
17189561,3330,https://www.zameen.com/Property/g_11_g_11_1_the_best_portion_available_for_living_purpose-17189561-3330-4.html,Lower Portion,43000,G-11,Islamabad,Islamabad Capital,33.663818,72.99526,2,7 Marla,For Rent,2,07-10-2019,AK Real Estate,Hassan Khan,7.0,7 Marla
14709109,1483,https://www.zameen.com/Property/d_h_a_dha_phase_6_brand_new_apartment_for_rent_3_bed_dd_with_lift_and_with_reserved_car_parking_phase_6_dha-14709109-1483-4.html,Flat,75000,DHA Defence,Karachi,Sindh,24.805045,67.064323,3,7.8 Marla,For Rent,3,07-14-2019,Dynamic Realtor,Muhammad Touseef,7.8,7.8 Marla
17076367,8399,https://www.zameen.com/Property/dha_defence_phase_2_dha_phase_2_sector_j_portion_for_rent__sector_j_corner_spacious_home_dha_2_islamabad-17076367-8399-4.html,Upper Portion,55000,DHA Defence,Islamabad,Islamabad Capital,33.536959,73.175418,3,1 Kanal,For Rent,3,07-03-2019,Habro Estate & Builders,Mr Sheryar Hassan,20.0,1 Kanal
17396180,1503,https://www.zameen.com/Property/askari_askari_11_10_marla_3_bed_house_for_rent_in_askari_11-17396180-1503-4.html,House,52000,Askari,Lahore,Punjab,31.460187,74.432459,4,10 Marla,For Rent,3,07-20-2019,Hanzla Estate,yasir raza,10.0,10 Marla
17204247,3748,https://www.zameen.com/Property/eme_society_eme_society_block_d_a_beautifully_built_house_available_for_sale-17204247-3748-1.html,House,55000000,EME Society,Lahore,Punjab,31.434668,74.214005,5,1 Kanal,For Sale,5,07-11-2019,Abdullah Associates,Amanat Ali,20.0,1 Kanal
16956321,9889,https://www.zameen.com/Property/lahore_canal_fort_ii_double_storey_house_for_sale-16956321-9889-1.html,House,10000000,Canal Fort II,Lahore,Punjab,31.585176,74.499197,4,10 Marla,For Sale,4,06-28-2019,G. M Traders & Builders,Ghulam Muhammad,10.0,10 Marla
8642591,1483,https://www.zameen.com/Property/d_h_a_dha_phase_6_brand_new_house_for_sale-8642591-1483-1.html,House,500000000,DHA Defence,Karachi,Sindh,24.805045,67.064323,7,4 Kanal,For Sale,6,07-18-2019,RealEstate Hub Direct,Unassigned,80.0,4 Kanal
16883831,645,https://www.zameen.com/Property/faisalabad_millat_town_the_best_house_for_living_purpose_in_millat_town-16883831-645-1.html,House,3500000,Millat Town,Faisalabad,Punjab,31.493164,73.102634,0,3 Marla,For Sale,0,06-25-2019,Al Nazir Estate Advisor,Ahsan Nazir Kenth,3.0,3 Marla
17147432,6836,https://www.zameen.com/Property/gulistan_e_jauhar_gulistan_e_jauhar_block_12_farhan_classic_flat_is_available_for_sale-17147432-6836-1.html,Flat,8000000,Gulistan-e-Jauhar,Karachi,Sindh,24.916185,67.135196,2,4.2 Marla,For Sale,2,07-09-2019,METRO ESTATE & BUILDERS,Shamail Ahmed,4.2,4.2 Marla
16999483,12756,https://www.zameen.com/Property/faisalabad_samanabad_road_5_marla_double_storey_house_for_sale-16999483-12756-1.html,House,9000000,Samanabad Road,Faisalabad,Punjab,31.391063,73.071401,4,5 Marla,For Sale,7,07-03-2019,RealEstate Hub Direct,Unassigned,5.0,5 Marla
16112065,1359,https://www.zameen.com/Property/lahore_revenue_society_owner_build_double_storey_house_for_sale_solid_work-16112065-1359-1.html,House,37500000,Revenue Society,Lahore,Punjab,31.448765,74.291825,6,18 Marla,For Sale,5,05-03-2019,Expanderz,M Raheel Iftikhar,18.0,18 Marla
17095190,1786,https://www.zameen.com/Property/bahria_town_sector_c_bahria_town_jasmine_block_10_marla_brand_new_house_for_sale_bahria_town_lahore_sector_c_block_jasmine-17095190-1786-1.html,House,24000000,Bahria Town,Lahore,Punjab,31.375843,74.189715,7,10 Marla,For Sale,5,07-03-2019,HMA Properties,Waseem Subhani,10.0,10 Marla
17051378,13659,https://www.zameen.com/Property/lahore_al_jannat_housing_society_kahna_double_storey_house_is_available_for_sale-17051378-13659-1.html,House,5000000,Al-Jannat Housing Society - Kahna,Lahore,Punjab,31.360227,74.384958,3,5 Marla,For Sale,3,07-04-2019,Chohan Property Exchange Real Estate Consultant,Sadaqat Chohan,5.0,5 Marla
17305477,499,https://www.zameen.com/Property/lahore_nasheman_e_iqbal_10_marla_brand_new_single_storey_house_available_for_sale-17305477-499-1.html,House,14000000,Nasheman-e-Iqbal,Lahore,Punjab,31.432398,74.249282,0,10 Marla,For Sale,0,07-16-2019,Siddique Associates & Builders,Amir Awan,10.0,10 Marla
16657233,8349,https://www.zameen.com/Property/f_8_the_centaurus_beautiful_luxury_well_furnished_3_bedroom_apartment_nice_views-16657233-8349-4.html,Flat,350000,F-8,Islamabad,Islamabad Capital,33.707982,73.050476,5,12 Marla,For Rent,3,06-16-2019,Jeddah Property,M Zubair H Mughal,12.0,12 Marla
17259889,1672,https://www.zameen.com/Property/dha_defence_dha_phase_2_extension_apartment_for_sale-17259889-1672-1.html,Flat,8500000,DHA Defence,Karachi,Sindh,24.832117,67.063637,2,4.4 Marla,For Sale,2,07-12-2019,Arsalan Associates,Sultani,4.4,4.4 Marla
15491538,6879,https://www.zameen.com/Property/gulshan_e_iqbal_gulshan_e_iqbal_block_17_ground_floor_flat_is_available_for_sale-15491538-6879-1.html,Flat,25000000,Gulshan-e-Iqbal Town,Karachi,Sindh,24.899565,67.081322,0,7.3 Marla,For Sale,3,05-06-2019,Zakria Real Estate & Marketing,Faisal Aziz,7.3,7.3 Marla
14078674,3070,https://www.zameen.com/Property/bahria_town_phase_8_safari_valley_bahria_town_phase_8_ali_block_portion_is_available_for_rent-14078674-3070-4.html,Upper Portion,23500,Bahria Town Rawalpindi,Rawalpindi,Punjab,33.49116,73.093243,0,7 Marla,For Rent,0,01-06-2019,RealEstate Hub Direct,Unassigned,7.0,7 Marla
17218047,8298,https://www.zameen.com/Property/karachi_bahria_town_karachi_flat_is_available_for_sale_merge_your_paradise_and_sports_city_balance_100_with_out_any_loss-17218047-8298-1.html,Flat,7000000,Bahria Town Karachi,Karachi,Sindh,24.894076,67.027715,2,4.9 Marla,For Sale,2,07-10-2019,Star Land Way Realtors & Builders,Malik Waseem Latif,4.9,4.9 Marla
17389734,3551,https://www.zameen.com/Property/architects_engineers_housing_society_architects_engineers_society_block_h_architect_kanal_upper_portion-17389734-3551-4.html,Upper Portion,32000,Architects Engineers Housing Society,Lahore,Punjab,31.44536,74.256978,3,1 Kanal,For Rent,2,07-19-2019,Estate Vision Property & Builders,Waheed Mirza,20.0,1 Kanal
8949655,3957,https://www.zameen.com/Property/johar_town_phase_1_johar_town_phase_1_block_f2_house_is_available_for_sale-8949655-3957-1.html,House,30000000,Johar Town,Lahore,Punjab,31.469558,74.28139,6,13 Marla,For Sale,5,07-02-2019,RealEstate Hub Direct,Unassigned,13.0,13 Marla
17280062,7217,https://www.zameen.com/Property/north_nazimabad_north_nazimabad_block_i_ground_1st_floor_house_is_available_for_sale-17280062-7217-1.html,House,65000000,North Nazimabad,Karachi,Sindh,24.948943,67.045097,0,1.2 Kanal,For Sale,2,07-14-2019,Paracha Associates,Waseem Paracha,24.0,1.2 Kanal
15044549,6822,https://www.zameen.com/Property/gulberg_town_gulshan_e_shameem_flat_for_sale_in_gulshan_e_shameem-15044549-6822-1.html,Flat,3890000,Gulberg Town,Karachi,Sindh,24.916779,67.074383,2,3.6 Marla,For Sale,2,03-07-2019,RealEstate Hub Direct,Unassigned,3.6,3.6 Marla
16053649,1483,https://www.zameen.com/Property/d_h_a_dha_phase_6_300_sq__yards_duplex_house_is_for_sale-16053649-1483-1.html,House,63000000,DHA Defence,Karachi,Sindh,24.805045,67.064323,4,12 Marla,For Sale,4,05-06-2019,Alpha Properties,Fayyaz,12.0,12 Marla
16719855,764,https://www.zameen.com/Property/islamabad_g_15_flat_available_on_installments_down_payment_15_lac-16719855-764-1.html,Flat,10000000,G-15,Islamabad,Islamabad Capital,33.631486,72.926559,3,6.9 Marla,For Sale,3,06-17-2019,Skyl Group,Engr Waseem Cheema,6.9,6.9 Marla
9583351,7193,https://www.zameen.com/Property/north_karachi_north_karachi_sector_11l_3_bed_apartment_for_sale_at_sanober_cottages-9583351-7193-1.html,Flat,7000000,North Karachi,Karachi,Sindh,24.983025,67.0681,2,4.8 Marla,For Sale,3,07-17-2019,RealEstate Hub Direct,Unassigned,4.8,4.8 Marla
17345972,509,https://www.zameen.com/Property/lahore_bahria_town_10_marla_brand_new_house_gulmohar_block_sector_c_btl-17345972-509-1.html,House,20500000,Bahria Town,Lahore,Punjab,31.380313,74.187183,6,10 Marla,For Sale,5,07-17-2019,Mash Allah Estate & Builders,Azam Ali,10.0,10 Marla
17174014,10011,https://www.zameen.com/Property/bahria_town_precinct_2_bahria_town_quaid_villas_quaid_villa_is_available_for_rent-17174014-10011-4.html,House,54000,Bahria Town Karachi,Karachi,Sindh,25.005301,67.30881,3,8 Marla,For Rent,3,07-09-2019,Real Investment Consultants,Boez Ayub,8.0,8 Marla
16523170,352,https://www.zameen.com/Property/faisalabad_others_house_is_available_for_sale-16523170-352-1.html,House,7500000,Others,Faisalabad,Punjab,31.4187,73.0791,0,5 Marla,For Sale,0,05-18-2019,Awami Estate Agency,Musawar Zia,5.0,5 Marla
13240873,3969,https://www.zameen.com/Property/johar_town_phase_2_johar_town_phase_2_block_j_10_marla_prime_location_house_near_canal_road-13240873-3969-1.html,House,27500000,Johar Town,Lahore,Punjab,31.472596,74.257278,5,10 Marla,For Sale,5,06-11-2019,Casa Estate & Developers,Khawaja Talha Humayun,10.0,10 Marla
15143454,8204,https://www.zameen.com/Property/khayaban_e_amin_khayaban_e_amin_block_e_5_marla_house_is_available_for_sale-15143454-8204-1.html,House,6800000,Khayaban-e-Amin,Lahore,Punjab,31.380093,74.264481,2,5 Marla,For Sale,3,03-05-2019,Green Wood Estate & Builders,Zeeshan Naveed,5.0,5 Marla
17039032,681,https://www.zameen.com/Property/karachi_liaquatabad_great_opportunity_for_you_to_have_the_property_of_your_choice-17039032-681-1.html,Upper Portion,2400000,Liaquatabad,Karachi,Sindh,24.903253,67.052279,1,1.8 Marla,For Sale,2,07-02-2019,Invest Property Point,Tasneem Sheikh,1.8,1.8 Marla
17237764,6694,https://www.zameen.com/Property/federal_b_area_federal_b_area_block_10_4th_floor_flat_available_for_sale_federal_b_area_block_10-17237764-6694-1.html,Flat,8000000,Federal B Area,Karachi,Sindh,24.932755,67.065818,0,5.3 Marla,For Sale,0,07-11-2019,Shah Estate & Builders,Dilawar,5.3,5.3 Marla
17043288,5047,https://www.zameen.com/Property/samundari_road_sehgal_city_house_is_available_for_sale-17043288-5047-1.html,House,3000000,Samundari Road,Faisalabad,Punjab,31.34583,73.068523,0,2.5 Marla,For Sale,0,07-03-2019,City Property Advisor,"M. Usman, Mian Shahid",2.5,2.5 Marla
15753269,232,https://www.zameen.com/Property/karachi_gulistan_e_jauhar_portion_is_available_for_rent-15753269-232-4.html,Lower Portion,25000,Gulistan-e-Jauhar,Karachi,Sindh,24.926606,67.130384,0,4.8 Marla,For Rent,0,04-19-2019,RealEstate Hub Direct,Unassigned,4.8,4.8 Marla
17028931,1622,https://www.zameen.com/Property/dha_phase_6_dha_phase_6_block_n_1_kanal_brand_new_house_for_sale_with_best_offer-17028931-1622-1.html,House,47500000,DHA Defence,Lahore,Punjab,31.487455,74.468894,6,1 Kanal,For Sale,5,07-01-2019,Summit Estate,Seinum Qureshi,20.0,1 Kanal
17303635,10610,https://www.zameen.com/Property/bahria_town_phase_8_bahria_town_phase_8_safari_homes_double_story_house_is_available_for_rent-17303635-10610-4.html,House,40000,Bahria Town Rawalpindi,Rawalpindi,Punjab,33.50136,73.108691,3,8 Marla,For Rent,3,07-17-2019,Mian Estate & Builders,Mian Estate,8.0,8 Marla
14452547,8484,https://www.zameen.com/Property/dha_phase_5_badar_commercial_area_2_bedroom_well_maintain__apartment__for_sale_in_badar_commercial_dha_phase_5-14452547-8484-1.html,Flat,7500000,DHA Defence,Karachi,Sindh,24.798481,67.045716,2,4 Marla,For Sale,2,06-05-2019,Aklins Properties,Muhammad Sarfraz,4.0,4 Marla
16579755,9996,https://www.zameen.com/Property/lahore_lalazaar_garden_here_is_a_good_opportunity_to_live_in_a_well_built_house-16579755-9996-1.html,House,9500000,Lalazaar Garden,Lahore,Punjab,31.509067,74.246771,3,4 Marla,For Sale,3,07-03-2019,Malaika Estate & Builders,Ashfaq Bhatti,4.0,4 Marla
16038241,163,https://www.zameen.com/Property/islamabad_f_11_lower_ground_furnished_apartment_is_available_for_rent-16038241-163-4.html,Flat,40000,F-11,Islamabad,Islamabad Capital,33.683532,72.99041,0,5 Marla,For Rent,0,05-18-2019,Zamin Property,Syed Fazail Kazmi,5.0,5 Marla
16941214,174,https://www.zameen.com/Property/islamabad_i_8_60x90_well_settled_double_storey_corner_house_for_sale-16941214-174-1.html,House,82500000,I-8,Islamabad,Islamabad Capital,33.668497,73.07416,6,1.2 Kanal,For Sale,6,06-26-2019,Madni Associates,Rana BilalRana M Sher,24.0,1.2 Kanal
15444311,11972,https://www.zameen.com/Property/bahria_enclave_bahria_enclave_sector_b1_5_marla_brand_new_house_available_for_rent_in_sector_b1_bahria_enclave_islamabad-15444311-11972-4.html,House,50000,Bahria Town,Islamabad,Islamabad Capital,33.698472,73.223812,3,5 Marla,For Rent,3,06-16-2019,Aaliyan Enterprises,Umer javed,5.0,5 Marla
16549062,1252,https://www.zameen.com/Property/faisalabad_gulshan_e_madina_beautiful_double_storey_house_for_sale_in_gulshanemadina_phase_ii-16549062-1252-1.html,House,17000000,Gulshan e Madina,Faisalabad,Punjab,31.421696,73.118615,6,12 Marla,For Sale,4,06-17-2019,RealEstate Hub Direct,Unassigned,12.0,12 Marla
17390947,4890,https://www.zameen.com/Property/east_canal_road_abdullah_gardens_here_is_a_good_opportunity_to_live_in_a_well_built_house-17390947-4890-1.html,House,60000000,Canal Road,Faisalabad,Punjab,31.449026,73.168873,0,1.1 Kanal,For Sale,0,07-22-2019,Pasha Estate,"S. A Pasha, Ahsan Pasha",22.0,1.1 Kanal
16563667,534,https://www.zameen.com/Property/faisalabad_satiana_road_house_is_available_for_rent-16563667-534-4.html,House,35000,Satiana Road,Faisalabad,Punjab,31.37861,73.129245,0,5 Marla,For Rent,4,06-16-2019,Al Qasim Estate Agency,"Daud Ahmad(Co-CEO), Shafique Arshad Waince(Co-CEO), Zafar Iqbal Bajwa (CEO)",5.0,5 Marla
12602516,4030,https://www.zameen.com/Property/military_accounts_housing_society_military_accounts_society_block_a_house_for_sale-12602516-4030-1.html,House,16000000,Military Accounts Housing Society,Lahore,Punjab,31.421742,74.282985,0,8 Marla,For Sale,0,10-06-2018,RealEstate Hub Direct,Unassigned,8.0,8 Marla
13175081,1418,https://www.zameen.com/Property/islamabad_i_12_pha_ground_floor_flat_for_sale_in_i_12_islamabad-13175081-1418-1.html,Flat,3800000,I-12,Islamabad,Islamabad Capital,33.629628,73.002419,2,4 Marla,For Sale,2,12-06-2018,RealEstate Hub Direct,Unassigned,4.0,4 Marla
15602109,79,https://www.zameen.com/Property/lahore_faisal_town_brand_new_10_marla_house_for_sale-15602109-79-1.html,House,21500000,Faisal Town,Lahore,Punjab,31.478013,74.304285,6,10 Marla,For Sale,4,06-19-2019,RealEstate Hub Direct,Unassigned,10.0,10 Marla
15011693,6848,https://www.zameen.com/Property/gulistan_e_jauhar_sindh_baloch_housing_society_200_square_yards_house_for_sale-15011693-6848-1.html,House,24500000,Gulistan-e-Jauhar,Karachi,Sindh,24.913043,67.138229,7,8 Marla,For Sale,6,03-19-2019,RealEstate Hub Direct,Unassigned,8.0,8 Marla
14750265,6827,https://www.zameen.com/Property/gulistan_e_jauhar_gulistan_e_jauhar_block_3_a_kings_palm_residency_3_bed_corner_west_open_flat-14750265-6827-1.html,Flat,16000000,Gulistan-e-Jauhar,Karachi,Sindh,24.923142,67.134826,4,8 Marla,For Sale,3,07-02-2019,Shah Associates,Shahzaib Ali,8.0,8 Marla
17103732,11306,https://www.zameen.com/Property/malir_cantonment_old_falcon_complex__afohs__sd_house_is_available_for_sale-17103732-11306-1.html,House,55000000,Cantt,Karachi,Sindh,24.957538,67.218252,4,14 Marla,For Sale,4,07-04-2019,Delta Estate & Builders,"Brigadier (R) Anis Ahmed, SI(M)",14.0,14 Marla
8436686,11088,https://www.zameen.com/Property/karachi_falcon_complex_faisal_falcon_complex_faisal_shaheed_e_millat_350_sq_yard_west_open_house_for_sale-8436686-11088-1.html,House,85000000,Falcon Complex Faisal,Karachi,Sindh,24.865828,67.088388,5,14 Marla,For Sale,4,06-05-2019,BEC Consultants,ARehman,14.0,14 Marla
16893776,6838,https://www.zameen.com/Property/gulistan_e_jauhar_gulistan_e_jauhar_block_14_g1st_floor_house_is_available_for_sale-16893776-6838-1.html,House,45000000,Gulistan-e-Jauhar,Karachi,Sindh,24.920384,67.129162,0,16 Marla,For Sale,6,06-27-2019,RealEstate Hub Direct,Unassigned,16.0,16 Marla
17235283,7209,https://www.zameen.com/Property/north_nazimabad_north_nazimabad_block_a_single_story_house_is_available_for_sale-17235283-7209-1.html,House,26500000,North Nazimabad,Karachi,Sindh,24.932405,67.030249,0,8 Marla,For Sale,0,07-11-2019,Baig Associates,Ibrahim sheikh,8.0,8 Marla
16535192,1797,https://www.zameen.com/Property/bahria_town_sector_d_bahria_town_block_aa_5_marla_band_new_owner_build_house_for_sale_in_bahria_town_lahore-16535192-1797-1.html,House,11500000,Bahria Town,Lahore,Punjab,31.375514,74.172735,0,5 Marla,For Sale,0,06-11-2019,Fine Estate & Builders,Najaf Ali,5.0,5 Marla
12301998,1705,https://www.zameen.com/Property/bahria_town_bahria_enclave_bahria_5_marla_independent_house_sector_h_for_rent-12301998-1705-4.html,House,60000,Bahria Town,Islamabad,Islamabad Capital,33.692638,73.218813,3,5 Marla,For Rent,3,10-07-2018,RealEstate Hub Direct,Unassigned,5.0,5 Marla
17423390,1474,https://www.zameen.com/Property/lahore_bahria_orchard_the_best_house_available_for_living_purpose-17423390-1474-1.html,House,18300000,Bahria Orchard,Lahore,Punjab,31.317861,74.21814,4,1 Kanal,For Sale,4,07-23-2019,Athar Associates & Real Estate (Bahria Orchard),Zeeshan,20.0,1 Kanal
17235401,3069,https://www.zameen.com/Property/bahria_town_phase_8_safari_valley_bahria_town_phase_8_abu_bakar_block_beautiful_house_available_for_rent-17235401-3069-4.html,House,40000,Bahria Town Rawalpindi,Rawalpindi,Punjab,33.495991,73.100195,3,8 Marla,For Rent,3,07-11-2019,Eiffel Estate,Rana Javed,8.0,8 Marla
17340119,9031,https://www.zameen.com/Property/bahria_town_precinct_2_bahria_homes_iqbal_villas_iqbal_villa_is_available_for_sale-17340119-9031-1.html,House,15000000,Bahria Town Karachi,Karachi,Sindh,25.009119,67.307179,3,6.1 Marla,For Sale,3,07-17-2019,RealEstate Hub Direct,Unassigned,6.1,6.1 Marla
10240353,1454,https://www.zameen.com/Property/dha_defence_dha_phase_3_2_kanal_house_for_sale_in_dha_phase_3-10240353-1454-1.html,House,100000000,DHA Defence,Lahore,Punjab,31.475378,74.373808,6,2 Kanal,For Sale,5,10-06-2018,Nazir Estate,Nazir Rehmat,40.0,2 Kanal
16831666,3532,https://www.zameen.com/Property/allama_iqbal_town_allama_iqbal_town_jahanzeb_block_4_6_marla_brand_new_double_story_house_for_sale_allama_iqbal_town_multan_road_lahore-16831666-3532-1.html,House,13500000,Allama Iqbal Town,Lahore,Punjab,31.525215,74.290652,3,5 Marla,For Sale,3,07-02-2019,Abid Estate Agency,Abid Saleem,5.0,5 Marla
16689010,4506,https://www.zameen.com/Property/al_rehman_garden_al_rehman_garden_phase_2_here_is_a_good_opportunity_to_live_in_a_well_built_house-16689010-4506-1.html,House,9000000,Al Rehman Garden,Lahore,Punjab,31.598824,74.228218,4,5 Marla,For Sale,3,06-11-2019,Al Raqeeb Real Estate,Syed Shahid,5.0,5 Marla
17067148,232,https://www.zameen.com/Property/karachi_gulistan_e_jauhar_iqra_complex_black_17_vip_location_morber_floors_1st_floor_vip_location-17067148-232-4.html,Flat,18000,Gulistan-e-Jauhar,Karachi,Sindh,24.926606,67.130384,3,5.6 Marla,For Rent,0,07-03-2019,ST Real Estate Management,M. Sumair Shahid,5.6,5.6 Marla
12879816,9012,https://www.zameen.com/Property/rawalpindi_rail_view_housing_society_newly_construct__house_for_sale-12879816-9012-1.html,House,5100000,Rail View Housing Society,Rawalpindi,Punjab,33.596886,73.119657,2,4 Marla,For Sale,2,11-06-2018,RealEstate Hub Direct,Unassigned,4.0,4 Marla
16172508,10169,https://www.zameen.com/Property/g_15_zarkon_heights_islamabad_g15_one_bed_luxury_apartment_on_easy_installments-16172508-10169-1.html,Flat,4000000,G-15,Islamabad,Islamabad Capital,33.637407,72.927834,1,2.3 Marla,For Sale,1,06-12-2019,Ettemad Enterprise,MIAN,2.3,2.3 Marla
17295067,12264,https://www.zameen.com/Property/islamabad_highway_wakeel_colony_double_storey_house_in_available_for_sale-17295067-12264-1.html,House,6000000,Islamabad Highway,Rawalpindi,Punjab,33.600268,73.129443,0,4.5 Marla,For Sale,0,07-15-2019,Malik Abdullah Real Estate,Malik Ibrar,4.5,4.5 Marla
17283574,173,https://www.zameen.com/Property/islamabad_i_10_here_is_a_good_opportunity_to_live_in_a_well_built_portion__-17283574-173-4.html,Lower Portion,30000,I-10,Islamabad,Islamabad Capital,33.648922,73.038969,2,5 Marla,For Rent,2,07-16-2019,Saif Property,Asad,5.0,5 Marla
17279678,174,https://www.zameen.com/Property/islamabad_i_8_i8_one_kanal_upper_portion_with_very_cheap_rent-17279678-174-4.html,House,75000,I-8,Islamabad,Islamabad Capital,33.668497,73.07416,4,1 Kanal,For Rent,4,07-14-2019,Margalla Estate Property Consultant,Afraz Satti,20.0,1 Kanal
17222748,9522,https://www.zameen.com/Property/karachi_abul_hassan_isphani_road_2_bed_d_d_flat_for_rent_4th_floor_west_open_rabia_flower__on_main_abul_hassan_asphani_road-17222748-9522-4.html,Flat,15000,Abul Hassan Isphani Road,Karachi,Sindh,24.941817,67.098056,2,3.1 Marla,For Rent,2,07-16-2019,Online Associates,Arshad khan,3.1,3.1 Marla
17301806,1797,https://www.zameen.com/Property/bahria_town_sector_d_bahria_town_block_aa_designer_furnished_vip_brand_new_classic_house_for_sale-17301806-1797-1.html,House,12500000,Bahria Town,Lahore,Punjab,31.375514,74.172735,5,5 Marla,For Sale,3,07-15-2019,RealEstate Hub Direct,Unassigned,5.0,5 Marla
14996829,6691,https://www.zameen.com/Property/federal_b_area_federal_b_area_block_7_flat_for_sale_second_floor_hassan_lodge_main_road_aisha_manzil_newly_renovated-14996829-6691-1.html,Flat,7200000,Federal B Area,Karachi,Sindh,24.926605,67.0677,2,4.4 Marla,For Sale,2,03-19-2019,RealEstate Hub Direct,Unassigned,4.4,4.4 Marla
17088742,11163,https://www.zameen.com/Property/rawalpindi_tulsa_road_double_storey_house_is_available_for_rent-17088742-11163-4.html,House,55000,Tulsa Road,Rawalpindi,Punjab,33.567664,73.052858,0,7 Marla,For Rent,4,07-03-2019,AL Rehman Property,Zahid Mehmood,7.0,7 Marla
17354542,478,https://www.zameen.com/Property/rawalpindi_adiala_road_house_is_available_for_sale_in_green_villas-17354542-478-1.html,House,5100000,Adiala Road,Rawalpindi,Punjab,33.550869,73.056182,0,5 Marla,For Sale,2,07-18-2019,Adeel Real Estate & Builders,Adeel Shahzad Sheikh,5.0,5 Marla
16682305,1482,https://www.zameen.com/Property/d_h_a_dha_phase_5_brand_new_bungalow_is_available_for_sale-16682305-1482-1.html,House,120000000,DHA Defence,Karachi,Sindh,24.810265,67.043552,0,1 Kanal,For Sale,6,06-27-2019,Land Professional Associate,Chaudhry Munawar,20.0,1 Kanal
16059897,1483,https://www.zameen.com/Property/d_h_a_dha_phase_6_bungalow_is_available_for_sale-16059897-1483-1.html,House,95000000,DHA Defence,Karachi,Sindh,24.805045,67.064323,5,1 Kanal,For Sale,5,06-21-2019,Apex International,Apex International,20.0,1 Kanal
16968822,1487,https://www.zameen.com/Property/lahore_divine_gardens_house_is_available_for_sale-16968822-1487-1.html,House,13500000,Divine Gardens,Lahore,Punjab,31.502385,74.414506,0,8 Marla,For Sale,3,06-28-2019,Hassan Estate Real Estate Consultants & Builders,Muhammad Abubakar,8.0,8 Marla
17279549,6691,https://www.zameen.com/Property/federal_b_area_federal_b_area_block_7_new_6th_floor_flat_is_available_for_sale-17279549-6691-1.html,Flat,2500000,Federal B Area,Karachi,Sindh,24.926606,67.067707,0,2 Marla,For Sale,0,07-14-2019,Bismillah Estate,Syed Akber Shah,2.0,2 Marla
17101718,6837,https://www.zameen.com/Property/gulistan_e_jauhar_gulistan_e_jauhar_block_13_flat_available_for_sale_in_gulistan_e_jauhar_block_13-17101718-6837-1.html,Flat,6000000,Gulistan-e-Jauhar,Karachi,Sindh,24.912026,67.130733,3,5.8 Marla,For Sale,3,07-03-2019,Ahmed Enterprises,Muhammad Salar Abbasi,5.8,5.8 Marla
17051013,1800,https://www.zameen.com/Property/bahria_town_sector_d_bahria_town_block_dd_facing_park_10_marla_brand_new_house_dd_block_bahria_town-17051013-1800-1.html,House,20000000,Bahria Town,Lahore,Punjab,31.376393,74.167886,6,10 Marla,For Sale,5,07-02-2019,Mash Allah Estate & Builders,Azam Ali,10.0,10 Marla
11424892,1483,https://www.zameen.com/Property/d_h_a_dha_phase_6_brand_new_corner_bungalow_available_for_sale_in_most_reasonable_price_in_dha_phase_6_500_sq_yards-11424892-1483-1.html,House,125000000,DHA Defence,Karachi,Sindh,24.805045,67.064323,6,1 Kanal,For Sale,6,08-08-2018,RealEstate Hub Direct,Unassigned,20.0,1 Kanal
15143974,4396,https://www.zameen.com/Property/dream_gardens_phase_1_dream_gardens_phase_1_block_c_5_marla__house_is_available_for_sale_in_block_c_dream_garden_phase_1-15143974-4396-1.html,House,10000000,Defence Road,Lahore,Punjab,31.3944,74.212174,3,5 Marla,For Sale,3,06-04-2019,Feroze Associate,Sheikh Faizan  Noum,5.0,5 Marla
12085564,180,https://www.zameen.com/Property/f_6_markaz_super_market_flat_for_sale_in_super_market_f6_markaz_islamabad-12085564-180-1.html,Flat,55000000,F-6,Islamabad,Islamabad Capital,33.729979,73.077064,2,4.4 Marla,For Sale,3,09-07-2018,RealEstate Hub Direct,Unassigned,4.4,4.4 Marla
17369878,1799,https://www.zameen.com/Property/bahria_town_sector_d_bahria_town_block_cc_5_marla_full_house_for_rent_in_cc_block-17369878-1799-4.html,House,38000,Bahria Town,Lahore,Punjab,31.37414,74.18016,3,5 Marla,For Rent,3,07-19-2019,Ali Hajvery Associates,Allah Ditta,5.0,5 Marla
14992327,3048,https://www.zameen.com/Property/bahria_town_rawalpindi_bahria_town_phase_8_beautiful_house_stretcher_for_sale_in_bahria_town_phase_8-14992327-3048-1.html,House,26000000,Bahria Town Rawalpindi,Rawalpindi,Punjab,33.485576,73.08393,6,1 Kanal,For Sale,6,03-06-2019,RealEstate Hub Direct,Unassigned,20.0,1 Kanal
16407518,426,https://www.zameen.com/Property/rawalpindi_airport_housing_society_house_is_available_for_sale-16407518-426-1.html,House,4500000,Airport Housing Society,Rawalpindi,Punjab,33.590885,73.133533,4,3 Marla,For Sale,4,06-04-2019,RealEstate Hub Direct,Unassigned,3.0,3 Marla
17343187,9030,https://www.zameen.com/Property/bahria_town_karachi_bahria_apartments_flat_is_available_for_sale-17343187-9030-1.html,House,14500000,Bahria Town Karachi,Karachi,Sindh,25.020961,67.321172,3,10 Marla,For Sale,3,07-17-2019,Memon Estate Linkers,"Muhamamd Osama, Muhammad Ahad",10.0,10 Marla
13151259,1797,https://www.zameen.com/Property/bahria_town_sector_d_bahria_town_block_aa_brand_new_double_storey_house_for_sale_in_bahria_town_lahore-13151259-1797-1.html,House,13000000,Bahria Town,Lahore,Punjab,31.375514,74.172735,0,5 Marla,For Sale,3,04-04-2019,Building Solutions,Syed Asad,5.0,5 Marla
17388957,8312,https://www.zameen.com/Property/gulberg_gulberg_greens_2_bed_apartments_for_sale_gulberg_rabi_center-17388957-8312-1.html,Flat,1657000,Gulberg,Islamabad,Islamabad Capital,33.60983,73.170133,2,2 Kanal,For Sale,2,07-19-2019,Carbon8 Real Estate & Marketing,Shahzaib Kayani,40.0,2 Kanal
17009280,1705,https://www.zameen.com/Property/bahria_town_bahria_enclave_house_is_available_for_rent-17009280-1705-4.html,Penthouse,120000,Bahria Town,Islamabad,Islamabad Capital,33.692638,73.218813,7,10 Marla,For Rent,0,06-30-2019,RealEstate Hub Direct,Unassigned,10.0,10 Marla
12376907,1369,https://www.zameen.com/Property/lahore_islampura_islampura_krishan_nagar_2_75_marla_double_storey_house_for_sale-12376907-1369-1.html,House,5700000,Islampura,Lahore,Punjab,31.566287,74.298735,2,2.7 Marla,For Sale,3,10-06-2018,RealEstate Hub Direct,Unassigned,2.7,2.7 Marla
17255319,6702,https://www.zameen.com/Property/federal_b_area_federal_b_area_block_18_ground_floor_portion_is_available_for_sale_federal_b_area_block_18-17255319-6702-1.html,Lower Portion,7000000,Federal B Area,Karachi,Sindh,24.945596,67.072513,0,4.8 Marla,For Sale,0,07-12-2019,Al Madina Estate Agency,Zeshan,4.8,4.8 Marla
14497540,8894,https://www.zameen.com/Property/gulshan_e_iqbal_gulshan_e_iqbal_block_10_a_stunning_classic_house_is_available_for_sale-14497540-8894-1.html,House,32500000,Gulshan-e-Iqbal Town,Karachi,Sindh,24.911726,67.098014,5,7.2 Marla,For Sale,5,05-06-2019,Khawar Estate,Khawar Hanif,7.2,7.2 Marla
16898087,11308,https://www.zameen.com/Property/f_10_silver_oaks_apartments_flat_is_available_for_rent-16898087-11308-4.html,Flat,65000,F-10,Islamabad,Islamabad Capital,33.691065,73.016382,0,2.6 Marla,For Rent,0,06-27-2019,Potohar Builder,Rana Ali,2.6,2.6 Marla
13388542,8484,https://www.zameen.com/Property/dha_phase_5_badar_commercial_area_flat_is_up_for_rent_in_badar_commercial_area_demand_is_sightly_negotiable-13388542-8484-4.html,Flat,40000,DHA Defence,Karachi,Sindh,24.798481,67.045716,2,4.4 Marla,For Rent,2,12-20-2018,RealEstate Hub Direct,Unassigned,4.4,4.4 Marla
15294932,3340,https://www.zameen.com/Property/g_13_g_13_4_4_marla_double_story_house_for_sale-15294932-3340-1.html,House,14500000,G-13,Islamabad,Islamabad Capital,33.649315,72.968395,5,4 Marla,For Sale,5,04-05-2019,Investments Empire,Adid Khan,4.0,4 Marla
15726692,3308,https://www.zameen.com/Property/f_7_f_7_2_house_available_for_rent_in_f7_furnished-15726692-3308-4.html,House,480000,F-7,Islamabad,Islamabad Capital,33.72334,73.051171,4,2 Kanal,For Rent,4,04-05-2019,The Modern Global Village Pvt Ltd,Moeez Waqar,40.0,2 Kanal
17336418,3442,https://www.zameen.com/Property/i_8_i_8_2_portion_is_available_for_rent-17336418-3442-4.html,Lower Portion,80000,I-8,Islamabad,Islamabad Capital,33.66764,73.065948,0,12.4 Marla,For Rent,0,07-17-2019,Property Time,Rana Umair,12.4,12.4 Marla
17462902,1103,https://www.zameen.com/Property/lahore_lake_city_1_kanal_brand_new_upper_portion_is_available_for_rent_in_lake_city_lahore-17462902-1103-4.html,Upper Portion,45000,Lake City,Lahore,Punjab,31.359647,74.253073,4,1 Kanal,For Rent,3,07-24-2019,Trophy Properties,Muddasir Hussain,20.0,1 Kanal
17257811,4432,https://www.zameen.com/Property/punjab_govt_employees_society_pgechs_phase_2_double_storey_house_is_available_for_sale-17257811-4432-1.html,House,22000000,Punjab Govt Employees Society,Lahore,Punjab,31.420167,74.285746,0,10 Marla,For Sale,5,07-12-2019,GreenMark Real Estate & Builders,Mr. Atif abbas,10.0,10 Marla
16834070,1482,https://www.zameen.com/Property/d_h_a_dha_phase_5_brand_new_house_is_available_for_sale-16834070-1482-1.html,House,105000000,DHA Defence,Karachi,Sindh,24.810265,67.043552,0,1 Kanal,For Sale,6,06-21-2019,Estate Managers,Ehtisham,20.0,1 Kanal
16945282,1040,https://www.zameen.com/Property/lahore_garhi_shahu_double_storey_house_is_available_for_sale_at_bibiayn_pak_daman-16945282-1040-1.html,House,5000000,Garhi Shahu,Lahore,Punjab,31.56625,74.344125,0,4 Marla,For Sale,4,06-27-2019,Al-Noor Real Estate & Builders,Ch. Noor Bahadur,4.0,4 Marla
12624526,329,https://www.zameen.com/Property/islamabad_e_11_one_bed_luxury_flat_for_sale-12624526-329-1.html,Flat,8000000,E-11,Islamabad,Islamabad Capital,33.698137,72.978215,1,3.8 Marla,For Sale,1,10-07-2018,RealEstate Hub Direct,Unassigned,3.8,3.8 Marla
13531076,1807,https://www.zameen.com/Property/bahria_town_sector_e_bahria_homes_bahria_home_good_condition__for_sale_in_sec_e_bahria_town_lahore-13531076-1807-1.html,House,9500000,Bahria Town,Lahore,Punjab,31.355396,74.18556,3,6.2 Marla,For Sale,3,06-04-2019,Makkah Properties,Jahanzaib Nadeem,6.2,6.2 Marla
12450138,1140,https://www.zameen.com/Property/faisalabad_canal_road_6_marla_double_storey_house_for_sale_in_muhammad_khan_town_canal_rode_faisalabad-12450138-1140-1.html,House,9000000,Canal Road,Faisalabad,Punjab,31.431648,73.121885,5,6 Marla,For Sale,4,10-20-2018,RealEstate Hub Direct,Unassigned,6.0,6 Marla
17089320,10040,https://www.zameen.com/Property/bahria_town_karachi_bahria_town_precinct_27_we_offer_ultra_luxury_precinct_27_and_around_200_sq_yards_covered_area_for_immediate_shiftingrenting-17089320-10040-1.html,House,8800000,Bahria Town Karachi,Karachi,Sindh,25.071948,67.338656,3,9.4 Marla,For Sale,3,07-03-2019,Alpha Properties,Shamir,9.4,9.4 Marla
16288712,9249,https://www.zameen.com/Property/paragon_city_paragon_city_orchard_1_block_here_is_a_good_opportunity_to_live_in_a_well_built_house-16288712-9249-1.html,House,22500000,Paragon City,Lahore,Punjab,31.537866,74.453144,4,10 Marla,For Sale,4,06-03-2019,Rana Mursleen Builder and Real Estate,Rana Mursleen Owner,10.0,10 Marla
8488316,9135,https://www.zameen.com/Property/karachi_fazaia_housing_scheme_bungalow_for_sale_on_easy_installment-8488316-9135-1.html,House,6642000,Fazaia Housing Scheme,Karachi,Sindh,25.075881668591,67.106037139893,3,5 Marla,For Sale,3,05-06-2019,AARCO Fazaia Authorized Dealer,Altamash Memon,5.0,5 Marla
17048508,9,https://www.zameen.com/Property/lahore_dha_defence_brand_new_10_marla_bungalow_most_beautifull_house_in_dha_lahore-17048508-9-1.html,House,38000000,DHA Defence,Lahore,Punjab,31.471864,74.391146,5,10 Marla,For Sale,4,07-01-2019,Lahore Grande Estate,M Shoaib,10.0,10 Marla
17235505,8260,https://www.zameen.com/Property/islamabad_faisal_town_f_18_flat_is_available_for_sale-17235505-8260-1.html,Flat,4400000,Faisal Town - F-18,Islamabad,Islamabad Capital,33.616692,72.858996,0,3.6 Marla,For Sale,1,07-11-2019,Madina Builders And Associates,Muhammad Liaqat,3.6,3.6 Marla
16649532,6844,https://www.zameen.com/Property/gulistan_e_jauhar_gulistan_e_jauhar_block_20_great_opportunity_for_you_to_have_the_property_of_your_choice-16649532-6844-4.html,Flat,20000,Gulistan-e-Jauhar,Karachi,Sindh,24.907871,67.115263,3,6 Marla,For Rent,3,06-17-2019,Ali Real Estate,ALI Estate. Faizi,6.0,6 Marla
17125484,438,https://www.zameen.com/Property/rawalpindi_gulraiz_housing_scheme_house_is_available_for_sale-17125484-438-1.html,House,9000000,Gulraiz Housing Scheme,Rawalpindi,Punjab,33.5628,73.107144,0,5 Marla,For Sale,6,07-05-2019,Sagheer & Qadeer Associates,Syed Kashif,5.0,5 Marla
15178969,1630,https://www.zameen.com/Property/dha_phase_7_dha_phase_7_block_w_grey_structure_for_sale_in_dha_phase_7-15178969-1630-1.html,House,24000000,DHA Defence,Lahore,Punjab,31.465055,74.478035,4,1 Kanal,For Sale,3,03-05-2019,RealEstate Hub Direct,Unassigned,20.0,1 Kanal
13108191,1483,https://www.zameen.com/Property/d_h_a_dha_phase_6_3_bed_upper_portion_for_rent-13108191-1483-4.html,Upper Portion,135000,DHA Defence,Karachi,Sindh,24.805045,67.064323,3,1 Kanal,For Rent,3,11-20-2018,Akhtar Associates,Akhtar Baloch,20.0,1 Kanal
13148134,1368,https://www.zameen.com/Property/lahore_badami_bagh_corner__old_house_for_sale-13148134-1368-1.html,Penthouse,6200000,Badami Bagh,Lahore,Punjab,31.603832,74.322481,2,6 Marla,For Sale,5,11-05-2018,RealEstate Hub Direct,Unassigned,6.0,6 Marla
15459594,12393,https://www.zameen.com/Property/karachi_korangi_road_apartment_is_available_for_rent_in_aman_tower-15459594-12393-4.html,Flat,24000,Korangi Road,Karachi,Sindh,24.844366,67.146878,2,4.2 Marla,For Rent,4,04-19-2019,RealEstate Hub Direct,Unassigned,4.2,4.2 Marla
17054547,478,https://www.zameen.com/Property/rawalpindi_adiala_road_single_story__house_for_rent__defence_road_adiala_road_-17054547-478-4.html,House,18000,Adiala Road,Rawalpindi,Punjab,33.550869,73.056182,2,5 Marla,For Rent,2,07-02-2019,Al Makkah Property,Pervez Akhtar,5.0,5 Marla
14441553,4980,https://www.zameen.com/Property/faisalabad_khayaban_colony_house_is_available_for_rent_in_phase_2-14441553-4980-4.html,House,35000,Khayaban Colony,Faisalabad,Punjab,31.427272,73.135886,0,5 Marla,For Rent,0,02-16-2019,Makkah Property Deal,"Haji Ghulam Murtaza, Rana Abu-Bakkar",5.0,5 Marla
16923817,6760,https://www.zameen.com/Property/gulshan_e_maymar_gulshan_e_maymar_sector_x_house_is_available_for_sale-16923817-6760-1.html,House,16000000,Gadap Town,Karachi,Sindh,25.022481,67.129082,0,8 Marla,For Sale,4,06-27-2019,Bin Shamsi Real Estate,Usman Ghani,8.0,8 Marla
13597862,6875,https://www.zameen.com/Property/gulshan_e_iqbal_gulshan_e_iqbal_block_13_d_1_400_sq_yard_brand_new_ultra_modern_house_at_gulshan_e_iqbal_is_available_for_sale-13597862-6875-1.html,House,75000000,Gulshan-e-Iqbal Town,Karachi,Sindh,24.91567,67.083628,9,16 Marla,For Sale,7,01-18-2019,Bismillah Property (Real Estate Dealer),Muhammad Talha Pasta Memon,16.0,16 Marla
7028238,8349,https://www.zameen.com/Property/f_8_the_centaurus_one_bed_study_apartment_fully_furnished_apartment_in_centaurus_with_exotic_view-7028238-8349-4.html,Flat,160000,F-8,Islamabad,Islamabad Capital,33.707982,73.050476,0,6.7 Marla,For Rent,1,04-05-2019,Shapers Builders & Real Estate,Faisal Shahzad,6.7,6.7 Marla
17061141,8974,https://www.zameen.com/Property/bahria_town_phase_4_bahria_town_civic_centre_4th_floor_flat_is_available_for_sale-17061141-8974-1.html,Flat,6000000,Bahria Town Rawalpindi,Rawalpindi,Punjab,33.550096,73.123815,0,4.2 Marla,For Sale,2,07-02-2019,Green Earth Real Estate,Green Earth Real Estate Phase 4 Branch,4.2,4.2 Marla
16794918,6693,https://www.zameen.com/Property/federal_b_area_federal_b_area_block_9_g_2_floor_house_is_available_for_sale-16794918-6693-1.html,House,21000000,Federal B Area,Karachi,Sindh,24.922442,67.073629,0,4.8 Marla,For Sale,2,06-21-2019,Shani Builders & Developers,Zeeshan Rauf,4.8,4.8 Marla
17394957,13594,https://www.zameen.com/Property/faisalabad_hamza_villas_the_best_house_for_living_purpose-17394957-13594-4.html,House,30000,Hamza Villas,Faisalabad,Punjab,31.359542,73.064819,0,5 Marla,For Rent,0,07-22-2019,Al-Qasim Estate & Developers,Ch. Haq Nawaz Ramza,5.0,5 Marla
11701363,3117,https://www.zameen.com/Property/mpchs_multi_gardens_mpchs_block_b_1_kanal_double_unite_house_newly_built_is_available_for_rent_in_block_b_cda_sector_b_17-11701363-3117-4.html,House,140000,B-17,Islamabad,Islamabad Capital,33.68821,72.830601,8,1 Kanal,For Rent,9,08-08-2018,Profit Ole Estate,Syed Ali Raza,20.0,1 Kanal
17435648,1503,https://www.zameen.com/Property/askari_askari_11_ground_floor_flat_is_available_for_rent_at_askari_11-17435648-1503-4.html,Flat,48000,Askari,Lahore,Punjab,31.460187,74.432459,3,10 Marla,For Rent,3,07-24-2019,Unique Associates,Maj R Zahid Bhatti,10.0,10 Marla
14783302,6688,https://www.zameen.com/Property/federal_b_area_federal_b_area_block_4_flat_is_available_for_rent-14783302-6688-4.html,Flat,32000,Federal B Area,Karachi,Sindh,24.921936,67.052386,2,4.9 Marla,For Rent,2,02-18-2019,RealEstate Hub Direct,Unassigned,4.9,4.9 Marla
15645611,1482,https://www.zameen.com/Property/d_h_a_dha_phase_5_flat_is_available_for_sale_2200_sq_ft_tauheed_commercial-15645611-1482-1.html,Flat,19000000,DHA Defence,Karachi,Sindh,24.810265,67.043552,0,9.8 Marla,For Sale,0,07-02-2019,Estate Links,Azan Ali,9.8,9.8 Marla
17159811,4119,https://www.zameen.com/Property/paragon_city_imperial_garden_homes_full_house_is_available_for_sale-17159811-4119-1.html,House,8500000,Paragon City,Lahore,Punjab,31.524191,74.453995,0,5 Marla,For Sale,3,07-10-2019,FR Real Estate,Rafaqat Ali Bhatti,5.0,5 Marla
17246402,8446,https://www.zameen.com/Property/lahore_bismillah_housing_scheme_here_is_a_good_opportunity_to_live_in_a_well_built_house-17246402-8446-1.html,House,12000000,Bismillah Housing Scheme,Lahore,Punjab,31.598386,74.480821,4,6 Marla,For Sale,4,07-15-2019,Mian Associates & Builders,Aqeel Ahmed Mian,6.0,6 Marla
16154676,8491,https://www.zameen.com/Property/dha_phase_6_nishat_commercial_area_the_best_flat_for_living_purpose-16154676-8491-1.html,Flat,11000000,DHA Defence,Karachi,Sindh,24.800643,67.064703,3,5.6 Marla,For Sale,3,05-06-2019,Amal Real Estate,Falahuddin,5.6,5.6 Marla
8102139,6841,https://www.zameen.com/Property/gulistan_e_jauhar_gulistan_e_jauhar_block_17_flat_for_sale_main_jouhar_chorangi-8102139-6841-1.html,Flat,4500000,Gulistan-e-Jauhar,Karachi,Sindh,24.913179,67.121959,2,3 Marla,For Sale,2,07-18-2019,RealEstate Hub Direct,Unassigned,3.0,3 Marla
16847599,3048,https://www.zameen.com/Property/bahria_town_rawalpindi_bahria_town_phase_8_corner_brand_new_double_unit_house_imported_stuff_awesome_location-16847599-3048-1.html,House,20500000,Bahria Town Rawalpindi,Rawalpindi,Punjab,33.485576,73.08393,7,10 Marla,For Sale,5,06-20-2019,MI Real Estate & Builders,Engr Imran Khan,10.0,10 Marla
17375739,3968,https://www.zameen.com/Property/johar_town_phase_2_johar_town_phase_2_block_h3_fully_furnished_3rd_floor_flat_for_sale_in_johar_town_phase_2_block_h3-17375739-3968-1.html,Flat,3000000,Johar Town,Lahore,Punjab,31.471351,74.261484,1,1.4 Marla,For Sale,1,07-22-2019,Arqam Estate,"Mian Naeem, Javaid Faridi",1.4,1.4 Marla
17344570,1781,https://www.zameen.com/Property/bahria_town_sector_b_bahria_town_umar_block_8_marla_like_brand_new_dubble_story_house_avalable_only_on-17344570-1781-1.html,House,15600000,Bahria Town,Lahore,Punjab,31.381706,74.195294,4,8 Marla,For Sale,4,07-17-2019,Makkah Estate,Muhammad Raees,8.0,8 Marla
15952682,6935,https://www.zameen.com/Property/pechs_pechs_block_6_ground_floor_portion_is_available_for_rent-15952682-6935-4.html,Lower Portion,180000,Jamshed Town,Karachi,Sindh,24.864595,67.066126,0,1.2 Kanal,For Rent,0,04-19-2019,Pak International Estate,"Umair, Rais Qadri",24.0,1.2 Kanal
14985126,164,https://www.zameen.com/Property/islamabad_f_6_house_is_available_for_rent-14985126-164-4.html,House,500000,F-6,Islamabad,Islamabad Capital,33.730907,73.074431,0,1.1 Kanal,For Rent,6,03-06-2019,Khalid & Co,"M. Abid, Khalid Javaid",22.0,1.1 Kanal
12019446,6697,https://www.zameen.com/Property/federal_b_area_federal_b_area_block_13_280_sq_yards_portion_with_roof-12019446-6697-1.html,Upper Portion,15000000,Federal B Area,Karachi,Sindh,24.936802,67.070755,4,13.3 Marla,For Sale,3,09-20-2018,RealEstate Hub Direct,Unassigned,13.3,13.3 Marla
13587636,774,https://www.zameen.com/Property/karachi_shah_faisal_town_house_for_sale-13587636-774-1.html,House,7000000,Shah Faisal Town,Karachi,Sindh,24.880071,67.162514,3,3.2 Marla,For Sale,2,12-19-2018,RealEstate Hub Direct,Unassigned,3.2,3.2 Marla
17135558,9195,https://www.zameen.com/Property/scheme_33_zeenatabad_first_floor_brand_new_flat_is_available_for_sale-17135558-9195-1.html,Flat,6000000,Scheme 33,Karachi,Sindh,24.974996,67.133599,2,4.4 Marla,For Sale,2,07-10-2019,Zenith Building Developer,"Rao Shauib, Naeem Haider",4.4,4.4 Marla
17106307,6935,https://www.zameen.com/Property/pechs_pechs_block_6_apartment_available_for_sale_in_pechs_block_6-17106307-6935-1.html,Flat,5000000,Jamshed Town,Karachi,Sindh,24.864595,67.066126,2,3.3 Marla,For Sale,2,07-03-2019,Aftab Real Estate,"Aftab Ahmed, M. Zahid Sheikh, Ajaz",3.3,3.3 Marla
16982590,4178,https://www.zameen.com/Property/sabzazar_scheme_sabzazar_scheme_block_p_the_best_house_for_living_purpose_-16982590-4178-1.html,House,16000000,Sabzazar Scheme,Lahore,Punjab,31.515337,74.264045,3,5 Marla,For Sale,3,06-30-2019,AL Umair Estate,Haris,5.0,5 Marla
16200484,3307,https://www.zameen.com/Property/f_7_f_7_1_f_71_beautiful_closed_end_street_old_house_for_sale_size_666_sy_with_2_kanal_extra_land-16200484-3307-1.html,House,160000000,F-7,Islamabad,Islamabad Capital,33.716273,73.056235,4,1.3 Kanal,For Sale,4,06-30-2019,ZB Associate,Imran Khan,26.0,1.3 Kanal
16152358,3337,https://www.zameen.com/Property/g_13_g_13_1_g_13_sector_house_4_marla_brand_new_sun_face_4_bed_2_kitchen_park_end_street_near_kashmir_highway_metro_stop-16152358-3337-1.html,House,15700000,G-13,Islamabad,Islamabad Capital,33.645957,72.962472,5,4 Marla,For Sale,4,05-04-2019,Ruman Builders,Nisar Bukhari,4.0,4 Marla
16265027,1784,https://www.zameen.com/Property/bahria_town_bahria_town_sector_c_the_best_flat_for_living_purpose-16265027-1784-4.html,Flat,18000,Bahria Town,Lahore,Punjab,31.374195,74.191482,1,5 Marla,For Rent,1,06-24-2019,Model Estate & Builders,Khalid Hussain,5.0,5 Marla
14077333,3068,https://www.zameen.com/Property/bahria_town_phase_8_safari_valley_bahria_town_phase_8_usman_block_house_is_available_for_rent-14077333-3068-4.html,House,45000,Bahria Town Rawalpindi,Rawalpindi,Punjab,33.488368,73.09423,0,7 Marla,For Rent,0,01-06-2019,RealEstate Hub Direct,Unassigned,7.0,7 Marla
17330082,509,https://www.zameen.com/Property/lahore_bahria_town_8_marla_5_bedroom_house_near_park_ali_block_bahria_town_lahore-17330082-509-1.html,House,17500000,Bahria Town,Lahore,Punjab,31.380313,74.187183,6,8 Marla,For Sale,5,07-17-2019,Mash Allah Estate & Builders,Azam Ali,8.0,8 Marla
17143894,501,https://www.zameen.com/Property/faisalabad_wapda_city_brand_new_house_is_available_for_sale-17143894-501-1.html,House,16000000,Wapda City,Faisalabad,Punjab,31.502824,73.21435,0,10 Marla,For Sale,4,07-10-2019,Madina Estate & Home Designer,Nasir Hafeez,10.0,10 Marla
17291799,3974,https://www.zameen.com/Property/johar_town_phase_2_johar_town_phase_2_block_l_the_best_house_for_living_purpose-17291799-3974-1.html,House,12000000,Johar Town,Lahore,Punjab,31.466922,74.26981,4,5 Marla,For Sale,3,07-16-2019,Muzammil Real Estate,Ijaz Saab,5.0,5 Marla
11065020,9135,https://www.zameen.com/Property/karachi_fazaia_housing_scheme_fazaia_bungalow_for_sale_on_easy_installment-11065020-9135-1.html,House,9205000,Fazaia Housing Scheme,Karachi,Sindh,25.075881958008,67.10604095459,4,11 Marla,For Sale,3,05-06-2019,AARCO Fazaia Authorized Dealer,Tabish Akbani Fazaia Authorised Dealer,11.0,11 Marla
17299512,8503,https://www.zameen.com/Property/dha_phase_8_emaar_crescent_bay_3_bed_luxury_apartment_for_rent_in_coral_tower_2_crescent_bay_emaar_dha_phase8_dha_karachi-17299512-8503-4.html,Flat,175000,DHA Defence,Karachi,Sindh,24.752502,67.074019,3,8.9 Marla,For Rent,3,07-16-2019,Linkers Realty,Kumar and Sunil,8.9,8.9 Marla
17136148,11868,https://www.zameen.com/Property/bahria_sports_city_bahria_town_precinct_35_sport_city_villa_350_sq_yard_in_precinct__35_near_to_park_for_sale-17136148-11868-1.html,House,15000000,Bahria Town Karachi,Karachi,Sindh,25.140001,67.359238,5,14 Marla,For Sale,4,07-14-2019,Al Sammar (SMC) Private Limited,Sammar Abbas Naqvi,14.0,14 Marla
13874763,6840,https://www.zameen.com/Property/gulistan_e_jauhar_gulistan_e_jauhar_block_16_west_open_2nd_floor_fully_renovated_3_beds_dd_flat_for_sale_grey_garden_block_16_gulistan_e_jauhar-13874763-6840-1.html,Flat,14000000,Gulistan-e-Jauhar,Karachi,Sindh,24.915748,67.119548,3,6.7 Marla,For Sale,3,07-03-2019,JAIDAD,Muhammad Imran Shaik,6.7,6.7 Marla
12328772,11,https://www.zameen.com/Property/karachi_north_nazimabad_200_sq_yds_house_with_40_sq_yds_for_parking_available_for_sale-12328772-11-1.html,House,25000000,North Nazimabad,Karachi,Sindh,24.958275,67.04745,5,8 Marla,For Sale,5,09-20-2018,RealEstate Hub Direct,Unassigned,8.0,8 Marla
16981418,6695,https://www.zameen.com/Property/federal_b_area_federal_b_area_block_11_8_year_old_corner_house_is_available_for_sale-16981418-6695-1.html,House,42500000,Federal B Area,Karachi,Sindh,24.936685,67.061527,0,18 Marla,For Sale,0,06-28-2019,Al Madina Estate,Sultan Afridi,18.0,18 Marla
17195979,1484,https://www.zameen.com/Property/d_h_a_dha_phase_7_500_yards_bunglow_for_rent-17195979-1484-4.html,House,220000,DHA Defence,Karachi,Sindh,24.821639,67.071691,0,1 Kanal,For Rent,0,07-11-2019,Alpha Properties,Fayyaz,20.0,1 Kanal
16989641,12270,https://www.zameen.com/Property/lahore_hakim_town_single_storey_house_is_available_for_sale-16989641-12270-1.html,House,2000000,Hakim Town,Lahore,Punjab,31.418273,74.293919,0,3 Marla,For Sale,1,06-28-2019,Bilal Estate & Developer,Abid Saab,3.0,3 Marla
17249074,10740,https://www.zameen.com/Property/rawalpindi_allahabad_road_house_is_available_for_sale_in_khalid_bin_waleed_road-17249074-10740-1.html,House,7500000,Allahabad Road,Rawalpindi,Punjab,33.614262,73.007731,0,4 Marla,For Sale,0,07-12-2019,Madina Property Dealer,"Fazal ur Rahman, Sajid, Hassan",4.0,4 Marla
7881816,3048,https://www.zameen.com/Property/bahria_town_rawalpindi_bahria_town_phase_8_house_for_sale_in_umar_block-7881816-3048-1.html,House,10500000,Bahria Town Rawalpindi,Rawalpindi,Punjab,33.485576,73.08393,4,7 Marla,For Sale,4,07-04-2019,RealEstate Hub Direct,Unassigned,7.0,7 Marla
12771817,8488,https://www.zameen.com/Property/dha_phase_6_shahbaz_commercial_area_2_bed_drawing_dinning_well_maintained_flat_for_sale-12771817-8488-1.html,Flat,8500000,DHA Defence,Karachi,Sindh,24.797098,67.050927,2,4 Marla,For Sale,2,06-05-2019,Younus Zubair Associates,Furqan Tabani,4.0,4 Marla
12194509,9142,https://www.zameen.com/Property/karachi_etawa_society_branded_house_for_sale-12194509-9142-1.html,House,12500000,Etawa Society,Karachi,Sindh,25.003901,67.122671,3,8 Marla,For Sale,3,09-20-2018,RealEstate Hub Direct,Unassigned,8.0,8 Marla
16911922,162,https://www.zameen.com/Property/islamabad_f_10_f10_double_story_house-16911922-162-1.html,House,125000000,F-10,Islamabad,Islamabad Capital,33.691531,73.005431,6,2 Kanal,For Sale,6,06-27-2019,Azaan Associates,Romail,40.0,2 Kanal
11084244,374,https://www.zameen.com/Property/lahore_peco_road_3_marla_house_on_best_main_approached-11084244-374-1.html,House,5000000,Peco Road,Lahore,Punjab,31.465641,74.341121,4,3 Marla,For Sale,4,07-03-2019,RealEstate Hub Direct,Unassigned,3.0,3 Marla
15288503,339,https://www.zameen.com/Property/dha_defence_dha_defence_phase_2_10_marla_house_available_in_dha_phase_2_for_rent-15288503-339-4.html,House,55000,DHA Defence,Islamabad,Islamabad Capital,33.527944,73.161392,0,10 Marla,For Rent,0,04-05-2019,Reliance Property Hub,M. Rehan Baig,10.0,10 Marla
16827742,8941,https://www.zameen.com/Property/lahore_hamza_town_5_marla_house_in_hamza_town_ferozpur__road-16827742-8941-1.html,House,4800000,Hamza Town,Lahore,Punjab,31.356364761137,74.37514145049,3,5 Marla,For Sale,2,06-18-2019,The Wahid Group Real Estate Consultants,Dr Tanveer Ahmed,5.0,5 Marla
17028966,4431,https://www.zameen.com/Property/punjab_govt_employees_society_pgechs_phase_1_well_built_house_available_on_good_location-17028966-4431-1.html,House,24000000,Punjab Govt Employees Society,Lahore,Punjab,31.443383,74.286324,6,1 Kanal,For Sale,6,07-02-2019,Riaz Home Builders,Khurram,20.0,1 Kanal
17251281,4038,https://www.zameen.com/Property/model_town_model_town_block_m_flat_is_available_for_sale-17251281-4038-1.html,Flat,3500000,Model Town,Lahore,Punjab,31.482368,74.310751,0,0.9 Marla,For Sale,1,07-12-2019,Al Qamar Estate,Alqamar Estate Busin,0.9,0.9 Marla
17163236,1483,https://www.zameen.com/Property/d_h_a_dha_phase_6_a_beautifully_build_flat_is_up_for_rent-17163236-1483-4.html,Flat,55000,DHA Defence,Karachi,Sindh,24.805045,67.064323,3,6.2 Marla,For Rent,3,07-09-2019,Estate Deal,"Muhammad Haroon, Muhammad Sohail Khan",6.2,6.2 Marla
17226077,330,https://www.zameen.com/Property/islamabad_g_13_great_opportunity_for_you_to_have_the_property_of_your_choice-17226077-330-4.html,Lower Portion,49000,G-13,Islamabad,Islamabad Capital,33.650065,72.963681,0,12 Marla,For Rent,0,07-11-2019,Khans Real Estate & Builders,Ahtsham Khan,12.0,12 Marla
17125700,438,https://www.zameen.com/Property/rawalpindi_gulraiz_housing_scheme_house_is_available_for_rent_gulraiz_phase_5-17125700-438-4.html,House,60000,Gulraiz Housing Scheme,Rawalpindi,Punjab,33.5628,73.107144,0,10 Marla,For Rent,5,07-05-2019,A A Ideas Property,Ali Amir,10.0,10 Marla
12101976,233,https://www.zameen.com/Property/gulshan_e_iqbal_town_gulshan_e_iqbal_flat_is_available_for_sale-12101976-233-1.html,Flat,5700000,Gulshan-e-Iqbal Town,Karachi,Sindh,24.916643,67.096539,3,3.8 Marla,For Sale,2,09-20-2018,RealEstate Hub Direct,Unassigned,3.8,3.8 Marla
14673048,1504,https://www.zameen.com/Property/rawalpindi_askari_14_flat_at_4th_floor_for_sale-14673048-1504-1.html,Flat,14000000,Askari 14,Rawalpindi,Punjab,33.543004,73.067576,3,11.5 Marla,For Sale,3,02-04-2019,RealEstate Hub Direct,Unassigned,11.5,11.5 Marla
15350425,3307,https://www.zameen.com/Property/f_7_f_7_1_a_new_house_built_in_f_7_1_islamabad-15350425-3307-4.html,House,400000,F-7,Islamabad,Islamabad Capital,33.716273,73.056235,9,1.3 Kanal,For Rent,8,04-05-2019,Elite Homes,Rahat Majid,26.0,1.3 Kanal
11733276,3880,https://www.zameen.com/Property/harbanspura_canal_point_housing_scheme_house_is_available_for_sale-11733276-3880-1.html,House,6500000,Harbanspura,Lahore,Punjab,31.572261,74.417101,3,3 Marla,For Sale,3,02-03-2019,Abdul Razaq Property Dealer & Builders,Ashfaq Ali Chaudhary,3.0,3 Marla
15285717,6858,https://www.zameen.com/Property/karachi_gulshan_e_iqbal_town_3_bed_dd_flat_for_sale-15285717-6858-1.html,Flat,16000000,Gulshan-e-Iqbal Town,Karachi,Sindh,24.898465,67.0625,3,5.3 Marla,For Sale,3,05-04-2019,Rao Estate & Builders,Rao Waqar,5.3,5.3 Marla
11352927,1314,https://www.zameen.com/Property/islamabad_ghauri_town_6_marla_house_in_ghauri_town_4c_2_islamabad-11352927-1314-1.html,House,6600000,Ghauri Town,Islamabad,Islamabad Capital,33.619337,73.125315,0,6 Marla,For Sale,0,07-04-2019,RealEstate Hub Direct,Unassigned,6.0,6 Marla
17095494,1447,https://www.zameen.com/Property/dha_defence_dha_phase_5_1_kanal_luxurious_bungalow_for_sale_in_phase_5_dha-17095494-1447-1.html,House,53000000,DHA Defence,Lahore,Punjab,31.462493,74.409342,6,1 Kanal,For Sale,5,07-04-2019,Rafi & Sons Real Estate & Construction Company,Muhammad Ejaz,20.0,1 Kanal
17051207,1404,https://www.zameen.com/Property/rawalpindi_shalley_valley_well_built_portion_available_in_good_location-17051207-1404-4.html,Upper Portion,47000,Shalley Valley,Rawalpindi,Punjab,33.597548,73.014176,2,6 Marla,For Rent,2,07-03-2019,Al Mustafa Property Advisor,Faisal Gulzar,6.0,6 Marla
17128322,6698,https://www.zameen.com/Property/federal_b_area_federal_b_area_block_14_ground_2_house_available_for_sale_federal_b_area_block_14-17128322-6698-1.html,House,16000000,Federal B Area,Karachi,Sindh,24.931276,67.074873,0,4.8 Marla,For Sale,0,07-05-2019,Syed Corporation,Syed Corporation,4.8,4.8 Marla
11565171,8548,https://www.zameen.com/Property/faisalabad_punjab_govt__servants_housing_foundation_house_for_sale_with_gas-11565171-8548-1.html,House,1300000,Punjab Govt. Servants Housing Foundation,Faisalabad,Punjab,31.367585,73.137177,1,2 Marla,For Sale,1,08-21-2018,RealEstate Hub Direct,Unassigned,2.0,2 Marla
17334486,1485,https://www.zameen.com/Property/d_h_a_dha_phase_8_flat_is_available_for_sale-17334486-1485-1.html,Flat,76500000,DHA Defence,Karachi,Sindh,24.782215,67.074537,0,16.7 Marla,For Sale,4,07-17-2019,Rehan Estate,Sultan Sikandar,16.7,16.7 Marla
16307164,3953,https://www.zameen.com/Property/johar_town_phase_1_johar_town_phase_1_block_e1_double_storey_double_unit_house_is_available_for_sale-16307164-3953-1.html,House,36000000,Johar Town,Lahore,Punjab,31.471827,74.292462,0,1 Kanal,For Sale,5,06-02-2019,Property Inn,Majid Sharif,20.0,1 Kanal
17086556,165,https://www.zameen.com/Property/islamabad_f_7_house_is_available_for_rent-17086556-165-4.html,House,350000,F-7,Islamabad,Islamabad Capital,33.720413,73.056493,0,1.3 Kanal,For Rent,0,07-03-2019,Jaffar Estate & Builders (Pvt) Ltd,Naeem Khan,26.0,1.3 Kanal
14184047,1587,https://www.zameen.com/Property/dha_phase_3_dha_phase_3_block_y_2_kanal_bungalow_design_by_reputed_architect_just_20_mints_drive_from_airport-14184047-1587-1.html,House,140000000,DHA Defence,Lahore,Punjab,31.470949,74.375038,4,2 Kanal,For Sale,5,02-03-2019,Estate Planners,Ejaz Ali,40.0,2 Kanal
12323845,1363,https://www.zameen.com/Property/faisalabad_jaranwala_well_located__house_for_sale-12323845-1363-1.html,House,3500000,Jaranwala,Faisalabad,Punjab,31.315369,73.4035,3,5 Marla,For Sale,4,09-20-2018,RealEstate Hub Direct,Unassigned,5.0,5 Marla
17066603,1448,https://www.zameen.com/Property/dha_defence_dha_phase_6_1_kanal_slightly_used_bungalow_for_sale_in_dha_phase_6-17066603-1448-1.html,House,41500000,DHA Defence,Lahore,Punjab,31.471571,74.445906,6,1 Kanal,For Sale,5,07-02-2019,Future Planners,Mian Shahid,20.0,1 Kanal
13240997,10709,https://www.zameen.com/Property/faisalabad_ismail_valley_block_p_house_no_378_house_is_available_for_sale-13240997-10709-1.html,House,8400000,Ismail Valley,Faisalabad,Punjab,31.492433,73.058345,4,5 Marla,For Sale,6,11-19-2018,RealEstate Hub Direct,Unassigned,5.0,5 Marla
16146873,166,https://www.zameen.com/Property/islamabad_f_8_furnished_flat_is_available_for_sale-16146873-166-1.html,Flat,32500000,F-8,Islamabad,Islamabad Capital,33.713131,73.038383,3,5.1 Marla,For Sale,2,07-04-2019,H Co Pakistan Builders & Developers,Asif Malik,5.1,5.1 Marla
16828846,1667,https://www.zameen.com/Property/clifton_clifton_block_5_block_5_flat_for_rent-16828846-1667-4.html,Flat,55000,Clifton,Karachi,Sindh,24.820432,67.029383,3,7.1 Marla,For Rent,3,06-20-2019,Bilal Properties,Bilal Malik,7.1,7.1 Marla
14509647,1314,https://www.zameen.com/Property/islamabad_ghauri_town_double_storey_house_is_available_for_sale-14509647-1314-1.html,House,11000000,Ghauri Town,Islamabad,Islamabad Capital,33.619337,73.125315,5,5 Marla,For Sale,4,04-05-2019,BlueSky Enterprises,BlueSky Enterprises,5.0,5 Marla
14798212,383,https://www.zameen.com/Property/islamabad_bahria_town_1_kanal_awesome_house_for_sale_in_bahria_town-14798212-383-1.html,House,46500000,Bahria Town,Islamabad,Islamabad Capital,33.550837268049,73.106288909912,6,1 Kanal,For Sale,5,06-03-2019,Al-Ghous Real Estate Management & Construction,Muhammad Nasir,20.0,1 Kanal
17345472,330,https://www.zameen.com/Property/islamabad_g_13_a_beautifully_built_portion_at_good_location-17345472-330-4.html,Upper Portion,47000,G-13,Islamabad,Islamabad Capital,33.650065,72.963681,3,12 Marla,For Rent,3,07-18-2019,Land Way Associate,Ali Hiader,12.0,12 Marla
17012131,1448,https://www.zameen.com/Property/dha_defence_dha_phase_6_brand_new_modern_house_with_5_bedrooms-17012131-1448-1.html,House,45000000,DHA Defence,Lahore,Punjab,31.471571,74.445906,0,1 Kanal,For Sale,0,06-29-2019,Rafi & Sons Real Estate & Construction Company,Ahmed Sohail,20.0,1 Kanal
17386025,377,https://www.zameen.com/Property/lahore_samanabad_brand_new_house_is_available_for_sale-17386025-377-1.html,House,9000000,Samanabad,Lahore,Punjab,31.539206,74.305515,0,2.8 Marla,For Sale,3,07-19-2019,Al Waheed Estate & Builders,Haris Waseem,2.8,2.8 Marla
17339683,1796,https://www.zameen.com/Property/bahria_town_bahria_town_sector_d_5_marla_most_reasonable__affordable-17339683-1796-1.html,House,12500000,Bahria Town,Lahore,Punjab,31.374414,74.177749,4,5 Marla,For Sale,3,07-17-2019,Zameen Experts,Muhammad Ahmad Jan,5.0,5 Marla
17240158,456,https://www.zameen.com/Property/lahore_punjab_coop_housing_society_house_is_available_for_sale-17240158-456-1.html,House,11000000,Punjab Coop Housing Society,Lahore,Punjab,31.458979,74.373565,0,5 Marla,For Sale,3,07-11-2019,Nasir Associates & Builders,Nasir,5.0,5 Marla
16946555,8313,https://www.zameen.com/Property/gulberg_greens_gulberg_greens_block_a_flat_is_available_for_sale_in_gulberg_mall-16946555-8313-1.html,Flat,5517000,Gulberg,Islamabad,Islamabad Capital,33.606327,73.159833,0,2.7 Marla,For Sale,1,06-26-2019,Madina Builders And Associates,Muhammad Liaqat,2.7,2.7 Marla
16945032,1006,https://www.zameen.com/Property/lahore_pak_arab_housing_society_a_beautifully_built_house_at_good_location-16945032-1006-1.html,House,14500000,Pak Arab Housing Society,Lahore,Punjab,31.432105,74.349117,3,5 Marla,For Sale,3,06-28-2019,Bhai Bhai Associates,"M. Nasir , Mr Yasir",5.0,5 Marla
14121112,6842,https://www.zameen.com/Property/gulistan_e_jauhar_gulistan_e_jauhar_block_18_billys_paradise_flat_for_sale-14121112-6842-1.html,Flat,3400000,Gulistan-e-Jauhar,Karachi,Sindh,24.907822,67.129209,2,2.9 Marla,For Sale,2,01-18-2019,RealEstate Hub Direct,Unassigned,2.9,2.9 Marla
15152436,1584,https://www.zameen.com/Property/dha_phase_3_dha_phase_3_block_w_one_kanal_house_is_available_for_rent-15152436-1584-4.html,House,130000,DHA Defence,Lahore,Punjab,31.478672,74.375424,5,1 Kanal,For Rent,4,03-26-2019,Razwan Associates,Mian Rizwan Younas,20.0,1 Kanal
17029015,330,https://www.zameen.com/Property/islamabad_g_13_real_pics_40x80_brand_new_upper_portion_for_rent-17029015-330-4.html,Upper Portion,55000,G-13,Islamabad,Islamabad Capital,33.650065,72.963681,4,14.2 Marla,For Rent,3,07-01-2019,S & S Property Advisor,Waqar Awan,14.2,14.2 Marla
15396173,451,https://www.zameen.com/Property/rawalpindi_rawat_shah_bagh_rawat_house_for_sale-15396173-451-1.html,House,4200000,Rawat,Rawalpindi,Punjab,33.4897,73.1969,1,1.1 Kanal,For Sale,4,04-05-2019,RealEstate Hub Direct,Unassigned,22.0,1.1 Kanal
16422098,10327,https://www.zameen.com/Property/khayaban_e_amin_khayaban_e_amin_block_p_the_best_house_for_living_purpose-16422098-10327-1.html,House,4000000,Khayaban-e-Amin,Lahore,Punjab,31.362173,74.282136,2,5 Marla,For Sale,2,06-03-2019,Al Siraj Estate & Builders,Raja Farhan.,5.0,5 Marla
17218500,6738,https://www.zameen.com/Property/surjani_town_surjani_town_sector_7a_double_story_house_is_available_sale-17218500-6738-1.html,House,2800000,Gadap Town,Karachi,Sindh,25.036072,67.065954,0,2.6 Marla,For Sale,0,07-10-2019,Al Moiz Associates,Osama Qadri,2.6,2.6 Marla
16346402,9582,https://www.zameen.com/Property/malir_falcon_complex_new_malir_ih_house_is_available_for_rent-16346402-9582-4.html,House,115000,Malir,Karachi,Sindh,24.956491,67.219341,5,1 Kanal,For Rent,5,06-26-2019,Khanzada Real Estate & Builder,Umair Khanzada,20.0,1 Kanal
14608253,533,https://www.zameen.com/Property/faisalabad_madina_town_5_marla_double_storey_house_for_rent-14608253-533-4.html,House,60000,Madina Town,Faisalabad,Punjab,31.41764,73.120401,6,5 Marla,For Rent,6,02-17-2019,RealEstate Hub Direct,Unassigned,5.0,5 Marla
13877791,1503,https://www.zameen.com/Property/askari_askari_11_04_bed_room_10_marla_house_for_sale_in_army_officers_housing_scheme_askari_11_sector_b_lahore_cantt-13877791-1503-1.html,House,22000000,Askari,Lahore,Punjab,31.460187,74.432459,5,10 Marla,For Sale,4,07-01-2019,Lasani Vision Real Estate,Tanveer Hussain Munir,10.0,10 Marla
10469148,9456,https://www.zameen.com/Property/allama_iqbal_town_moon_market_furnished_rooms_available_in_allama_iqbal_town-10469148-9456-4.html,Room,20000,Allama Iqbal Town,Lahore,Punjab,31.520841,74.292334,1,1 Marla,For Rent,1,07-19-2019,Shan Estate,Haider Baig,1.0,1 Marla
17333037,8409,https://www.zameen.com/Property/satellite_town_block_d_satellite_town_6th_road_room_is_available_for_rent-17333037-8409-4.html,Room,13000,Satellite Town,Rawalpindi,Punjab,33.642964623375,73.068416118622,0,0.5 Marla,For Rent,1,07-17-2019,Tariq Property,Tariq Razzaq,0.5,0.5 Marla
17067128,378,https://www.zameen.com/Property/lahore_bedian_road_bedian_road_most_beautiful_farm_house_land_available_for_sale-17067128-378-1.html,Farm House,20000000,Bedian Road,Lahore,Punjab,31.473474,74.429569,0,8 Marla,For Sale,0,07-02-2019,N Z Marketing,Malik Naseer Ahmad,8.0,8 Marla
17192386,4398,https://www.zameen.com/Property/lahore_nishtar_colony_double_storey_house_is_available_for_sale_at_good_location-17192386-4398-1.html,House,3000000,Nishtar Colony,Lahore,Punjab,31.422218,74.364395,3,2 Marla,For Sale,3,07-10-2019,Himmat Real Estate & Builders,"Syed Tahir Ali, Muhammad Saleem",2.0,2 Marla
15847545,6842,https://www.zameen.com/Property/gulistan_e_jauhar_gulistan_e_jauhar_block_18_200_sq_yards_house_for_sale_in_gulistan_e_johar_block_18-15847545-6842-1.html,House,22000000,Gulistan-e-Jauhar,Karachi,Sindh,24.907822,67.129209,3,8 Marla,For Sale,3,05-06-2019,RealEstate Hub Direct,Unassigned,8.0,8 Marla
12060554,3337,https://www.zameen.com/Property/g_13_g_13_1_g13__25x40_brand_new_house_available_for_sale-12060554-3337-1.html,House,16500000,G-13,Islamabad,Islamabad Capital,33.645957,72.962472,5,4 Marla,For Sale,4,06-27-2019,RealEstate Hub Direct,Unassigned,4.0,4 Marla
16788217,574,https://www.zameen.com/Property/rawalpindi_westridge_house_is_available_for_rent-16788217-574-4.html,House,30000,Westridge,Rawalpindi,Punjab,33.614905,73.02319,0,5 Marla,For Rent,2,06-21-2019,Haji Sardar Muhammad & Sons Property Dealers,S. M Sabir,5.0,5 Marla
16002626,12457,https://www.zameen.com/Property/korangi_korangi_sector_31_g_flat_available_for_sale_on_booking-16002626-12457-1.html,Flat,2000000,Korangi,Karachi,Sindh,24.827042,67.105828,1,2 Marla,For Sale,2,05-06-2019,Harmain Real Estate,"Shariq Ali, Khubaib Nadeem",2.0,2 Marla
16554851,3546,https://www.zameen.com/Property/architects_engineers_housing_society_architects_engineers_society_block_b_house_for_sale_by_iftikhar_estate_and_builders-16554851-3546-1.html,House,18500000,Architects Engineers Housing Society,Lahore,Punjab,31.444298,74.259288,5,10 Marla,For Sale,5,06-02-2019,RealEstate Hub Direct,Unassigned,10.0,10 Marla
17284084,163,https://www.zameen.com/Property/islamabad_f_11_flat_is_available_for_rent_in_f_11-17284084-163-4.html,Flat,60000,F-11,Islamabad,Islamabad Capital,33.683532,72.99041,2,7.3 Marla,For Rent,2,07-16-2019,Talha International,Muhib Shah,7.3,7.3 Marla
17337232,1781,https://www.zameen.com/Property/bahria_town_sector_b_bahria_town_umar_block_8_marla_upper_portion_available_for_rent-17337232-1781-4.html,Upper Portion,28000,Bahria Town,Lahore,Punjab,31.381706,74.195294,4,8 Marla,For Rent,2,07-18-2019,RealEstate Hub Direct,Unassigned,8.0,8 Marla
16577528,533,https://www.zameen.com/Property/faisalabad_madina_town_lower_portion_is_available_for_rent-16577528-533-4.html,Lower Portion,17000,Madina Town,Faisalabad,Punjab,31.41764,73.120401,0,5 Marla,For Rent,0,06-16-2019,Chanab Property Centre,Muhammad Ramzan,5.0,5 Marla
10776185,1312,https://www.zameen.com/Property/chaklala_scheme_chaklala_scheme_3_upper_portion_for_rent_3_bedrooms_in_locality_of_proper_scheme_3-10776185-1312-4.html,Upper Portion,55000,Chaklala Scheme,Rawalpindi,Punjab,33.656924,73.143826,3,14 Marla,For Rent,3,07-08-2019,RealEstate Hub Direct,Unassigned,14.0,14 Marla
17103123,3442,https://www.zameen.com/Property/i_8_i_8_2_here_is_a_good_opportunity_to_live_in_a_well_built_portion-17103123-3442-4.html,Upper Portion,60000,I-8,Islamabad,Islamabad Capital,33.66764,73.065948,3,12 Marla,For Rent,3,07-04-2019,Mehran Enterprises,Khalid mehmood,12.0,12 Marla
16220591,9436,https://www.zameen.com/Property/askari_10_askari_10_sector_e_10_marla_3_beds_sd_house_located_sector_e_askari_10_airport_road_lahore_cantt-16220591-9436-1.html,House,20500000,Askari,Lahore,Punjab,31.536068,74.408666,4,10 Marla,For Sale,3,05-03-2019,Sunder Estate,Zahid Dogar,10.0,10 Marla
17271579,10011,https://www.zameen.com/Property/bahria_town_precinct_2_bahria_town_quaid_villas_precinct_2__200_square_yards-17271579-10011-1.html,House,20000000,Bahria Town Karachi,Karachi,Sindh,25.005301,67.30881,3,8 Marla,For Sale,3,07-13-2019,The Constructors Real Estate,M Junaid Hunani,8.0,8 Marla
9247063,11579,https://www.zameen.com/Property/karachi_navy_housing_scheme_karsaz_nhs_karsaz_-9247063-11579-1.html,House,90000000,Navy Housing Scheme Karsaz,Karachi,Sindh,24.893299,67.103462,6,14 Marla,For Sale,5,07-18-2019,RealEstate Hub Direct,Unassigned,14.0,14 Marla
17215516,8260,https://www.zameen.com/Property/islamabad_faisal_town_f_18_house_for_sale_3_5_marla-17215516-8260-1.html,House,6200000,Faisal Town - F-18,Islamabad,Islamabad Capital,33.616692,72.858996,4,3.5 Marla,For Sale,5,07-11-2019,RealEstate Hub Direct,Unassigned,3.5,3.5 Marla
17321412,6858,https://www.zameen.com/Property/karachi_gulshan_e_iqbal_town_flat_for_sale_in_gulshan_e_iqbal_block_3_behind_disco_bakery-17321412-6858-1.html,Flat,11000000,Gulshan-e-Iqbal Town,Karachi,Sindh,24.898465,67.0625,3,6.2 Marla,For Sale,3,07-17-2019,RealEstate Hub Direct,Unassigned,6.2,6.2 Marla
15877989,3385,https://www.zameen.com/Property/g_9_g_9_2_double_storey_house_available_for_sale-15877989-3385-1.html,House,21000000,G-9,Islamabad,Islamabad Capital,33.690103,73.027017,0,5 Marla,For Sale,0,06-20-2019,Al Sheraz Property Advisors,Muhammad Shahdat,5.0,5 Marla
17362792,3958,https://www.zameen.com/Property/johar_town_phase_1_johar_town_phase_1_block_g_6_marla_corner_upper_portion_is_available_for_rent-17362792-3958-4.html,Upper Portion,25000,Johar Town,Lahore,Punjab,31.473987,74.283028,2,6 Marla,For Rent,2,07-19-2019,Badar Estate & Builders,M. Imran,6.0,6 Marla
16936092,10036,https://www.zameen.com/Property/bahria_town_karachi_bahria_town_precinct_23_villa_is_available_for_sale-16936092-10036-1.html,House,5800000,Bahria Town Karachi,Karachi,Sindh,25.1159,67.316944,3,8 Marla,For Sale,3,06-27-2019,ZPN Real Estate & Builders,Ali Raza,8.0,8 Marla
17286660,10018,https://www.zameen.com/Property/bahria_town_karachi_bahria_town_precinct_10_villa_available_for_sale_in_bahria_town-17286660-10018-1.html,House,4900000,Bahria Town Karachi,Karachi,Sindh,25.058062,67.306626,3,8 Marla,For Sale,3,07-16-2019,Property House,Kamran Khan,8.0,8 Marla
17096294,1481,https://www.zameen.com/Property/d_h_a_dha_phase_4_west_open_bungalow_is_available_for_sale-17096294-1481-1.html,House,75500000,DHA Defence,Karachi,Sindh,24.824093,67.061405,0,12 Marla,For Sale,0,07-04-2019,Estate Managers,Ehtisham,12.0,12 Marla
17365996,1789,https://www.zameen.com/Property/bahria_town_sector_c_bahria_town_tulip_block_10_marla_fully_furnished_lower_portion_for_rent-17365996-1789-4.html,Lower Portion,55000,Bahria Town,Lahore,Punjab,31.37108,74.190316,3,10 Marla,For Rent,2,07-18-2019,AZ & Sons Constructors,Zeeshan Malik,10.0,10 Marla
15337003,164,https://www.zameen.com/Property/islamabad_f_6_house_is_available_for_rent-15337003-164-4.html,House,700000,F-6,Islamabad,Islamabad Capital,33.730907,73.074431,0,2 Kanal,For Rent,0,04-05-2019,Chaudhry Asoociates,Ch Sabbar,40.0,2 Kanal
9730291,1420,https://www.zameen.com/Property/fechs_jinnah_gardens_upper_portion_for_rent-9730291-1420-4.html,Upper Portion,18000,FECHS,Islamabad,Islamabad Capital,33.572044,73.17508,3,7 Marla,For Rent,2,07-17-2019,RealEstate Hub Direct,Unassigned,7.0,7 Marla
17248381,587,https://www.zameen.com/Property/rawalpindi_khayaban_e_sir_syed_house_is_available_for_rent_at_khayaban_e_sir_syed-17248381-587-4.html,House,15000,Khayaban-e-Sir Syed,Rawalpindi,Punjab,33.638847,73.048089,0,3 Marla,For Rent,0,07-15-2019,Mughal Property Dealer,Nadeem Mughal,3.0,3 Marla
16393253,3423,https://www.zameen.com/Property/i_10_i_10_4_corner_brand_new_double_storey_house_available_for_sale-16393253-3423-1.html,House,22500000,I-10,Islamabad,Islamabad Capital,33.646421,73.045263,0,5 Marla,For Sale,0,06-03-2019,Asad Estate,Rana Asif,5.0,5 Marla
16164957,495,https://www.zameen.com/Property/karachi_scheme_33_house_is_available_for_sale-16164957-495-1.html,House,17000000,Scheme 33,Karachi,Sindh,24.938913,67.140593,0,6.8 Marla,For Sale,3,05-06-2019,Muzammil Associates,Waseem,6.8,6.8 Marla
14269119,343,https://www.zameen.com/Property/islamabad_e_7_e_7_beautiful_prime_location_house_for_sale_size_933_sq_yd_beautiful_location-14269119-343-1.html,House,180000000,E-7,Islamabad,Islamabad Capital,33.727409,73.047581,5,1.9 Kanal,For Sale,4,06-26-2019,ZB Associate,Imran Khan,38.0,1.9 Kanal
15394562,213,https://www.zameen.com/Property/karachi_dha_defence_galaxy_sky_line_apartment_for_rent_dha_karachi_phase_5-15394562-213-4.html,Flat,100000,DHA Defence,Karachi,Sindh,24.794214,67.06461,3,10.7 Marla,For Rent,3,03-20-2019,RealEstate Hub Direct,Unassigned,10.7,10.7 Marla
16987250,13769,https://www.zameen.com/Property/bahria_town_karachi_bahria_town_precinct_23_a_full_paid_good_location_house_for_sale_in_precinct_23_a_bahria_town-16987250-13769-1.html,House,6000000,Bahria Town Karachi,Karachi,Sindh,25.119134,67.318009,0,5 Marla,For Sale,3,06-28-2019,Mina Associates,Rizwan Ahmed,5.0,5 Marla
16712661,6703,https://www.zameen.com/Property/federal_b_area_federal_b_area_block_19_here_is_a_good_opportunity_to_live_in_a_well_built-16712661-6703-1.html,House,18500000,Federal B Area,Karachi,Sindh,24.950499,67.076547,6,4.8 Marla,For Sale,6,06-21-2019,AZ Real Estate,Kamran,4.8,4.8 Marla
14417948,6826,https://www.zameen.com/Property/gulistan_e_jauhar_gulistan_e_jauhar_block_3_ayra_heights_flat_is_available_for_sale-14417948-6826-1.html,Flat,4800000,Gulistan-e-Jauhar,Karachi,Sindh,24.923999,67.13414,2,3 Marla,For Sale,2,02-17-2019,RealEstate Hub Direct,Unassigned,3.0,3 Marla
16219431,1673,https://www.zameen.com/Property/phase_5_dha_phase_5_extension_flat_is_available_for_sale_at_florida_home-16219431-1673-1.html,Flat,11500000,DHA Defence,Karachi,Sindh,24.811562,67.043072,2,5 Marla,For Sale,2,06-05-2019,Noor Corporation,Bilal,5.0,5 Marla
13431840,1314,https://www.zameen.com/Property/islamabad_ghauri_town_house_is_available_for_sale-13431840-1314-1.html,House,13000000,Ghauri Town,Islamabad,Islamabad Capital,33.619337,73.125315,0,7 Marla,For Sale,0,12-06-2018,RealEstate Hub Direct,Unassigned,7.0,7 Marla
16930875,3233,https://www.zameen.com/Property/e_11_e_11_2_e_11_ground_portion_for_rent-16930875-3233-4.html,Lower Portion,40000,E-11,Islamabad,Islamabad Capital,33.699958,72.970119,2,7 Marla,For Rent,2,06-28-2019,Universal Estate & Consultants  PVT (LTD),AHMED ABBAS,7.0,7 Marla
16425870,9201,https://www.zameen.com/Property/karachi_mehmoodabad_2nd_floor_flat_is_available_for_sale_in_mehmoodabad-16425870-9201-1.html,Flat,3300000,Mehmoodabad,Karachi,Sindh,24.853864,67.075562,2,2.8 Marla,For Sale,2,07-02-2019,Tawakal Real Estate Consultant,Muhammad Tanveer Arain,2.8,2.8 Marla
17275466,1797,https://www.zameen.com/Property/bahria_town_sector_d_bahria_town_block_aa_classic_five_marla_brand_new_house_in_bahria_town_lahore-17275466-1797-1.html,House,12000000,Bahria Town,Lahore,Punjab,31.375514,74.172735,5,5 Marla,For Sale,3,07-14-2019,RealEstate Hub Direct,Unassigned,5.0,5 Marla
17318766,11163,https://www.zameen.com/Property/rawalpindi_tulsa_road_portion_is_available_for_rent-17318766-11163-4.html,Upper Portion,20000,Tulsa Road,Rawalpindi,Punjab,33.567664,73.052858,0,10 Marla,For Rent,0,07-16-2019,World Link Real Estate,Manzoor Jalip,10.0,10 Marla
12937942,4280,https://www.zameen.com/Property/valencia_housing_society_valencia_block_h_2_kanal_furnished_house_for__sale-12937942-4280-1.html,House,80000000,Valencia Housing Society,Lahore,Punjab,31.400097,74.25968,0,2 Kanal,For Sale,0,11-05-2018,RealEstate Hub Direct,Unassigned,40.0,2 Kanal
15591347,10018,https://www.zameen.com/Property/bahria_town_karachi_bahria_town_precinct_10_villa_is_available_for_sale-15591347-10018-1.html,House,14200000,Bahria Town Karachi,Karachi,Sindh,25.058062,67.306626,3,8 Marla,For Sale,3,04-06-2019,URBAN - REALTORS & BUILDERS,Mudasir,8.0,8 Marla
17303602,6698,https://www.zameen.com/Property/federal_b_area_federal_b_area_block_14_1st_floor_flat_is_available_for_rent-17303602-6698-4.html,Flat,17000,Federal B Area,Karachi,Sindh,24.931276,67.074873,2,2.9 Marla,For Rent,2,07-16-2019,Al Hassan Real Estate,"Abdul Wahab, Imran",2.9,2.9 Marla
17288164,14142,https://www.zameen.com/Property/eighteen_the_villas_eighteen_villas_luxurious_living-17288164-14142-1.html,House,45000000,Kashmir Highway,Islamabad,Islamabad Capital,33.600282,72.88833,5,1.1 Marla,For Sale,4,07-15-2019,Apollo Consulting,Syed Asad Shakir,1.1,1.1 Marla
16884357,10429,https://www.zameen.com/Property/scheme_33_saadabad_saadabad_180sqyd_westopen_double_story-16884357-10429-1.html,House,26500000,Scheme 33,Karachi,Sindh,24.933193,67.139897,6,7.2 Marla,For Sale,6,06-20-2019,Memon Property Point,Abdul Khali,7.2,7.2 Marla
17190364,198,https://www.zameen.com/Property/karachi_bath_island_1st_floor_flat_is_available_for_sale-17190364-198-1.html,Flat,17500000,Bath Island,Karachi,Sindh,24.835661,67.028604,0,4.4 Marla,For Sale,2,07-09-2019,AL Khaleej Properties,AL KHALEEJ PROPERTIES,4.4,4.4 Marla
16980525,747,https://www.zameen.com/Property/lahore_hassan_town_wooden_work_house_is_available_for_sale-16980525-747-1.html,House,13500000,Hassan Town,Lahore,Punjab,31.505514,74.265089,0,8 Marla,For Sale,3,06-28-2019,Danish Estate Adviser,M Jaffari,8.0,8 Marla
17053688,3937,https://www.zameen.com/Property/johar_town_johar_town_phase_1_5_marla_well_maintained_house_is_available_for_sale-17053688-3937-1.html,House,11000000,Johar Town,Lahore,Punjab,31.465275,74.291897,3,5 Marla,For Sale,3,07-03-2019,Hussain Real Estate & Builders,M Sarfaraz,5.0,5 Marla
17244215,7253,https://www.zameen.com/Property/karachi_punjab_colony_double_storey_house_is_available_for_sale-17244215-7253-1.html,House,2000000,Punjab Colony,Karachi,Sindh,24.830948,67.047329,2,1.6 Marla,For Sale,2,07-12-2019,RealEstate Hub Direct,Unassigned,1.6,1.6 Marla
17077600,3496,https://www.zameen.com/Property/soan_garden_soan_garden_block_f_double_storey_house_is_available_for_sale-17077600-3496-1.html,House,10500000,Soan Garden,Islamabad,Islamabad Capital,33.556774,73.153496,4,5 Marla,For Sale,4,07-03-2019,Samar Enterprises,Haq Nawaz Ch Anwar,5.0,5 Marla
17332547,424,https://www.zameen.com/Property/islamabad_pwd_housing_scheme_house_for_rent_in_pwd-17332547-424-4.html,Upper Portion,20000,PWD Housing Scheme,Islamabad,Islamabad Capital,33.570792,73.145256,2,10 Marla,For Rent,2,07-17-2019,Al Ansaar Real Estate & Builders,Syed Fayyaz,10.0,10 Marla
17008482,1622,https://www.zameen.com/Property/dha_phase_6_dha_phase_6_block_n_one_kanal_brand_new_outclass_bungalow_for_sale_best_location_hot_offer-17008482-1622-1.html,House,37000000,DHA Defence,Lahore,Punjab,31.487455,74.468894,6,1 Kanal,For Sale,5,07-01-2019,Harmain Real Estate & Builders,Shakeel Ahmed,20.0,1 Kanal
17155034,166,https://www.zameen.com/Property/islamabad_f_8_6_bed_house_for_rent_in_sector_f8-17155034-166-4.html,House,600000,F-8,Islamabad,Islamabad Capital,33.713131,73.038383,7,4 Kanal,For Rent,6,07-12-2019,RealEstate Hub Direct,Unassigned,80.0,4 Kanal
15545234,3226,https://www.zameen.com/Property/dha_valley_dha_homes_5_marla_house_is_available_for_sale_dha_valley-15545234-3226-1.html,House,4200000,DHA Defence,Islamabad,Islamabad Capital,33.492591,73.301339,2,5 Marla,For Sale,2,04-05-2019,Taqwa Estate Zone,Imran Bhatti,5.0,5 Marla
16869826,8147,https://www.zameen.com/Property/cantt_barki_road_8_kanal_brand_new_farm_house_for_sale_barki_road_lahore-16869826-8147-1.html,Farm House,140000000,Cantt,Lahore,Punjab,31.52602,74.446685,6,8 Kanal,For Sale,3,06-25-2019,Numan Real Estate & Builders,Numan Real Estate,160.0,8 Kanal
14164720,6639,https://www.zameen.com/Property/karachi_cantonment_askari_3_3_bed_apartment_is_available_for_sale-14164720-6639-1.html,Flat,41500000,Cantt,Karachi,Sindh,24.850177,67.041094,3,10.7 Marla,For Sale,3,07-10-2019,Askari Estate,Naveed Bhatti,10.7,10.7 Marla
17279155,6686,https://www.zameen.com/Property/federal_b_area_federal_b_area_block_2_ground_floor_portion_is_available_for_sale-17279155-6686-1.html,Lower Portion,5500000,Federal B Area,Karachi,Sindh,24.911388,67.060368,0,4.8 Marla,For Sale,2,07-14-2019,Arif Estate,Muhammad Atif,4.8,4.8 Marla
17343024,9991,https://www.zameen.com/Property/karachi_khayaban_e_ittehad_road_500sqyard_4beddd_portion_for_rent_in_dha_phase_7-17343024-9991-4.html,Upper Portion,120000,Khayaban-e-Ittehad Road,Karachi,Sindh,24.813129,67.076319,4,1 Kanal,For Rent,4,07-17-2019,Aklins Properties,Arsalan Ahmed,20.0,1 Kanal
16799760,495,https://www.zameen.com/Property/karachi_scheme_33_rafi_premier_apartment_is_available_for_sale-16799760-495-1.html,Flat,10000000,Scheme 33,Karachi,Sindh,24.938913,67.140593,3,6.4 Marla,For Sale,3,06-21-2019,HomeLand Enterprises,Asad Abbas,6.4,6.4 Marla
16593482,1705,https://www.zameen.com/Property/bahria_town_bahria_enclave_10_marla_luxury_house_for_sale_sector_a_bahria_enclave-16593482-1705-1.html,House,26000000,Bahria Town,Islamabad,Islamabad Capital,33.692638,73.218813,7,10 Marla,For Sale,5,06-05-2019,RealEstate Hub Direct,Unassigned,10.0,10 Marla
14127444,11970,https://www.zameen.com/Property/bahria_enclave_bahria_enclave_sector_a_house_is_available_for_rent-14127444-11970-4.html,House,92000,Bahria Town,Islamabad,Islamabad Capital,33.695973,73.215615,0,1 Kanal,For Rent,5,01-05-2019,RealEstate Hub Direct,Unassigned,20.0,1 Kanal
17326922,9031,https://www.zameen.com/Property/bahria_town_precinct_2_bahria_homes_iqbal_villas_great_opportunity_for_you_to_have_the_property_of_your_choice-17326922-9031-1.html,House,14700000,Bahria Town Karachi,Karachi,Sindh,25.009119,67.307179,3,6 Marla,For Sale,3,07-17-2019,Estate Zone,Mohsin Rizvi,6.0,6 Marla
16972894,8298,https://www.zameen.com/Property/karachi_bahria_town_karachi_tower3_2_bedroom_ready_corner_flat-16972894-8298-1.html,Flat,7200000,Bahria Town Karachi,Karachi,Sindh,24.894076,67.027715,2,4.4 Marla,For Sale,2,06-27-2019,Taba Friends Enterprises,Naveed Shah,4.4,4.4 Marla
17022283,6885,https://www.zameen.com/Property/scheme_33_gulshan_e_kaneez_fatima_house_for_rent_in_kaneez_fatima_scheme_33-17022283-6885-4.html,Lower Portion,26000,Scheme 33,Karachi,Sindh,24.954818,67.11663,2,4.8 Marla,For Rent,2,07-04-2019,Reliance Property,Reliance Property,4.8,4.8 Marla
16991278,7214,https://www.zameen.com/Property/north_nazimabad_north_nazimabad_block_f_portion_for_rent_500_sqyd_1st_floor_3_bed_dd_north_nazimabad_block_f_near_k_electric-16991278-7214-4.html,Upper Portion,75000,North Nazimabad,Karachi,Sindh,24.929369,67.045226,4,1 Kanal,For Rent,3,07-03-2019,Friends Corporation,FRIRENDS CORPORATION,20.0,1 Kanal
16948540,1670,https://www.zameen.com/Property/clifton_clifton_block_8_flat_is_available_for_rent-16948540-1670-4.html,Flat,55000,Clifton,Karachi,Sindh,24.832545,67.035949,3,5 Marla,For Rent,3,06-27-2019,RealEstate Hub Direct,Unassigned,5.0,5 Marla
14423666,1444,https://www.zameen.com/Property/dha_defence_dha_phase_2_lower_portion_for_rent_upper_lock-14423666-1444-4.html,Lower Portion,65000,DHA Defence,Lahore,Punjab,31.478745,74.407969,4,1 Kanal,For Rent,3,01-25-2019,RealEstate Hub Direct,Unassigned,20.0,1 Kanal
15342096,3047,https://www.zameen.com/Property/bahria_town_rawalpindi_bahria_town_phase_7_1_bed_apartment_on_main_bahria_phase_7_express_way_for_rent-15342096-3047-4.html,Flat,12000,Bahria Town Rawalpindi,Rawalpindi,Punjab,33.531951,73.115215,0,1.5 Marla,For Rent,0,03-19-2019,RealEstate Hub Direct,Unassigned,1.5,1.5 Marla
10043310,4398,https://www.zameen.com/Property/lahore_nishtar_colony_house_for_sale-10043310-4398-1.html,House,8000000,Nishtar Colony,Lahore,Punjab,31.422218,74.364395,4,5 Marla,For Sale,4,07-03-2019,RealEstate Hub Direct,Unassigned,5.0,5 Marla
17443414,3961,https://www.zameen.com/Property/johar_town_johar_town_phase_2_new_type_5_marla_lower_portion_for_rent_in_johar_town_lhr-17443414-3961-4.html,Lower Portion,25000,Johar Town,Lahore,Punjab,31.469082,74.266148,2,5 Marla,For Rent,1,07-23-2019,Goraya Real Estate & Builders,Ch Javed Kamboh,5.0,5 Marla
16282014,164,https://www.zameen.com/Property/islamabad_f_6_f_6_brand_new_house_is_available_for_sale-16282014-164-1.html,House,105000000,F-6,Islamabad,Islamabad Capital,33.730907,73.074431,6,17.8 Marla,For Sale,5,06-12-2019,Marriott Estate & Builders,Sheharyar Sadiq Tanoli,17.8,17.8 Marla
16131104,198,https://www.zameen.com/Property/karachi_bath_island_duplex_240_sq_yard_house_for_sale-16131104-198-1.html,House,57500000,Bath Island,Karachi,Sindh,24.835661,67.028604,4,9.6 Marla,For Sale,4,06-05-2019,Zemax Property Consultant Pakistan,Raja Shahzad,9.6,9.6 Marla
16862537,1447,https://www.zameen.com/Property/dha_defence_dha_phase_5_1_kanal_lavish_double_unit_house_on_prime_location-16862537-1447-4.html,House,150000,DHA Defence,Lahore,Punjab,31.462493,74.409342,7,1 Kanal,For Rent,5,06-24-2019,RealEstate Hub Direct,Unassigned,20.0,1 Kanal
17380784,164,https://www.zameen.com/Property/islamabad_f_6_here_is_a_good_opportunity_to_live_in_a_well_built-17380784-164-4.html,House,780000,F-6,Islamabad,Islamabad Capital,33.730907,73.074431,0,2 Kanal,For Rent,0,07-21-2019,Locations Realty,Arslan Khalid,40.0,2 Kanal
17408965,3035,https://www.zameen.com/Property/bahria_town_rawalpindi_bahria_town_phase_2_ground_floor_for_rent_in_bahria_phase_2-17408965-3035-4.html,Lower Portion,35000,Bahria Town Rawalpindi,Rawalpindi,Punjab,33.55892,73.118649,3,10 Marla,For Rent,2,07-21-2019,Al Waris Enterprises,Qari Fazal,10.0,10 Marla
8749915,3279,https://www.zameen.com/Property/f_10_f_10_4_house_for_sale_in_f_10-8749915-3279-1.html,House,60000000,F-10,Islamabad,Islamabad Capital,33.690353,73.010416,7,1 Kanal,For Sale,7,07-04-2019,RealEstate Hub Direct,Unassigned,20.0,1 Kanal
12253376,6678,https://www.zameen.com/Property/dha_phase_8_dha_phase_8_zone_b_brand_new_ground__1_house_with_basement_for_sale-12253376-6678-1.html,House,45000000,DHA Defence,Karachi,Sindh,24.786735534668,67.083290100098,3,4 Marla,For Sale,3,06-05-2019,A. B Estate,Aamir Badar,4.0,4 Marla
17156247,4190,https://www.zameen.com/Property/state_life_housing_society_state_life_housing_phase_1_5_marla_house_for_sale_in_state_life_society-17156247-4190-1.html,House,9500000,State Life Housing Society,Lahore,Punjab,31.446824,74.404736,4,5 Marla,For Sale,3,07-11-2019,Azaan Associates,Adeel Bhatti,5.0,5 Marla
17085935,7222,https://www.zameen.com/Property/north_nazimabad_north_nazimabad_block_n_here_is_a_good_opportunity_to_live_in_a_well_built_portion-17085935-7222-4.html,Upper Portion,55000,North Nazimabad,Karachi,Sindh,24.948476,67.059474,3,12 Marla,For Rent,3,07-04-2019,Imran Estate,"Imran Ahmed, Zohaib",12.0,12 Marla
17311313,3540,https://www.zameen.com/Property/allama_iqbal_town_allama_iqbal_town_nargis_block_facing_park_double_storey_house_is_available_for_sale-17311313-3540-1.html,House,13000000,Allama Iqbal Town,Lahore,Punjab,31.516069,74.281726,0,5 Marla,For Sale,4,07-16-2019,Wellcome Estate & Construction,M Javaid Butt,5.0,5 Marla
17158412,6933,https://www.zameen.com/Property/pechs_pechs_block_2_200_sq_yd_2nd_floor_portion_3_bed_dd_west_open-17158412-6933-4.html,Upper Portion,57000,Jamshed Town,Karachi,Sindh,24.871447,67.058573,3,8 Marla,For Rent,3,07-11-2019,Hassan Associate Real Estate & Construction,Rehan Ahmed,8.0,8 Marla
15951295,6043,https://www.zameen.com/Property/satellite_town_satellite_town_block_d_portion_for_rent-15951295-6043-4.html,Lower Portion,50000,Satellite Town,Rawalpindi,Punjab,33.641205,73.06577,3,8 Marla,For Rent,3,05-06-2019,RealEstate Hub Direct,Unassigned,8.0,8 Marla
16831403,1482,https://www.zameen.com/Property/d_h_a_dha_phase_5_dha_phase_5_fully_renovated_beautiful_bungalow_500_yard_nice_location-16831403-1482-4.html,House,200000,DHA Defence,Karachi,Sindh,24.810265,67.043552,5,1 Kanal,For Rent,4,06-20-2019,Home Bridge Real Estate,Asad Mehmood,20.0,1 Kanal
14461534,340,https://www.zameen.com/Property/islamabad_bani_gala_7_marla_portion_for_rent_2_bed-14461534-340-4.html,Lower Portion,16000,Bani Gala,Islamabad,Islamabad Capital,33.713488,73.16268,3,7 Marla,For Rent,2,04-05-2019,Mid Citi Enterprises,Raja Adeel Abbasi,7.0,7 Marla
12441172,7185,https://www.zameen.com/Property/north_karachi_north_karachi_sector_11b_portion_is_available_for_rent-12441172-7185-4.html,Upper Portion,45000,North Karachi,Karachi,Sindh,24.97645,67.060289,3,12 Marla,For Rent,3,10-21-2018,RealEstate Hub Direct,Unassigned,12.0,12 Marla
16679075,540,https://www.zameen.com/Property/rawalpindi_gulzar_e_quaid_housing_society_portion_is_available_for_rent-16679075-540-4.html,Upper Portion,17500,Gulzar-e-Quaid Housing Society,Rawalpindi,Punjab,33.600376,73.130983,2,5 Marla,For Rent,2,06-14-2019,RealEstate Hub Direct,Unassigned,5.0,5 Marla
15792441,154,https://www.zameen.com/Property/gulberg_zafar_ali_road_semi_furnished_bungalow_for_rent_in_gulberg_5_zafar_ali_road-15792441-154-4.html,House,1300000,Gulberg,Lahore,Punjab,31.53842,74.352357,7,6 Kanal,For Rent,6,05-25-2019,Prime Deal Real Estate,Mr Amir Shahzad,120.0,6 Kanal
16908854,198,https://www.zameen.com/Property/karachi_bath_island_falak_residency_apartment_in_bath_island-16908854-198-1.html,Flat,48000000,Bath Island,Karachi,Sindh,24.835661,67.028604,4,11.1 Marla,For Sale,4,06-27-2019,Murshid Real Estate,Bharat Raj,11.1,11.1 Marla
16578664,438,https://www.zameen.com/Property/rawalpindi_gulraiz_housing_scheme_1_kanal_portion_is_available_for_rent_in_gulraiz-16578664-438-4.html,Lower Portion,35000,Gulraiz Housing Scheme,Rawalpindi,Punjab,33.5628,73.107144,3,1 Kanal,For Rent,3,06-26-2019,Al Qaim Real Estate & Builders,Sheikh Bilal,20.0,1 Kanal
17065627,156,https://www.zameen.com/Property/islamabad_bhara_kahu_single_storey_house_is_available_for_sale-17065627-156-1.html,House,7000000,Bhara kahu,Islamabad,Islamabad Capital,33.737402,73.179159,3,10 Marla,For Sale,3,07-02-2019,Property Master,Pirzada Khan,10.0,10 Marla
16919399,6841,https://www.zameen.com/Property/gulistan_e_jauhar_gulistan_e_jauhar_block_17_1st_floor_flat_is_available_for_sale-16919399-6841-1.html,Flat,3800000,Gulistan-e-Jauhar,Karachi,Sindh,24.913179,67.121959,0,3.3 Marla,For Sale,2,06-27-2019,Abdullah Estate & Marketing,Amir,3.3,3.3 Marla
13329855,8336,https://www.zameen.com/Property/rawalpindi_new_lalazar_house_for_small_family-13329855-8336-4.html,House,35000,New Lalazar,Rawalpindi,Punjab,33.561043,73.070615,3,6 Marla,For Rent,2,12-10-2018,RealEstate Hub Direct,Unassigned,6.0,6 Marla
15595666,3070,https://www.zameen.com/Property/bahria_town_phase_8_safari_valley_bahria_town_phase_8_ali_block_corner_house_in_ali_block_bahria_town_rawalpindi-15595666-3070-1.html,House,21000000,Bahria Town Rawalpindi,Rawalpindi,Punjab,33.49116,73.093243,7,10 Marla,For Sale,5,05-05-2019,MI Real Estate & Builders,Mohammad,10.0,10 Marla
16259721,253,https://www.zameen.com/Property/karachi_khalid_bin_walid_road_flat_for_sale_on_khalid_bin_waleed_road-16259721-253-1.html,Flat,37500000,Khalid Bin Walid Road,Karachi,Sindh,24.874922,67.057322,3,10.7 Marla,For Sale,3,05-06-2019,RealEstate Hub Direct,Unassigned,10.7,10.7 Marla
17383704,1447,https://www.zameen.com/Property/dha_defence_dha_phase_5_1_kanal_full_house_fully_furnished_for_rent_in_dha_phase_4-17383704-1447-4.html,House,240000,DHA Defence,Lahore,Punjab,31.462493,74.409342,6,1 Kanal,For Rent,4,07-19-2019,Wealth Managers,Asif Raza Burana,20.0,1 Kanal
8635450,1556,https://www.zameen.com/Property/model_town_model_town_block_k_2_kanal_house_in_model_town-8635450-1556-1.html,House,87500000,Model Town,Lahore,Punjab,31.481966,74.313834,4,2 Kanal,For Sale,4,07-03-2019,RealEstate Hub Direct,Unassigned,40.0,2 Kanal
17095306,1672,https://www.zameen.com/Property/dha_defence_dha_phase_2_extension_apartment_is_available_for_sale-17095306-1672-1.html,Flat,17000000,DHA Defence,Karachi,Sindh,24.832117,67.063637,3,8 Marla,For Sale,3,07-04-2019,RealEstate Hub Direct,Unassigned,8.0,8 Marla
14126445,340,https://www.zameen.com/Property/islamabad_bani_gala_upper_portion_is_available_for_rent-14126445-340-4.html,Upper Portion,41000,Bani Gala,Islamabad,Islamabad Capital,33.713488,73.16268,0,1 Kanal,For Rent,0,01-05-2019,RealEstate Hub Direct,Unassigned,20.0,1 Kanal
17064077,11633,https://www.zameen.com/Property/islamabad_highway_the_palm_residential_apartments_book_your_dream_apartment_todaybest_time_to_invest_your_savings-17064077-11633-1.html,Flat,5250000,Islamabad Highway,Islamabad,Islamabad Capital,33.647003,73.097826,1,3.1 Marla,For Sale,1,07-02-2019,Beacon Investment,Zain Tariq Malik,3.1,3.1 Marla
9872762,8916,https://www.zameen.com/Property/faisalabad_al_noor_garden_5_marla_house_is_available_for_sale-9872762-8916-1.html,House,8100000,Al Noor Garden,Faisalabad,Punjab,31.421522,73.13978,0,5 Marla,For Sale,4,07-17-2019,RealEstate Hub Direct,Unassigned,5.0,5 Marla
17061798,10011,https://www.zameen.com/Property/bahria_town_precinct_2_bahria_town_quaid_villas_a_beautiful_quaid_villa_is_available_on_good_location-17061798-10011-1.html,House,23000000,Bahria Town Karachi,Karachi,Sindh,25.005301,67.30881,3,8 Marla,For Sale,3,07-03-2019,Ali Corporation,Naeem Ahmed,8.0,8 Marla
16939108,3348,https://www.zameen.com/Property/g_15_g_15_1_a_beautifully_built_house_at_good_location-16939108-3348-1.html,House,27300000,G-15,Islamabad,Islamabad Capital,33.626913,72.924328,6,14 Marla,For Sale,6,06-27-2019,Skyl Group,Engr Waseem Cheema,14.0,14 Marla
16557859,514,https://www.zameen.com/Property/lahore_upper_mall_portion_is_available_for_rent-16557859-514-4.html,Lower Portion,45000,Upper Mall,Lahore,Punjab,31.542114,74.355898,0,5 Marla,For Rent,2,05-25-2019,Iman Estate Adviser,Iman Estate Adviser,5.0,5 Marla
15772035,419,https://www.zameen.com/Property/satiana_road_tech_town__tnt_colony__main_santana_road_tnt_colony_house_for_sale-15772035-419-1.html,House,9500000,Satiana Road,Faisalabad,Punjab,31.372179,73.125594,5,5 Marla,For Sale,4,04-18-2019,RealEstate Hub Direct,Unassigned,5.0,5 Marla
10978714,1039,https://www.zameen.com/Property/islamabad_h_13_economical_flat_for_sale__capital_homes_h13_islamabad-10978714-1039-1.html,Flat,2500000,H-13,Islamabad,Islamabad Capital,33.637489,72.972193,0,2.4 Marla,For Sale,0,01-05-2019,Faisal Rehman estate,Faisal Rehman,2.4,2.4 Marla
13165563,9151,https://www.zameen.com/Property/margalla_town_margalla_town_phase_2_lower_portion_available_for_rent_in_margalla_town_phase_ii-13165563-9151-4.html,Lower Portion,28000,Margalla Town,Islamabad,Islamabad Capital,33.668604,73.106169,2,6.7 Marla,For Rent,2,11-06-2018,RealEstate Hub Direct,Unassigned,6.7,6.7 Marla
15379173,8298,https://www.zameen.com/Property/karachi_bahria_town_karachi_2_bed_apartment_for_sale-15379173-8298-1.html,Flat,6500000,Bahria Town Karachi,Karachi,Sindh,24.894076,67.027715,0,4 Marla,For Sale,0,05-06-2019,Real Marketing,Junaid Iqbal,4.0,4 Marla
14742131,6673,https://www.zameen.com/Property/dha_phase_6_ittehad_commercial_area_1000_yard_house__for_sale-14742131-6673-1.html,House,185000000,DHA Defence,Karachi,Sindh,24.803643,67.074094,5,2 Kanal,For Sale,4,02-17-2019,RealEstate Hub Direct,Unassigned,40.0,2 Kanal
15978502,4907,https://www.zameen.com/Property/faisalabad_ayub_colony_good_location_house_for_rent-15978502-4907-4.html,House,20000,Ayub Colony,Faisalabad,Punjab,31.405993,73.055134,2,5 Marla,For Rent,3,05-18-2019,RealEstate Hub Direct,Unassigned,5.0,5 Marla
11667863,7262,https://www.zameen.com/Property/sindh_industrial_trading_estate__site__banaras_colony_house_is_available_for_sale-11667863-7262-1.html,House,6500000,Sindh Industrial Trading Estate (SITE),Karachi,Sindh,24.935697011428,67.01321259141,6,5.6 Marla,For Sale,10,08-21-2018,RealEstate Hub Direct,Unassigned,5.6,5.6 Marla
16736515,340,https://www.zameen.com/Property/islamabad_bani_gala_double_story_house_available_for_sale-16736515-340-1.html,House,8000000,Bani Gala,Islamabad,Islamabad Capital,33.713488,73.16268,4,5 Marla,For Sale,4,06-19-2019,Islamabad Property Point,"Ishtiaq Ahmed, M. Pervaiz",5.0,5 Marla
17257862,3047,https://www.zameen.com/Property/bahria_town_rawalpindi_bahria_town_phase_7_full_house_is_available_for_rent-17257862-3047-4.html,House,120000,Bahria Town Rawalpindi,Rawalpindi,Punjab,33.531951,73.115215,0,1 Kanal,For Rent,0,07-12-2019,Earth Connection Estate Investment Consultant,Raja Rehman Ali,20.0,1 Kanal
17075057,8224,https://www.zameen.com/Property/bahria_town_phase_8_bahria_town_phase_8_awami_villas_3_well_built_apartment_available_in_good_location-17075057-8224-4.html,Flat,19500,Bahria Town Rawalpindi,Rawalpindi,Punjab,33.474695,73.062758,2,5 Marla,For Rent,2,07-05-2019,Haroon Real Estate Consultant & Builders,Haroon,5.0,5 Marla
15566572,3442,https://www.zameen.com/Property/i_8_i_8_2_i_8_double_storey_triple_storey_house_for_sale-15566572-3442-1.html,House,50000000,I-8,Islamabad,Islamabad Capital,33.66764,73.065948,6,11.2 Marla,For Sale,9,04-05-2019,Mian Associates,Muhammad Ikram,11.2,11.2 Marla
14925991,8157,https://www.zameen.com/Property/rawalpindi_media_town_double_unit_house_is_available_for_sale-14925991-8157-1.html,House,22000000,Media Town,Rawalpindi,Punjab,33.560887,73.125937,0,12 Marla,For Sale,6,03-06-2019,IR Real Estate And Builders,Israr Ahmed,12.0,12 Marla
16839974,1802,https://www.zameen.com/Property/bahria_town_bahria_town_sector_e_1_kanal_portion_is_available_for_rent__nishter_block_bahria_town_lahore-16839974-1802-4.html,Upper Portion,50000,Bahria Town,Lahore,Punjab,31.364887,74.186554,3,1 Kanal,For Rent,3,06-24-2019,RealEstate Hub Direct,Unassigned,20.0,1 Kanal
16600131,9158,https://www.zameen.com/Property/naval_anchorage_naval_anchorage_block_g_5_marla_corner_upper_portion_for_rent-16600131-9158-4.html,Upper Portion,22000,Naval Anchorage,Islamabad,Islamabad Capital,33.57081,73.207288,2,5 Marla,For Rent,2,06-17-2019,RealEstate Hub Direct,Unassigned,5.0,5 Marla
17081081,1798,https://www.zameen.com/Property/bahria_town_sector_d_bahria_town_block_bb_brand_new_5_marla_beautiful_solid_house_bb_block_btl-17081081-1798-1.html,House,13500000,Bahria Town,Lahore,Punjab,31.374249,74.176404,4,5 Marla,For Sale,3,07-03-2019,Mash Allah Estate & Builders,Azam Ali,5.0,5 Marla
17041931,9030,https://www.zameen.com/Property/bahria_town_karachi_bahria_apartments_luxurious_apartment_is_available_for_sale-17041931-9030-1.html,Flat,12500000,Bahria Town Karachi,Karachi,Sindh,25.020961,67.321172,3,10 Marla,For Sale,3,07-02-2019,Build Track Real Estate & Builders,Mubashir Ali,10.0,10 Marla
17339275,1033,https://www.zameen.com/Property/rawalpindi_muslim_town_portion_is_available_for_rent-17339275-1033-4.html,Lower Portion,14000,Muslim Town,Rawalpindi,Punjab,33.62861,73.092252,0,3 Marla,For Rent,0,07-17-2019,Al Madina Property Adviser,Tallat Mehmood Niazi,3.0,3 Marla
17001819,10018,https://www.zameen.com/Property/bahria_town_karachi_bahria_town_precinct_10_villa_is_available_for_sale_full_paid-17001819-10018-1.html,House,14300000,Bahria Town Karachi,Karachi,Sindh,25.058062,67.306626,3,8 Marla,For Sale,3,06-29-2019,Mega Real Estate,Jamshed,8.0,8 Marla
17392352,893,https://www.zameen.com/Property/lahore_gulshan_e_ravi_portion_is_available_for_rent-17392352-893-4.html,Upper Portion,25000,Gulshan-e-Ravi,Lahore,Punjab,31.551184,74.284058,0,5 Marla,For Rent,2,07-19-2019,Al Hamad Associates & Property Advisor,Awais Ali,5.0,5 Marla
17102640,7209,https://www.zameen.com/Property/north_nazimabad_north_nazimabad_block_a_great_opportunity_for_you_to_have_the_property_of_your_choice-17102640-7209-1.html,Flat,12500000,North Nazimabad,Karachi,Sindh,24.932405,67.030249,3,6 Marla,For Sale,3,07-03-2019,Gulzar Associates,M. Murtaza,6.0,6 Marla
14991209,1786,https://www.zameen.com/Property/bahria_town_sector_c_bahria_town_jasmine_block_10_marla_house_for_sale_in_bahria_town_lahore_jasmine_block_near_park-14991209-1786-1.html,House,16000000,Bahria Town,Lahore,Punjab,31.375843,74.189715,7,10 Marla,For Sale,5,04-04-2019,Safari Properties,"NISAAR SB, BABAR SB,",10.0,10 Marla
16781090,10235,https://www.zameen.com/Property/lahore_al_raziq_garden_double_story_house_is_available_for_sale-16781090-10235-1.html,House,5000000,Al-Raziq Garden,Lahore,Punjab,31.559283,74.184612,3,4 Marla,For Sale,4,06-18-2019,Muhammad Real Estate,Mian Jamshaid Salah-Ud-Din,4.0,4 Marla
16499731,4349,https://www.zameen.com/Property/lahore_mateen_avenue_here_is_a_good_opportunity_to_live_in_a_well_built_house-16499731-4349-1.html,House,5800000,Mateen Avenue,Lahore,Punjab,31.441992,74.291389,3,3 Marla,For Sale,3,06-25-2019,Rujpoot Estate & Builders,Faizan Javed,3.0,3 Marla
17264552,6853,https://www.zameen.com/Property/scheme_33_saadi_town_here_is_a_good_opportunity_to_live_in_a_well_built_house-17264552-6853-1.html,House,24800000,Scheme 33,Karachi,Sindh,24.964623,67.168558,6,9.6 Marla,For Sale,6,07-14-2019,Al Affan Real Estate,Syed Aqeel Shaikh,9.6,9.6 Marla
16498331,4506,https://www.zameen.com/Property/al_rehman_garden_al_rehman_garden_phase_2_house_for_sale_in_d_block-16498331-4506-1.html,House,6000000,Al Rehman Garden,Lahore,Punjab,31.598824,74.228218,2,3 Marla,For Sale,3,06-02-2019,Al Raqeeb Real Estate,Syed Shahid,3.0,3 Marla
15538676,6838,https://www.zameen.com/Property/gulistan_e_jauhar_gulistan_e_jauhar_block_14_2nd_floor_flat_is_available_for_sale-15538676-6838-1.html,Flat,5500000,Gulistan-e-Jauhar,Karachi,Sindh,24.920384,67.129162,0,4.4 Marla,For Sale,3,04-09-2019,Seven Eight Six Associates,"Ahtisham, Mubashir",4.4,4.4 Marla
17321166,781,https://www.zameen.com/Property/lahore_military_accounts_housing_society_double_storey_house_is_available_for_sale-17321166-781-1.html,House,15000000,Military Accounts Housing Society,Lahore,Punjab,31.421266,74.283972,0,8 Marla,For Sale,5,07-16-2019,Atif Estate & Builders,Malik Atif Waqas,8.0,8 Marla
16122556,10011,https://www.zameen.com/Property/bahria_town_precinct_2_bahria_town_quaid_villas_villa_is_available_for_sale-16122556-10011-1.html,House,19500000,Bahria Town Karachi,Karachi,Sindh,25.005301,67.30881,3,8 Marla,For Sale,3,06-27-2019,Bawany Builder & Realtor,Saad chotani,8.0,8 Marla
16448465,582,https://www.zameen.com/Property/faisalabad_saeed_colony_bungalow_is_available_for_sale-16448465-582-1.html,House,22500000,Saeed Colony,Faisalabad,Punjab,31.434925,73.129199,3,15 Marla,For Sale,3,05-17-2019,Anmol Estate Linker,Sheikh Tanveer Ahmad,15.0,15 Marla
17323399,1448,https://www.zameen.com/Property/dha_defence_dha_phase_6_brand_new_1_kanal_upper_portion_for_rent_located_in_dha_defence_6-17323399-1448-4.html,Upper Portion,70000,DHA Defence,Lahore,Punjab,31.471571,74.445906,4,1 Kanal,For Rent,3,07-20-2019,Etihad Marketing,Tahir Yaqoob,20.0,1 Kanal
12980053,7133,https://www.zameen.com/Property/malir_malir_homes_house_is_available_for_sale-12980053-7133-1.html,House,9500000,Malir,Karachi,Sindh,24.869033,67.202682,0,3.2 Marla,For Sale,0,11-19-2018,RealEstate Hub Direct,Unassigned,3.2,3.2 Marla
15450561,12435,https://www.zameen.com/Property/north_karachi_north_karachi_sector_7_d_160_sq_yard_corner_house_for_urgent_sale-15450561-12435-1.html,House,14000000,North Karachi,Karachi,Sindh,24.966616,67.05098,5,6.4 Marla,For Sale,5,04-09-2019,RealEstate Hub Direct,Unassigned,6.4,6.4 Marla
15929651,4334,https://www.zameen.com/Property/wapda_town_phase_2_wapda_town_phase_2_block_n3_brand_new_lower_portion_at_prime_location-15929651-4334-4.html,Lower Portion,38000,Wapda Town,Lahore,Punjab,31.442797,74.253488,2,10 Marla,For Rent,2,04-25-2019,RealEstate Hub Direct,Unassigned,10.0,10 Marla
12735723,174,https://www.zameen.com/Property/islamabad_i_8_house_for_sale_near_i_8_markaz-12735723-174-1.html,House,43000000,I-8,Islamabad,Islamabad Capital,33.668497,73.07416,4,14 Marla,For Sale,4,11-06-2018,RealEstate Hub Direct,Unassigned,14.0,14 Marla
16931528,9883,https://www.zameen.com/Property/lahore_sami_town_the_best_house_for_living_purpose-16931528-9883-1.html,House,6100000,Sami Town,Lahore,Punjab,31.56712,74.413107,4,5 Marla,For Sale,4,06-28-2019,Butt Property Centre,Syed Zameer Hussain,5.0,5 Marla
17035978,12,https://www.zameen.com/Property/karachi_federal_b_area_well_built_portion_available_in_good_location-17035978-12-1.html,Upper Portion,6000000,Federal B Area,Karachi,Sindh,24.92863,67.064466,2,3 Marla,For Sale,2,07-02-2019,Dua Enterprises & Property Consultants,M. Amir,3.0,3 Marla
15173036,1404,https://www.zameen.com/Property/rawalpindi_shalley_valley_double_storey_house_for_sale_in_shallay_valley_range_road_rawalpindi-15173036-1404-1.html,House,13000000,Shalley Valley,Rawalpindi,Punjab,33.597548,73.014176,0,6 Marla,For Sale,0,03-06-2019,Aqsa Property Centre,Muhammad Riaz Mughal,6.0,6 Marla
15992905,8974,https://www.zameen.com/Property/bahria_town_phase_4_bahria_town_civic_centre_apartment_is_available_for_sale_in_silk_tower_civic_center-15992905-8974-1.html,Flat,4700000,Bahria Town Rawalpindi,Rawalpindi,Punjab,33.550096,73.123815,1,3 Marla,For Sale,2,05-05-2019,RealEstate Hub Direct,Unassigned,3.0,3 Marla
12858011,3069,https://www.zameen.com/Property/bahria_town_phase_8_safari_valley_bahria_town_phase_8_abu_bakar_block_abou_bkr_block_safari_valley_7_marla_house_brand_new_house_for_sale-12858011-3069-1.html,House,14500000,Bahria Town Rawalpindi,Rawalpindi,Punjab,33.495991,73.100195,6,7 Marla,For Sale,5,04-06-2019,Al Qaim Associate,Muhammad Rizwan,7.0,7 Marla
17217143,1797,https://www.zameen.com/Property/bahria_town_sector_d_bahria_town_block_aa_5_marla_beautiful_house_for_sale_in_bahria_town_sector_d_block_aa-17217143-1797-1.html,House,12500000,Bahria Town,Lahore,Punjab,31.375514,74.172735,4,5 Marla,For Sale,3,07-10-2019,Hussain Real Estate,Hamayun Bal,5.0,5 Marla
17266692,3967,https://www.zameen.com/Property/johar_town_phase_2_johar_town_phase_2_block_h2_portion_is_available_for_rent-17266692-3967-4.html,Upper Portion,60000,Johar Town,Lahore,Punjab,31.469924,74.267278,0,1 Kanal,For Rent,4,07-10-2019,Umer Estate And Builders,"Qasim Ali, Ansar Ali, Akhtar Ali",20.0,1 Kanal
16975265,1483,https://www.zameen.com/Property/d_h_a_dha_phase_6_500_yards_upper_portion_for_rent-16975265-1483-4.html,Upper Portion,110000,DHA Defence,Karachi,Sindh,24.805045,67.064323,3,1 Kanal,For Rent,3,06-26-2019,Khawaja Associates,Jawad,20.0,1 Kanal
13652942,6871,https://www.zameen.com/Property/gulshan_e_iqbal_gulshan_e_iqbal_block_10_house_is_for_sale-13652942-6871-1.html,House,34000000,Gulshan-e-Iqbal Town,Karachi,Sindh,24.912128,67.099257,6,9.6 Marla,For Sale,6,12-19-2018,RealEstate Hub Direct,Unassigned,9.6,9.6 Marla
16759611,9883,https://www.zameen.com/Property/lahore_sami_town_lower_portion_is_available_for_rent-16759611-9883-4.html,Lower Portion,16000,Sami Town,Lahore,Punjab,31.56712,74.413107,0,6 Marla,For Rent,2,06-24-2019,Rana Abid Estate,Rana Abid,6.0,6 Marla
17342655,10020,https://www.zameen.com/Property/bahria_town_precinct_11_bahria_town_precinct_11_a_villa_for_sale_in_precinct_11_a_bahria_town-17342655-10020-1.html,House,10600000,Bahria Town Karachi,Karachi,Sindh,25.067079,67.309986,0,5 Marla,For Sale,0,07-17-2019,OK Estate & Builders,Aamir Memon,5.0,5 Marla
17446776,162,https://www.zameen.com/Property/islamabad_f_10_the_best_house_for_living_purpose-17446776-162-4.html,House,150000,F-10,Islamabad,Islamabad Capital,33.691531,73.005431,6,1 Kanal,For Rent,6,07-23-2019,Fine Estate,Nassar,20.0,1 Kanal
17317816,9246,https://www.zameen.com/Property/paragon_city_paragon_city_imperial_1_block_house_is_available_for_sale-17317816-9246-1.html,House,12500000,Paragon City,Lahore,Punjab,31.528283,74.463143,0,5 Marla,For Sale,3,07-16-2019,Ghuman Builders and Real Estate,Naseeb,5.0,5 Marla
17199236,1588,https://www.zameen.com/Property/dha_phase_3_dha_phase_3_block_z_1_kanal_upper_portion_phase_3_block_z_2_bed_rent_38000-17199236-1588-4.html,Upper Portion,38000,DHA Defence,Lahore,Punjab,31.47428,74.380918,3,1 Kanal,For Rent,2,07-10-2019,Jinnah Estate,shafiq chughtai,20.0,1 Kanal
11585914,1798,https://www.zameen.com/Property/bahria_town_sector_d_bahria_town_block_bb_5_marla_brand_new_full_house_with_gas_for_sale_in_bahria_town-11585914-1798-1.html,House,12500000,Bahria Town,Lahore,Punjab,31.374249,74.176404,5,5 Marla,For Sale,3,08-07-2018,RealEstate Hub Direct,Unassigned,5.0,5 Marla
17133664,198,https://www.zameen.com/Property/karachi_bath_island_bath_island_appartment_for_rent-17133664-198-4.html,Flat,80000,Bath Island,Karachi,Sindh,24.83566,67.0286,3,9.8 Marla,For Rent,3,07-11-2019,MD Real Estate,Muhammad Rehan,9.8,9.8 Marla
15809570,534,https://www.zameen.com/Property/faisalabad_satiana_road_upper_portion_is_available_for_rent-15809570-534-4.html,Upper Portion,25000,Satiana Road,Faisalabad,Punjab,31.37861,73.129245,0,10 Marla,For Rent,0,04-18-2019,Al Qasim Estate Agency,"Daud Ahmad(Co-CEO), Shafique Arshad Waince(Co-CEO), Zafar Iqbal Bajwa (CEO)",10.0,10 Marla
17299812,163,https://www.zameen.com/Property/islamabad_f_11_house_is_available_for_rent_at_good_location-17299812-163-4.html,House,183000,F-11,Islamabad,Islamabad Capital,33.683532,72.99041,6,1.3 Kanal,For Rent,6,07-16-2019,Estate Panel,Usama,26.0,1.3 Kanal
13353720,1483,https://www.zameen.com/Property/d_h_a_dha_phase_6_full_floor_apartment_for_rent-13353720-1483-4.html,Flat,85000,DHA Defence,Karachi,Sindh,24.805045,67.064323,4,8.9 Marla,For Rent,3,11-20-2018,Akhtar Associates,Akhtar Baloch,8.9,8.9 Marla
12840554,8336,https://www.zameen.com/Property/rawalpindi_new_lalazar_1_kanal_house_for_sale-12840554-8336-1.html,House,40000000,New Lalazar,Rawalpindi,Punjab,33.561043,73.070615,5,1 Kanal,For Sale,4,11-07-2018,RealEstate Hub Direct,Unassigned,20.0,1 Kanal
16129838,12025,https://www.zameen.com/Property/ghous_garden_ghous_garden_phase_3_3_marla__double_story_house-16129838-12025-1.html,House,4000000,Ghous Garden,Lahore,Punjab,31.584607,74.481766,4,3 Marla,For Sale,4,06-11-2019,Ideal Estate & Builders,Mian M. Tariq Saeed,3.0,3 Marla
16452369,1682,https://www.zameen.com/Property/islamabad_gulberg_book_your_luxury_apartment_on_easy_installments_in_gulberg_emporium_mall_and_residency-16452369-1682-1.html,Flat,6540000,Gulberg,Islamabad,Islamabad Capital,33.599018,73.211968,2,3.9 Marla,For Sale,2,06-03-2019,Apex Developers,Apex Developers,3.9,3.9 Marla
17279425,7222,https://www.zameen.com/Property/north_nazimabad_north_nazimabad_block_n_1st_floor_flat_is_available_for_rent-17279425-7222-4.html,Flat,35000,North Nazimabad,Karachi,Sindh,24.948476,67.059474,3,4.9 Marla,For Rent,3,07-15-2019,ST Enterprises,"Abdullah Afaq, Tanzeel",4.9,4.9 Marla
16644420,6738,https://www.zameen.com/Property/surjani_town_surjani_town_sector_7a_well_built_apartment_available_in_good_location-16644420-6738-1.html,Flat,3900000,Gadap Town,Karachi,Sindh,25.036072,67.065954,2,3.3 Marla,For Sale,2,06-14-2019,Al Dinas Enterprises,Anas Qureshi,3.3,3.3 Marla
17381601,1573,https://www.zameen.com/Property/dha_phase_2_dha_phase_2_block_t_20_marla_beautiful_brand_new_outclass_location_bungalow_real_picture_very_low_price_proper_double_units-17381601-1573-1.html,House,52500000,DHA Defence,Lahore,Punjab,31.472303,74.403319,7,1 Kanal,For Sale,5,07-19-2019,Elegant Estate,Ch Muhammad Saeed,20.0,1 Kanal
16932044,1474,https://www.zameen.com/Property/lahore_bahria_orchard_1_kanal_villa_available_for_sale-16932044-1474-1.html,House,20800000,Bahria Orchard,Lahore,Punjab,31.317861,74.21814,4,1 Kanal,For Sale,4,06-29-2019,Taimoor Associates & Builders,Syed Ahmad Bukhri,20.0,1 Kanal
16078054,6834,https://www.zameen.com/Property/gulistan_e_jauhar_gulistan_e_jauhar_block_10_flat_for_sale_ground_floor_flat_at_kda_place_tower-16078054-6834-1.html,Flat,7000000,Gulistan-e-Jauhar,Karachi,Sindh,24.924636,67.141903,3,6.4 Marla,For Sale,3,05-04-2019,Zain Estate,Muhammad Nadeem,6.4,6.4 Marla
15613501,1604,https://www.zameen.com/Property/dha_phase_5_dha_phase_5_block_g_1_kanal_brand_new_luxury_royal_bungalow_in_dha_phase_5_for_sale-15613501-1604-1.html,House,46500000,DHA Defence,Lahore,Punjab,31.46835,74.401603,6,1 Kanal,For Sale,5,06-18-2019,Home Real Estate & Builders,Habib Malik,20.0,1 Kanal
16743579,3384,https://www.zameen.com/Property/g_9_g_9_1_g_9__islamabad_beautiful_location_house_for_sale-16743579-3384-1.html,House,39000000,G-9,Islamabad,Islamabad Capital,33.682674407959,73.030242919922,6,14 Marla,For Sale,6,06-26-2019,NA-48 Property,Anser  Nadeem,14.0,14 Marla
16264404,7078,https://www.zameen.com/Property/nazimabad_nazimabad_block_1_flat_for_sale_on_main_road_facing_project_in_nazimabad_no_1-16264404-7078-1.html,Flat,9500000,Nazimabad,Karachi,Sindh,24.906134,67.023983,3,5.8 Marla,For Sale,3,05-06-2019,Iman International,Habib,5.8,5.8 Marla
16554566,4178,https://www.zameen.com/Property/sabzazar_scheme_sabzazar_scheme_block_p_5_marla_brand_new_double_storey_house_for_sale-16554566-4178-1.html,House,15000000,Sabzazar Scheme,Lahore,Punjab,31.515337,74.264045,6,5 Marla,For Sale,5,06-02-2019,RealEstate Hub Direct,Unassigned,5.0,5 Marla
17403758,1006,https://www.zameen.com/Property/lahore_pak_arab_housing_society_3_marla_house_for_sale_in_pak_arab_housing_scheme-17403758-1006-1.html,House,6000000,Pak Arab Housing Society,Lahore,Punjab,31.432105,74.349117,2,3 Marla,For Sale,2,07-20-2019,International Property Management Group,Ch Khizar Hayat,3.0,3 Marla
16392518,3946,https://www.zameen.com/Property/johar_town_phase_1_johar_town_phase_1_block_c_3_marla_tiled_neat_and_clean_house_foe_rent-16392518-3946-4.html,House,30000,Johar Town,Lahore,Punjab,31.455465,74.295859,2,3 Marla,For Rent,4,05-25-2019,Syed Associates,Syed Associates,3.0,3 Marla
15404022,6868,https://www.zameen.com/Property/gulshan_e_iqbal_gulshan_e_iqbal_block_7_g1_house_is_available_for_sale-15404022-6868-1.html,House,75000000,Gulshan-e-Iqbal Town,Karachi,Sindh,24.92754,67.104406,0,1.3 Kanal,For Sale,6,04-09-2019,Zakria Real Estate & Marketing,Faisal Aziz,26.0,1.3 Kanal
16523080,3337,https://www.zameen.com/Property/g_13_g_13_1_4_marla_house_is_avaible_for_sale_at_g13_islamabad-16523080-3337-1.html,House,16500000,G-13,Islamabad,Islamabad Capital,33.645957,72.962472,5,4.4 Marla,For Sale,4,07-02-2019,AN Real Estate,Mr Asad Mr ASHRAF,4.4,4.4 Marla
11913044,448,https://www.zameen.com/Property/lahore_ittifaq_town_1_kanal_2_entrance_house-11913044-448-1.html,House,21200000,Ittifaq Town,Lahore,Punjab,31.492212,74.251015,6,1 Kanal,For Sale,7,09-06-2018,RealEstate Hub Direct,Unassigned,20.0,1 Kanal
17254659,1650,https://www.zameen.com/Property/dha_phase_1_dha_phase_1_block_j_2_kanal_full_house_for_rent_at_380000__-17254659-1650-4.html,House,380000,DHA Defence,Lahore,Punjab,31.47794,74.391947,7,2 Kanal,For Rent,6,07-10-2019,Sterling Gate Estate,Sajad Afzal or Shoukat Ali,40.0,2 Kanal
17037218,3423,https://www.zameen.com/Property/i_10_i_10_4_i_10_4_size__25_60_upper_floor__brand__new__house__for_rent-17037218-3423-4.html,Upper Portion,35000,I-10,Islamabad,Islamabad Capital,33.646421,73.045263,3,5.6 Marla,For Rent,3,07-04-2019,Shaheen Enterprises,Mr. Imran Tanoli,5.6,5.6 Marla
17097438,438,https://www.zameen.com/Property/rawalpindi_gulraiz_housing_scheme_here_is_a_good_opportunity_to_live_in_a_well_build_house-17097438-438-1.html,House,12700000,Gulraiz Housing Scheme,Rawalpindi,Punjab,33.5628,73.107144,4,5 Marla,For Sale,4,07-05-2019,Kohsar Real Estate,Raja Aqeel,5.0,5 Marla
16909382,10821,https://www.zameen.com/Property/faisalabad_makkah_garden_4_marla_new_built_double_storey__house_for_sale-16909382-10821-1.html,House,7000000,Makkah Garden,Faisalabad,Punjab,31.508298,73.067842,4,4 Marla,For Sale,4,06-25-2019,Al Makkah Builders & Real Estate,Naeem Akhtar,4.0,4 Marla
13892968,9135,https://www.zameen.com/Property/karachi_fazaia_housing_scheme_fazaia_2_bed_luxury_apartment_1296_sq_ft__for_sale-13892968-9135-1.html,Flat,5000000,Fazaia Housing Scheme,Karachi,Sindh,25.042025023464,67.14009832019,3,5.8 Marla,For Sale,2,06-14-2019,Al Basit Real Estate,Yasir Manzoor,5.8,5.8 Marla
17046382,3443,https://www.zameen.com/Property/i_8_i_8_3_double_storey_house_is_available_for_rent-17046382-3443-4.html,House,130000,I-8,Islamabad,Islamabad Capital,33.673783,73.074703,0,14.2 Marla,For Rent,6,07-01-2019,Mehran Enterprises,Khalid,14.2,14.2 Marla
12553652,1485,https://www.zameen.com/Property/d_h_a_dha_phase_8_brand_new_outclass_architect_design__for_sale-12553652-1485-1.html,House,127500000,DHA Defence,Karachi,Sindh,24.782215,67.074537,5,1 Kanal,For Sale,5,06-14-2019,Find Homes Real Estate,M. Faisal Paracha,20.0,1 Kanal
17054405,6043,https://www.zameen.com/Property/satellite_town_satellite_town_block_d_portion_is_available_for_rent-17054405-6043-4.html,Upper Portion,42000,Satellite Town,Rawalpindi,Punjab,33.641205,73.06577,0,7 Marla,For Rent,3,07-02-2019,Al Rehman Real Estate,"Ammad Abbasi, Abdul Rehman Abbasi",7.0,7 Marla
16488577,3975,https://www.zameen.com/Property/johar_town_phase_2_johar_town_phase_2_block_m_bachelor_flat_is_available_for_rent-16488577-3975-4.html,Flat,20000,Johar Town,Lahore,Punjab,31.468826,74.273973,1,1.3 Marla,For Rent,2,06-24-2019,Waqar Associates,Malik Waqar Dilawar,1.3,1.3 Marla
14407890,4424,https://www.zameen.com/Property/lahore_nawab_town_10_marla_upper_portion_for_rent_in_nawab_town_with_gas_near_beaconhouse_school-14407890-4424-4.html,Upper Portion,27000,Nawab Town,Lahore,Punjab,31.452609,74.249039,3,10 Marla,For Rent,3,01-25-2019,RealEstate Hub Direct,Unassigned,10.0,10 Marla
16946013,3047,https://www.zameen.com/Property/bahria_town_rawalpindi_bahria_town_phase_7_2_bed_flat_for_sale_bahria_town_rawalpindi_phase_7_mini_commercial-16946013-3047-1.html,Flat,2700000,Bahria Town Rawalpindi,Rawalpindi,Punjab,33.531951,73.115215,2,3.8 Marla,For Sale,2,06-27-2019,RealEstate Hub Direct,Unassigned,3.8,3.8 Marla
9590206,3961,https://www.zameen.com/Property/johar_town_johar_town_phase_2_5_marla_beautiful_house_for_sale_in_johar_town_j_block-9590206-3961-1.html,House,11500000,Johar Town,Lahore,Punjab,31.469082,74.266148,4,5 Marla,For Sale,3,07-03-2019,RealEstate Hub Direct,Unassigned,5.0,5 Marla
17349373,1404,https://www.zameen.com/Property/rawalpindi_shalley_valley_upper_portion_for_rent_in_shalley_valley_range_road_rawalpindi-17349373-1404-4.html,Upper Portion,45000,Shalley Valley,Rawalpindi,Punjab,33.597548,73.014176,2,5 Marla,For Rent,2,07-19-2019,Al Mustafa Property Advisor,Faisal Gulzar,5.0,5 Marla
17241769,7210,https://www.zameen.com/Property/north_nazimabad_north_nazimabad_block_b_saima_vilas_one_unit_luxury_banglow_for_sale_265_sq_yard_block_b-17241769-7210-1.html,House,35000000,North Nazimabad,Karachi,Sindh,24.925361,67.039089,4,10.6 Marla,For Sale,4,07-11-2019,Usman Associates,Maqsood Ahmed Abdul Shakoor,10.6,10.6 Marla
16841525,375,https://www.zameen.com/Property/islamabad_naval_anchorage_house_is_available_for_sale-16841525-375-1.html,House,8800000,Naval Anchorage,Islamabad,Islamabad Capital,33.573009,73.198629,0,5 Marla,For Sale,2,06-20-2019,Pak Watan Estate,Abdul Nisar,5.0,5 Marla
16596239,1039,https://www.zameen.com/Property/islamabad_h_13_corner_house_in_h_13_for_sale-16596239-1039-1.html,House,14500000,H-13,Islamabad,Islamabad Capital,33.637489,72.972193,6,8 Marla,For Sale,6,06-06-2019,RealEstate Hub Direct,Unassigned,8.0,8 Marla
17183289,6826,https://www.zameen.com/Property/gulistan_e_jauhar_gulistan_e_jauhar_block_3_west_open_ground_1st_floor_bungalow_is_available_for_sale-17183289-6826-1.html,House,16500000,Gulistan-e-Jauhar,Karachi,Sindh,24.923999,67.13414,2,4.8 Marla,For Sale,4,07-10-2019,Property King,Ali Rizwan,4.8,4.8 Marla
14509908,1314,https://www.zameen.com/Property/islamabad_ghauri_town_double_storey_house_is_available_for_sale-14509908-1314-1.html,House,8000000,Ghauri Town,Islamabad,Islamabad Capital,33.619337,73.125315,5,5 Marla,For Sale,4,04-05-2019,BlueSky Enterprises,BlueSky Enterprises,5.0,5 Marla
15579373,9012,https://www.zameen.com/Property/rawalpindi_rail_view_housing_society_7_marla_single_story_house_is_available_for_sale-15579373-9012-1.html,House,7500000,Rail View Housing Society,Rawalpindi,Punjab,33.596886,73.119657,3,7 Marla,For Sale,2,04-05-2019,RealEstate Hub Direct,Unassigned,7.0,7 Marla
17239586,4038,https://www.zameen.com/Property/model_town_model_town_block_m_upper_portion_is_available_for_rent-17239586-4038-4.html,Upper Portion,40000,Model Town,Lahore,Punjab,31.482368,74.310751,0,10 Marla,For Rent,2,07-10-2019,Best Way Estate & Builders,M Irfan,10.0,10 Marla
14142118,12179,https://www.zameen.com/Property/bahria_town_phase_8_safari_valley_bahria_town_phase_8_usman_d_block_beautiful_24_marla_ground_portion_for_rent_in_usman_d_block_bahria_town_phase_8_rawalpindi-14142118-12179-4.html,Lower Portion,60000,Bahria Town Rawalpindi,Rawalpindi,Punjab,33.488788,73.07699,4,1.2 Kanal,For Rent,4,01-18-2019,RealEstate Hub Direct,Unassigned,24.0,1.2 Kanal
12465690,9935,https://www.zameen.com/Property/lahore_islamia_park_6_marla_house_is_available_for_sale-12465690-9935-1.html,House,12000000,Islamia Park,Lahore,Punjab,31.548701,74.303386,5,5.4 Marla,For Sale,6,10-06-2018,RealEstate Hub Direct,Unassigned,5.4,5.4 Marla
16464362,9996,https://www.zameen.com/Property/lahore_lalazaar_garden_brand_new_house_available_for_sale_near_80_feet_road_margzar-16464362-9996-1.html,House,8500000,Lalazaar Garden,Lahore,Punjab,31.509067,74.246771,3,3 Marla,For Sale,3,07-03-2019,Malaika Estate & Builders,Ashfaq Bhatti,3.0,3 Marla
17029514,749,https://www.zameen.com/Property/lahore_lalazar_1_5_marla_house_is_available_for_sale-17029514-749-1.html,House,3500000,Lalazar,Lahore,Punjab,31.466167,74.244961,2,1.5 Marla,For Sale,2,07-02-2019,Al Rehman Estate And Builders,"Mian Rehmat, M Riaz, Mian Iftikhar",1.5,1.5 Marla
16966110,6828,https://www.zameen.com/Property/gulistan_e_jauhar_gulistan_e_jauhar_block_4_ground_1_house_is_available_for_sale_gulistan_e_jauhar_block_4-16966110-6828-1.html,House,24000000,Gulistan-e-Jauhar,Karachi,Sindh,24.929252,67.136679,0,5.3 Marla,For Sale,0,06-27-2019,Muzammil Associates,Waeem,5.3,5.3 Marla
14709024,1482,https://www.zameen.com/Property/d_h_a_dha_phase_5_apartment_new_luxury_1430_square_feet_1st_floor_west_open_3_beds_attached_bath__dressing__drawing_lounge_terrace_lift_standby_generator_security_cameras_parking-14709024-1482-1.html,Flat,22500000,DHA Defence,Karachi,Sindh,24.810265,67.043552,3,6.4 Marla,For Sale,3,06-27-2019,Suddhan Associates,Nadeem Khan,6.4,6.4 Marla
13946169,7081,https://www.zameen.com/Property/nazimabad_nazimabad_block_4_houses_for_sale_house_no_d_13_nazimaabad_4_near_mehbobe_lawn_street-13946169-7081-1.html,House,60000000,Nazimabad,Karachi,Sindh,24.916331,67.035398,6,16.9 Marla,For Sale,4,01-18-2019,RealEstate Hub Direct,Unassigned,16.9,16.9 Marla
16792488,3325,https://www.zameen.com/Property/g_10_g_10_2_great_opportunity_for_you_to_have_the_property_of_your_choice-16792488-3325-4.html,Lower Portion,75000,G-10,Islamabad,Islamabad Capital,33.67989,73.01264,3,1 Kanal,For Rent,3,06-20-2019,Kaka Khel Property,Mian Irfan Ali Shah,20.0,1 Kanal
17103791,9586,https://www.zameen.com/Property/malir_cantonment_dohs_phase_1_double_storey_house_is_available_for_sale-17103791-9586-1.html,House,120000000,Cantt,Karachi,Sindh,24.959894,67.188631,8,1.5 Kanal,For Sale,7,07-04-2019,Delta Estate & Builders,"Brigadier (R) Anis Ahmed, SI(M)",30.0,1.5 Kanal
16722698,1483,https://www.zameen.com/Property/d_h_a_dha_phase_6_500_yard_2unit_bungalow_phase_6_muhafiz_owner_built_extraordinary_chance_deal_95000000-16722698-1483-1.html,House,95000000,DHA Defence,Karachi,Sindh,24.805045,67.064323,6,1 Kanal,For Sale,6,06-14-2019,RealEstate Hub Direct,Unassigned,20.0,1 Kanal
17231653,9996,https://www.zameen.com/Property/lahore_lalazaar_garden_5_marla_single_story_furnished_house_for_sell-17231653-9996-1.html,House,7500000,Lalazaar Garden,Lahore,Punjab,31.509067,74.246771,3,5 Marla,For Sale,3,07-11-2019,Al Madina Estate Centre,Mian Muhammad Rizwan,5.0,5 Marla
16671182,1478,https://www.zameen.com/Property/d_h_a_dha_phase_1_bungalow_is_available_for_rent-16671182-1478-4.html,House,350000,DHA Defence,Karachi,Sindh,24.842983,67.065697,5,2 Kanal,For Rent,5,07-17-2019,Silk Estate,Muhammad Sajjad,40.0,2 Kanal
16747048,6842,https://www.zameen.com/Property/gulistan_e_jauhar_gulistan_e_jauhar_block_18_4th_floor_apartment_in_rufi_lake_drive_vip_location_main_road_project_next_to_perfume_chowk-16747048-6842-4.html,Flat,45000,Gulistan-e-Jauhar,Karachi,Sindh,24.907822,67.129209,4,10.7 Marla,For Rent,4,07-11-2019,New Rockwell Associates,Shafiq Ahmed Khan,10.7,10.7 Marla
17438062,10663,https://www.zameen.com/Property/dha_defence_phase_2_askari_tower_1_flat_is_available_for_rent-17438062-10663-4.html,Flat,45000,DHA Defence,Islamabad,Islamabad Capital,33.539071,73.156333,0,11.8 Marla,For Rent,0,07-23-2019,AL Askari Enterprises,Raja Arif Hussain,11.8,11.8 Marla
16959552,12344,https://www.zameen.com/Property/dhok_sayedan_road_madina_colony_house_is_available_for_sale-16959552-12344-1.html,House,3800000,Dhok Sayedan Road,Rawalpindi,Punjab,33.5926,73.00541,3,4.5 Marla,For Sale,2,06-27-2019,Links Se Links,M. Qasim,4.5,4.5 Marla
16134962,10858,https://www.zameen.com/Property/lahore_abdul_sattar_edhi_road_corner_house_available_for_sale_at_doctor_society-16134962-10858-1.html,House,95000000,Abdul Sattar Edhi Road,Lahore,Punjab,31.45646,74.236846,0,2.9 Kanal,For Sale,6,06-02-2019,Hassan Estate & Builders,Mian Aslam Javed,58.0,2.9 Kanal
12253546,1483,https://www.zameen.com/Property/d_h_a_dha_phase_6_1000_sq_yard_full_furnished_bungalow_for_rent-12253546-1483-4.html,House,1450000,DHA Defence,Karachi,Sindh,24.805044174194,67.064323425293,6,2 Kanal,For Rent,6,10-21-2018,Akhtar Associates,Akhtar Baloch,40.0,2 Kanal
16878004,3340,https://www.zameen.com/Property/g_13_g_13_4_rental_house_in_beautiful_location_with_open_face-16878004-3340-4.html,House,50000,G-13,Islamabad,Islamabad Capital,33.649315,72.968395,2,4 Marla,For Rent,3,06-27-2019,RealEstate Hub Direct,Unassigned,4.0,4 Marla
16929227,8,https://www.zameen.com/Property/lahore_model_town_here_is_a_good_opportunity_to_live_in_a_well_built_house-16929227-8-1.html,House,125000000,Model Town,Lahore,Punjab,31.478891,74.329348,5,2 Kanal,For Sale,5,06-28-2019,Kazmi Associates,Hassan Kazmi,40.0,2 Kanal
16974131,478,https://www.zameen.com/Property/rawalpindi_adiala_road_brand_new_3marla_house_available_for_sale_in_adyala_road-16974131-478-1.html,House,3550000,Adiala Road,Rawalpindi,Punjab,33.550869,73.056182,2,3 Marla,For Sale,2,06-29-2019,Skyland Property Zone,Raja Jawad,3.0,3 Marla
16814060,3338,https://www.zameen.com/Property/g_13_g_13_2_brand_new_30x60_house_for_sale_in_g13-16814060-3338-1.html,House,26000000,G-13,Islamabad,Islamabad Capital,33.650458,72.956636,6,8 Marla,For Sale,5,06-29-2019,AN Real Estate,Mr Asad  Mr Ashraf,8.0,8 Marla
17003337,1664,https://www.zameen.com/Property/clifton_clifton_block_2_apartment_for_rent-17003337-1664-4.html,Flat,75000,Clifton,Karachi,Sindh,24.813927,67.01261,3,8 Marla,For Rent,3,07-12-2019,Kainat Associates,Qaim Ali Samejo,8.0,8 Marla
10041840,6700,https://www.zameen.com/Property/federal_b_area_federal_b_area_block_16_120_yards_home_for_sell_at_prime_location-10041840-6700-1.html,House,15000000,Federal B Area,Karachi,Sindh,24.938181455768,67.082818262279,4,4.8 Marla,For Sale,4,07-18-2019,RealEstate Hub Direct,Unassigned,4.8,4.8 Marla
16318835,6933,https://www.zameen.com/Property/pechs_pechs_block_2_portion_is_available_for_sale-16318835-6933-1.html,Lower Portion,3000000,Jamshed Town,Karachi,Sindh,24.871447,67.058573,1,1 Marla,For Sale,1,06-05-2019,RealEstate Hub Direct,Unassigned,1.0,1 Marla
16808158,3351,https://www.zameen.com/Property/g_15_g_15_4_house_is_available_for_rent-16808158-3351-4.html,House,115000,G-15,Islamabad,Islamabad Capital,33.631915,72.929034,7,1.1 Kanal,For Rent,7,06-20-2019,Shaheen Estate,Muhammad Alamgir,22.0,1.1 Kanal
16972417,352,https://www.zameen.com/Property/faisalabad_others_house_for_rent_in_madina_bagh-16972417-352-4.html,House,14000,Others,Faisalabad,Punjab,31.4187,73.0791,0,2.5 Marla,For Rent,0,06-25-2019,Al Noor Estate Agency,Waqar,2.5,2.5 Marla
16642082,4359,https://www.zameen.com/Property/lahore_lahore_medical_housing_society_here_is_a_good_opportunity_to_live_in_a_well_built-16642082-4359-1.html,House,18500000,Lahore Medical Housing Society,Lahore,Punjab,31.581899,74.463515,5,10 Marla,For Sale,5,06-11-2019,Azhar Associates,Hamza,10.0,10 Marla
17154302,6831,https://www.zameen.com/Property/gulistan_e_jauhar_gulistan_e_jauhar_block_7_brand_new_4th_floor_beautifull_flat_is_available_for_sale-17154302-6831-1.html,Flat,7800000,Gulistan-e-Jauhar,Karachi,Sindh,24.93591,67.152597,2,4.2 Marla,For Sale,2,07-09-2019,Ayan Enterprises,Haris Rehman Khan,4.2,4.2 Marla
12240041,12523,https://www.zameen.com/Property/dream_gardens_dream_gardens_phase_1_7_marla_new_house_for_sale_in_dream_gardens-12240041-12523-1.html,House,10800000,Defence Road,Lahore,Punjab,31.395119,74.211493,4,7 Marla,For Sale,4,06-19-2019,Shah Builders,Syed Muhammad Imran,7.0,7 Marla
14348115,1483,https://www.zameen.com/Property/d_h_a_dha_phase_6_house_is_available_for_sale-14348115-1483-1.html,House,55000000,DHA Defence,Karachi,Sindh,24.805045,67.064323,4,12 Marla,For Sale,4,04-06-2019,Property Guides Consultant Builders & Real Estate,Nawaz Khan,12.0,12 Marla
15356766,8296,https://www.zameen.com/Property/faisalabad_eden_gardens_upper_portion_for_rent-15356766-8296-4.html,Upper Portion,35000,Eden Gardens,Faisalabad,Punjab,31.425441,73.145077,0,10 Marla,For Rent,0,03-19-2019,Fateh Real Estate,"Imtiaz, Shahzad",10.0,10 Marla
12492623,6828,https://www.zameen.com/Property/gulistan_e_jauhar_gulistan_e_jauhar_block_4_3_bed_drawing_dining_flat_with_roof_in_block_4-12492623-6828-1.html,Flat,6000000,Gulistan-e-Jauhar,Karachi,Sindh,24.929252,67.136679,3,6.7 Marla,For Sale,3,11-18-2018,Shah Associates,Shahzaib Ali,6.7,6.7 Marla
11523769,8851,https://www.zameen.com/Property/islamabad_jhangi_syedan_5_marla_corner_double_storey_house_is_available_for_sale-11523769-8851-1.html,House,5100000,Jhangi Syedan,Islamabad,Islamabad Capital,33.624658,72.943627,6,5 Marla,For Sale,6,08-08-2018,RealEstate Hub Direct,Unassigned,5.0,5 Marla
15287802,533,https://www.zameen.com/Property/faisalabad_madina_town_house_is_available_for_rent-15287802-533-4.html,House,42000,Madina Town,Faisalabad,Punjab,31.41764,73.120401,0,7 Marla,For Rent,0,03-18-2019,Chanab Property Centre,Muhammad Ramzan,7.0,7 Marla
17310337,509,https://www.zameen.com/Property/lahore_bahria_town_10_marla_luxury_house_on_60_feet_road_overseas_enclave_bahria_town-17310337-509-1.html,House,22500000,Bahria Town,Lahore,Punjab,31.380313,74.187183,6,10 Marla,For Sale,5,07-16-2019,Mash Allah Estate & Builders,Azam Ali,10.0,10 Marla
14024404,495,https://www.zameen.com/Property/karachi_scheme_33_120_sq_yards_house_for_sale-14024404-495-1.html,House,8000000,Scheme 33,Karachi,Sindh,24.938913,67.140593,2,4.8 Marla,For Sale,3,01-18-2019,RealEstate Hub Direct,Unassigned,4.8,4.8 Marla
15758910,4267,https://www.zameen.com/Property/valencia_housing_society_valencia_block_a_house_for_sale-15758910-4267-1.html,House,25000000,Valencia Housing Society,Lahore,Punjab,31.403869,74.255176,5,10 Marla,For Sale,5,05-03-2019,Property Network Real Estate,Zaheer Butt,10.0,10 Marla
13492220,1482,https://www.zameen.com/Property/d_h_a_dha_phase_5_2_bed_d_d_t_v_lounge_apartment_is_available_for_rent_in_dha_phase_5-13492220-1482-4.html,Flat,45000,DHA Defence,Karachi,Sindh,24.810265,67.04355,2,5.3 Marla,For Rent,2,12-20-2018,RealEstate Hub Direct,Unassigned,5.3,5.3 Marla
15099536,419,https://www.zameen.com/Property/satiana_road_tech_town__tnt_colony__1_kanal_house__for_sale-15099536-419-1.html,House,30000000,Satiana Road,Faisalabad,Punjab,31.372179,73.125594,6,1 Kanal,For Sale,5,03-19-2019,Lords Estate & Consultant,Chaudhary Saqib Sahi,20.0,1 Kanal
16753938,4061,https://www.zameen.com/Property/mughalpura_lalpul_double_storey_house_for_sale-16753938-4061-1.html,House,20000000,Mughalpura,Lahore,Punjab,31.563398,74.3891,6,10 Marla,For Sale,6,06-18-2019,Murtaza Estate & Builders,Zafar Hussain Shah,10.0,10 Marla
15085008,3332,https://www.zameen.com/Property/g_11_g_11_3_g_11_3_fgehf_c_type_1st_floor_flat_for_rent-15085008-3332-4.html,Flat,40000,G-11,Islamabad,Islamabad Capital,33.675604,73.000367,2,4.9 Marla,For Rent,3,03-06-2019,Zain Real Estate,Syed Mansoor,4.9,4.9 Marla
12809997,4177,https://www.zameen.com/Property/sabzazar_scheme_sabzazar_scheme_block_n_10_marla_semi_commercial_double_story_house_for_sale_in_sabzazar-12809997-4177-1.html,House,21000000,Sabzazar Scheme,Lahore,Punjab,31.515411,74.258294,5,10 Marla,For Sale,5,06-11-2019,Tayyab Associates Estate & Builders,Zunair Khadim,10.0,10 Marla
16217991,3026,https://www.zameen.com/Property/lahore_tricon_village_the_best_house_for_living_purpose-16217991-3026-1.html,House,13500000,Tricon Village,Lahore,Punjab,31.409619,74.166126,4,8 Marla,For Sale,4,06-11-2019,Shah-e-Madina Estate Agency,arzoo fatima,8.0,8 Marla
17114850,10449,https://www.zameen.com/Property/rawalpindi_holy_family_road_lower_portion_is_available_for_rent_at_good_location-17114850-10449-4.html,Lower Portion,45000,Holy Family Road,Rawalpindi,Punjab,33.63442,73.059167,4,10 Marla,For Rent,4,07-03-2019,Sheikh Property,Sheikh Raza,10.0,10 Marla
16852050,4424,https://www.zameen.com/Property/lahore_nawab_town_10_marla_house_for_rent_in_nawab_town_near_beacounhoouse_school-16852050-4424-4.html,House,60000,Nawab Town,Lahore,Punjab,31.452609,74.249039,6,10 Marla,For Rent,6,06-24-2019,RealEstate Hub Direct,Unassigned,10.0,10 Marla
16967968,4391,https://www.zameen.com/Property/lahore_shershah_colony_raiwind_road_here_is_a_good_opportunity_to_live_in_a_well_built_double_storey_house-16967968-4391-1.html,House,6750000,Shershah Colony - Raiwind Road,Lahore,Punjab,31.410095,74.222553,3,3 Marla,For Sale,3,06-30-2019,Shaheen Estate,"Ch M. Ismail, Shahbaz Ahmed",3.0,3 Marla
16838855,6838,https://www.zameen.com/Property/gulistan_e_jauhar_gulistan_e_jauhar_block_14_flat_is_available_for_sale-16838855-6838-1.html,Flat,4900000,Gulistan-e-Jauhar,Karachi,Sindh,24.920384,67.129162,2,3.1 Marla,For Sale,2,06-20-2019,RJ Real Estate,Naveed Ahmed,3.1,3.1 Marla
17464392,166,https://www.zameen.com/Property/islamabad_f_8_5_bed_house_for_rent_in_sector_f8-17464392-166-4.html,House,250000,F-8,Islamabad,Islamabad Capital,33.713131,73.038383,6,1 Kanal,For Rent,5,07-24-2019,5 Zones Associates,Muhammad Imran,20.0,1 Kanal
16996936,1447,https://www.zameen.com/Property/dha_defence_dha_phase_5_find_well_real_estate_offers_1_kanal_new_furnished_house_available_for_rent-16996936-1447-4.html,House,225000,DHA Defence,Lahore,Punjab,31.462493,74.409342,0,1 Kanal,For Rent,0,06-25-2019,Findwell Real Estate & Developers,Mohsin Jillani,20.0,1 Kanal
16905988,1451,https://www.zameen.com/Property/dha_defence_dha_phase_8_brand_new_double_storey_house_is_available_for_sale-16905988-1451-1.html,House,45000000,DHA Defence,Lahore,Punjab,31.494408,74.437666,0,1 Kanal,For Sale,5,06-25-2019,Combine Estate Adviser,Muhammad Faisal,20.0,1 Kanal
16951048,438,https://www.zameen.com/Property/rawalpindi_gulraiz_housing_scheme_5beds_double_story_double_unit_10marla_house_for_rent_pani_bijli_gas_for_more_contact_al_saif_property_-16951048-438-4.html,House,55000,Gulraiz Housing Scheme,Rawalpindi,Punjab,33.5628,73.107144,6,8 Marla,For Rent,5,06-28-2019,Al Saif Property & Constructors,Sami Ullah Khatak,8.0,8 Marla
17176270,3559,https://www.zameen.com/Property/askari_askari_5_top_floor_flat_tile_flooring_3_beds-17176270-3559-1.html,Flat,13000000,Askari,Lahore,Punjab,31.498507,74.339025,3,10 Marla,For Sale,3,07-10-2019,Awais Property Dealer,Haq Nawaz,10.0,10 Marla
16907081,3041,https://www.zameen.com/Property/bahria_town_rawalpindi_bahria_town_phase_4_flat_is_available_for_sale-16907081-3041-1.html,Flat,3480000,Bahria Town Rawalpindi,Rawalpindi,Punjab,33.549693,73.130536,0,2.4 Marla,For Sale,0,06-27-2019,Sarman Marketing,Subtain Shah,2.4,2.4 Marla
17330953,3036,https://www.zameen.com/Property/bahria_town_rawalpindi_bahria_town_phase_3_double_unit_house_is_available_for_sale-17330953-3036-1.html,House,20000000,Bahria Town Rawalpindi,Rawalpindi,Punjab,33.550408,73.115473,5,10 Marla,For Sale,5,07-17-2019,Onix Property Management,Ali Adnan,10.0,10 Marla
17238533,10020,https://www.zameen.com/Property/bahria_town_precinct_11_bahria_town_precinct_11_a_villa_is_available_for_sale-17238533-10020-1.html,House,11200000,Bahria Town Karachi,Karachi,Sindh,25.067079,67.309986,3,8 Marla,For Sale,3,07-11-2019,Tahir Estate,Tahir Sukhera,8.0,8 Marla
17339093,8488,https://www.zameen.com/Property/dha_phase_6_shahbaz_commercial_area_apartment_available_for_rent-17339093-8488-4.html,Flat,40000,DHA Defence,Karachi,Sindh,24.797098,67.050927,2,4.2 Marla,For Rent,2,07-17-2019,Makaan Realtors,NOMAN AMIN,4.2,4.2 Marla
17311118,10343,https://www.zameen.com/Property/gulistan_e_jauhar_safoora_goth_well_built_apartment_available_in_rafi_premium_residence-17311118-10343-1.html,Flat,6300000,Gulistan-e-Jauhar,Karachi,Sindh,24.939171,67.15611,2,3.3 Marla,For Sale,2,07-17-2019,Safa Enterprises,"Syed Mushtaq , Hassan ahsan",3.3,3.3 Marla
15926197,1442,https://www.zameen.com/Property/dha_defence_dha_phase_1_dha_phase_2_5_marla_3_beds_full_house-15926197-1442-4.html,House,42000,DHA Defence,Lahore,Punjab,31.483283,74.395723,4,5 Marla,For Rent,3,04-25-2019,RealEstate Hub Direct,Unassigned,5.0,5 Marla
17353428,10018,https://www.zameen.com/Property/bahria_town_karachi_bahria_town_precinct_10_west_open_3_bed_villa_for_sale_in_precinct_10a-17353428-10018-1.html,House,11600000,Bahria Town Karachi,Karachi,Sindh,25.058062,67.306626,3,8 Marla,For Sale,3,07-18-2019,Jaidad Group,Muhammad Rizwan,8.0,8 Marla
16564258,9358,https://www.zameen.com/Property/lahore_kahna_great_opportunity_for_you_to_have_the_property_of_your_choice-16564258-9358-1.html,House,2300000,Kahna,Lahore,Punjab,31.373864,74.362316,1,3 Marla,For Sale,1,06-02-2019,Hassan Estate & Construction,"Mohsin Raza Awan, Rameez Amjad",3.0,3 Marla
17207569,7184,https://www.zameen.com/Property/north_karachi_north_karachi_sector_11a_flat_is_available_for_sale_in_al_gafoor_sky_tower-17207569-7184-1.html,Flat,5100000,North Karachi,Karachi,Sindh,24.981857,67.060118,0,4.2 Marla,For Sale,0,07-11-2019,Al-Taj Associates,Akbar Adil Qureshi,4.2,4.2 Marla
14959735,668,https://www.zameen.com/Property/faisalabad_jhang_road_jhang_road_house_for_sale-14959735-668-1.html,House,9100000,Jhang Road,Faisalabad,Punjab,31.40016,73.030949,0,5 Marla,For Sale,0,06-18-2019,Real Estate One,Ali Akbar Rana,5.0,5 Marla
17104890,10018,https://www.zameen.com/Property/bahria_town_karachi_bahria_town_precinct_10_good_location_villa_for_sale_in_precinct_10a-17104890-10018-1.html,House,12000000,Bahria Town Karachi,Karachi,Sindh,25.058062,67.306626,3,8 Marla,For Sale,3,07-04-2019,Jaidad Group,Talaal Haidar,8.0,8 Marla
11716278,11255,https://www.zameen.com/Property/islamabad_madina_town_double_portion_house_for_sale-11716278-11255-1.html,House,3300000,Madina Town,Islamabad,Islamabad Capital,33.583344,73.15158,2,2.3 Marla,For Sale,4,08-08-2018,RealEstate Hub Direct,Unassigned,2.3,2.3 Marla
15389638,166,https://www.zameen.com/Property/islamabad_f_8_6_bedroom_single_unit_rent_house_with_huge_lawn_on_front_and_back-15389638-166-4.html,House,300000,F-8,Islamabad,Islamabad Capital,33.713131,73.038383,0,1.8 Kanal,For Rent,6,04-05-2019,Qureshi Realtors & Builders,Mashaid Qureshi,36.0,1.8 Kanal
17314730,8172,https://www.zameen.com/Property/dha_defence_defence_raya_full_house_is_available_for_sale_in_dha_defence_raya-17314730-8172-1.html,House,23000000,DHA Defence,Lahore,Punjab,31.469155,74.470553,0,10 Marla,For Sale,4,07-16-2019,RealEstate Hub Direct,Unassigned,10.0,10 Marla
17125927,1503,https://www.zameen.com/Property/askari_askari_11_12_marla_house_for_sale_in_askari_11_block_b-17125927-1503-1.html,House,25500000,Askari,Lahore,Punjab,31.460187,74.432459,5,12 Marla,For Sale,4,07-03-2019,Saqib Real Estate,Zain Ul Abideen,12.0,12 Marla
15746392,10011,https://www.zameen.com/Property/bahria_town_precinct_2_bahria_town_quaid_villas_villa_for_sale_in_bahria_town-15746392-10011-1.html,House,19400000,Bahria Town Karachi,Karachi,Sindh,25.005301,67.30881,3,8 Marla,For Sale,3,06-27-2019,OK Estate & Builders,Waqas Dochki,8.0,8 Marla
16898815,8914,https://www.zameen.com/Property/lahore_allama_iqbal_road_6_marla_triple_story_house_for_sale_in_main_ghari_shahu_allama_iqbal_road-16898815-8914-1.html,House,22500000,Allama Iqbal Road,Lahore,Punjab,31.559198,74.351165,0,6 Marla,For Sale,6,06-25-2019,RealEstate Hub Direct,Unassigned,6.0,6 Marla
17234621,1608,https://www.zameen.com/Property/dha_phase_5_dha_phase_5_block_l_kanal_brand_new_bungalow_all_real_pictures_attached_with_home_theater_snooker_club-17234621-1608-1.html,House,85000000,DHA Defence,Lahore,Punjab,31.459491,74.395294,8,1 Kanal,For Sale,7,07-11-2019,Elegant Estate,Ch Muhammad Saeed,20.0,1 Kanal
17168938,8484,https://www.zameen.com/Property/dha_phase_5_badar_commercial_area_out_class_luxury_apartment_for_sale_in_dha_phase_5_defence_karachi-17168938-8484-1.html,Flat,9500000,DHA Defence,Karachi,Sindh,24.798481,67.045716,2,4.2 Marla,For Sale,2,07-10-2019,Shackles Enterprises,Babar Talha Ansari,4.2,4.2 Marla
17003815,8130,https://www.zameen.com/Property/rawalpindi_farooq_e_azam_road_well_built_house_available_at_good_location-17003815-8130-4.html,House,26000,Farooq-e-Azam Road,Rawalpindi,Punjab,33.646747761919,73.089898466933,0,5 Marla,For Rent,0,07-02-2019,Zain Property,"Raja Amanat Ali Khan, Raja Liaquat, Ishaq Abbasi",5.0,5 Marla
14108934,760,https://www.zameen.com/Property/lahore_tajpura_brand_new_residential_house_for_sale-14108934-760-1.html,House,7000000,Tajpura,Lahore,Punjab,31.557474,74.401431,2,3 Marla,For Sale,3,06-02-2019,Kamran Associates,Kamran Sohail,3.0,3 Marla
13241048,7164,https://www.zameen.com/Property/new_karachi_new_karachi_sector_5_f_house_is_available_for_sale-13241048-7164-1.html,House,4200000,New Karachi,Karachi,Sindh,25.001889,67.082176,2,6.8 Marla,For Sale,3,11-19-2018,RealEstate Hub Direct,Unassigned,6.8,6.8 Marla
15998950,3937,https://www.zameen.com/Property/johar_town_johar_town_phase_1_johar_town_phase_1_10_marla_brand_new_house_for_sale-15998950-3937-1.html,House,23000000,Johar Town,Lahore,Punjab,31.465274810791,74.291900634766,6,10 Marla,For Sale,5,06-02-2019,Adil Constructions Builders & Real Estate,Ch. Irfan Ali,10.0,10 Marla
16427503,1483,https://www.zameen.com/Property/d_h_a_dha_phase_6_the_best_apartment_for_living_purpose-16427503-1483-4.html,Flat,42000,DHA Defence,Karachi,Sindh,24.805045,67.064323,2,2 Marla,For Rent,2,05-18-2019,Muslim Properties & Co.,Abdul Jabbar,2.0,2 Marla
15947441,682,https://www.zameen.com/Property/karachi_orangi_town_house_available_for_sale_-15947441-682-1.html,House,25000000,Orangi Town,Karachi,Sindh,24.950888,66.974201,10,6.4 Marla,For Sale,10,05-06-2019,RealEstate Hub Direct,Unassigned,6.4,6.4 Marla
17237214,1482,https://www.zameen.com/Property/d_h_a_dha_phase_5_brand_new_house_is_available_for_sale-17237214-1482-1.html,House,105000000,DHA Defence,Karachi,Sindh,24.810265,67.043552,3,1 Kanal,For Sale,6,07-11-2019,Estate Managers,Ehtisham,20.0,1 Kanal
14709337,3301,https://www.zameen.com/Property/f_6_f_6_3_f_6_3_superb_house_666_yards_6_beds_also_available_as_fully_furnished_demand_14_crores_50_lac-14709337-3301-1.html,House,145000000,F-6,Islamabad,Islamabad Capital,33.735118,73.077486,9,1.3 Kanal,For Sale,6,03-06-2019,Rapid Realtors,Miss Amber,26.0,1.3 Kanal
11750895,6864,https://www.zameen.com/Property/gulshan_e_iqbal_gulshan_e_iqbal_block_4_4th_floor_flat_available_for_sale_in_gulshan_e_iqbal__block_4-11750895-6864-1.html,Flat,5100000,Gulshan-e-Iqbal Town,Karachi,Sindh,24.935673601717,67.105371952057,2,4 Marla,For Sale,2,08-07-2018,RealEstate Hub Direct,Unassigned,4.0,4 Marla
10048746,8292,https://www.zameen.com/Property/karachi_kda_scheme_1_saima_twin_towers_brand_new_apartment_for_sale_in_kda_scheme_1_karachi-10048746-8292-1.html,Flat,42000000,KDA Scheme 1,Karachi,Sindh,24.874669222258,67.09060639143,5,9.9 Marla,For Sale,4,06-05-2019,Mufaddal Properties,Imran Abdul Qayyum,9.9,9.9 Marla
9974639,4255,https://www.zameen.com/Property/township_township_sector_a2_triple_storey_house_for_sale-9974639-4255-1.html,House,9000000,Township,Lahore,Punjab,31.453414,74.31623,5,4 Marla,For Sale,5,07-03-2019,RealEstate Hub Direct,Unassigned,4.0,4 Marla
16795014,3533,https://www.zameen.com/Property/allama_iqbal_town_allama_iqbal_town_kashmir_block_upper_portion_is_available_for_rent-16795014-3533-4.html,Upper Portion,30000,Allama Iqbal Town,Lahore,Punjab,31.518118,74.288764,0,10 Marla,For Rent,2,06-24-2019,Flowers Estate Center,Hafiz M. Ashfaq Rehmani,10.0,10 Marla
