player_id,team,disposals_avg_last3,disposals_avg_last5,disposals_avg_last10,goals_avg_last3,goals_avg_last5,goals_avg_last10,fantasy_avg_last3,fantasy_avg_last5,fantasy_avg_last10,games_played_prior,home_away,win_rate_last5,ladder_rank_pre,rest_days
45439,St Kilda Saints,9.0,5.666666666666667,6.875,1.0,1.0,1.3333333333333333,26.666666666666668,25.2,36.9,42,A,0.2,1.0,196.0
45586,West Coast Eagles,17.5,12.5,14.88888888888889,2.5,2.3333333333333335,1.875,56.333333333333336,48.2,62.3,155,A,0.2,1.0,203.0
45690,Melbourne Demons,13.666666666666666,15.8,18.8,,,1.0,41.333333333333336,49.2,61.2,126,A,0.6,4.0,6.0
45789,Fremantle Dockers,7.666666666666667,6.2,5.333333333333333,,,,34.666666666666664,27.6,24.3,24,H,0.0,7.0,6.0
45866,Brisbane Lions,5.0,5.0,7.3,1.0,1.0,1.0,23.333333333333332,23.4,33.6,78,H,0.4,4.0,7.0
45718,Collingwood Magpies,18.0,13.6,12.0,,1.0,1.5,59.0,48.2,44.8,106,H,0.0,8.0,6.0
45571,Fremantle Dockers,2.0,3.6666666666666665,5.125,,2.0,2.0,8.333333333333334,14.8,24.5,40,A,0.0,8.0,7.0
45808,Port Adelaide Power,7.333333333333333,6.6,8.9,,1.0,1.0,27.666666666666668,26.4,36.9,23,H,0.8,1.0,8.0
45515,Port Adelaide Power,7.666666666666667,7.4,8.3,1.0,1.0,1.0,30.0,32.0,34.9,18,A,0.6,3.0,6.0
45740,North Melbourne Kangaroos,4.666666666666667,5.0,4.6,1.0,1.0,1.0,24.333333333333332,27.6,23.0,43,H,0.2,8.0,7.0
45376,Carlton Blues,3.5,3.5,3.5,,,,10.0,10.0,10.0,3,H,0.8,3.0,7.0
45421,Sydney Swans,9.333333333333334,10.6,8.9,1.0,1.0,1.1428571428571428,40.0,44.2,39.5,50,A,0.2,4.0,8.0
45364,Richmond Tigers,12.0,12.8,11.4,2.0,1.6666666666666667,1.5,53.333333333333336,53.6,45.0,23,H,0.4,2.0,6.0
45541,Collingwood Magpies,7.0,4.75,5.0,,,1.0,29.333333333333332,21.4,23.0,6,A,0.0,8.0,6.0
45411,Port Adelaide Power,4.0,4.5,4.5,,,,15.0,18.5,18.5,4,H,0.4,4.0,6.0
45349,Essendon Bombers,9.333333333333334,10.8,9.7,1.0,1.0,1.0,41.666666666666664,43.0,39.4,51,H,0.6,1.0,6.0
45379,Brisbane Lions,20.333333333333332,19.6,22.7,1.0,1.0,1.75,77.0,73.8,84.6,84,A,0.8,2.0,8.0
45920,Melbourne Demons,16.0,17.6,17.7,1.0,1.3333333333333333,1.4285714285714286,57.0,62.8,67.6,161,A,0.6,3.0,7.0
45769,Port Adelaide Power,8.0,8.6,10.4,1.5,1.3333333333333333,1.3333333333333333,38.0,34.6,40.7,160,A,0.2,5.0,8.0
45840,North Melbourne Kangaroos,12.333333333333334,13.0,15.7,1.3333333333333333,1.3333333333333333,1.6666666666666667,61.333333333333336,57.8,65.2,201,H,1.0,2.0,8.0
45698,Melbourne Demons,8.666666666666666,8.0,9.7,1.3333333333333333,1.4,2.5,45.0,39.6,56.9,225,A,0.2,3.0,10.0
45490,Essendon Bombers,13.666666666666666,11.2,12.3,,,,42.666666666666664,34.8,41.4,100,A,0.6,1.0,8.0
45479,Hawthorn Hawks,4.666666666666667,4.5,4.5,,,,20.666666666666668,17.75,17.75,4,A,0.4,5.0,7.0
45964,Carlton Blues,13.333333333333334,12.8,14.8,1.5,2.25,1.8333333333333333,52.0,57.2,56.0,62,A,0.4,4.0,6.0
45494,Adelaide Crows,5.666666666666667,5.2,6.777777777777778,1.0,1.0,1.5,33.0,25.6,30.6,38,H,0.2,6.0,7.0
45535,Collingwood Magpies,8.333333333333334,7.0,6.5,,1.0,1.0,30.0,28.8,24.8,18,A,0.2,10.0,8.0
45678,Carlton Blues,10.0,8.25,10.333333333333334,,,,26.666666666666668,19.6,30.4,17,H,0.4,3.0,6.0
45550,Brisbane Lions,7.333333333333333,9.4,11.3,,,1.0,30.333333333333332,39.6,46.8,139,A,0.6,3.0,7.0
45587,St Kilda Saints,11.0,9.2,9.333333333333334,1.0,1.0,1.25,39.0,31.8,34.0,37,H,0.2,4.0,7.0
45702,West Coast Eagles,11.0,11.0,11.0,1.0,1.0,1.0,43.333333333333336,38.6,42.0,200,A,0.6,1.0,7.0
45676,Hawthorn Hawks,15.0,10.0,10.25,,,1.0,41.0,34.6,40.4,10,A,0.2,5.0,7.0
45967,Collingwood Magpies,10.333333333333334,14.0,15.2,1.0,1.0,1.6666666666666667,38.0,48.2,56.1,69,H,0.4,6.0,7.0
45546,Collingwood Magpies,14.5,16.5,17.0,,,,44.333333333333336,52.4,54.8,35,H,0.4,6.0,7.0
45822,Collingwood Magpies,10.333333333333334,8.6,8.333333333333334,,,,34.666666666666664,28.6,27.0,18,A,0.4,8.0,6.0
45918,St Kilda Saints,14.0,10.8,10.5,,1.0,1.0,56.666666666666664,45.6,40.5,10,A,0.4,3.0,8.0
45483,Brisbane Lions,7.666666666666667,9.0,10.444444444444445,,,,34.0,38.0,41.0,64,A,0.8,1.0,7.0
45930,Hawthorn Hawks,9.666666666666666,8.8,7.125,,,,36.333333333333336,32.8,24.444444444444443,9,H,0.2,5.0,7.0
45402,St Kilda Saints,8.5,9.25,9.555555555555555,,,1.0,25.333333333333332,31.0,36.6,21,A,0.4,3.0,8.0
45655,Melbourne Demons,13.666666666666666,13.25,9.666666666666666,1.0,1.3333333333333333,1.2857142857142858,44.333333333333336,44.2,37.5,104,A,0.0,8.0,6.0
45805,Adelaide Crows,8.333333333333334,7.8,7.777777777777778,,,1.5,45.666666666666664,47.4,47.9,130,A,0.4,4.0,7.0
45700,Fremantle Dockers,6.333333333333333,8.0,8.0,2.0,1.6666666666666667,1.6666666666666667,37.0,45.25,45.25,4,A,0.4,6.0,8.0
45704,Fremantle Dockers,7.333333333333333,7.4,9.6,,,,28.333333333333332,28.4,35.0,115,A,0.4,6.0,8.0
45801,Geelong Cats,15.666666666666666,13.0,17.88888888888889,1.0,1.0,1.0,61.0,49.2,68.6,123,H,0.6,4.0,8.0
45473,Carlton Blues,11.0,9.5,9.0,1.0,1.0,1.0,40.333333333333336,34.8,33.4,103,H,0.6,2.0,6.0
45517,Geelong Cats,5.666666666666667,6.8,8.88888888888889,1.0,1.0,1.0,18.666666666666668,22.8,27.333333333333332,9,A,0.6,4.0,6.0
45795,Carlton Blues,6.0,7.0,6.555555555555555,5.0,5.0,3.0,40.666666666666664,36.0,38.2,78,H,0.6,2.0,6.0
45888,Melbourne Demons,4.666666666666667,6.2,6.2,,1.5,1.25,18.666666666666668,28.8,29.0,16,H,0.0,7.0,7.0
45370,Fremantle Dockers,7.0,8.0,7.555555555555555,,,,39.666666666666664,33.2,35.4,162,H,0.2,8.0,6.0
45911,Collingwood Magpies,12.666666666666666,9.6,12.5,,,,50.0,38.2,48.2,90,A,0.4,6.0,9.0
45929,Richmond Tigers,4.333333333333333,4.6,4.8,,,1.0,36.333333333333336,38.2,39.6,143,H,0.0,2.0,7.0
45760,Richmond Tigers,2.5,0.75,2.125,1.0,1.0,1.0,35.0,27.4,26.2,23,H,0.0,2.0,7.0
45939,Melbourne Demons,12.333333333333334,15.8,18.0,1.5,2.0,2.0,53.333333333333336,59.8,66.2,232,A,0.0,7.0,7.0
45457,Collingwood Magpies,9.333333333333334,11.6,14.6,2.0,2.0,1.75,35.666666666666664,45.2,55.7,74,H,0.2,8.0,6.0
45908,Essendon Bombers,9.333333333333334,8.2,9.3,,,1.0,40.333333333333336,36.2,37.9,108,H,1.0,1.0,8.0
45871,Melbourne Demons,4.666666666666667,5.6,6.3,,,,15.0,24.8,24.4,161,A,0.0,7.0,7.0
45351,St Kilda Saints,18.333333333333332,14.4,12.2,1.0,1.0,1.4,61.0,48.8,49.7,117,A,0.2,6.0,7.0
45787,Adelaide Crows,3.3333333333333335,5.2,5.7,,,,15.666666666666666,24.0,24.2,49,H,0.4,5.0,7.0
45373,Adelaide Crows,11.0,11.6,8.8,1.0,1.0,1.3333333333333333,38.333333333333336,41.6,36.0,93,H,0.4,5.0,7.0
45431,Fremantle Dockers,8.666666666666666,6.4,6.222222222222222,1.0,1.0,1.0,42.333333333333336,28.4,27.3,10,A,0.0,6.0,8.0
45900,North Melbourne Kangaroos,3.3333333333333335,4.5,6.888888888888889,,2.0,1.25,13.666666666666666,17.6,25.9,14,A,0.8,1.0,7.0
45621,Adelaide Crows,6.333333333333333,8.0,12.4,1.0,1.0,1.0,22.666666666666668,31.0,46.4,152,H,0.4,5.0,7.0
45675,Adelaide Crows,15.0,12.2,15.0,4.0,4.0,1.8,71.66666666666667,55.0,61.4,115,H,0.4,5.0,7.0
45580,Hawthorn Hawks,12.333333333333334,12.8,11.0,1.0,1.0,1.0,36.333333333333336,39.4,35.6,93,H,0.8,3.0,8.0
45383,Port Adelaide Power,5.666666666666667,6.0,6.5,1.0,1.0,1.0,40.666666666666664,44.4,43.7,124,A,0.4,3.0,7.0
45415,Port Adelaide Power,5.333333333333333,7.2,6.0,3.0,2.0,2.0,24.666666666666668,36.2,29.5,74,A,0.4,3.0,7.0
45891,Essendon Bombers,7.333333333333333,7.8,7.4,,,1.0,49.666666666666664,51.2,44.4,159,A,1.0,1.0,13.0
45684,North Melbourne Kangaroos,5.333333333333333,8.0,9.0,,,,21.0,32.6,39.8,199,H,1.0,1.0,8.0
45597,Carlton Blues,5.333333333333333,4.6,7.3,,,1.0,18.666666666666668,18.6,33.1,172,A,0.6,2.0,7.0
45423,Melbourne Demons,10.666666666666666,11.4,15.6,1.6666666666666667,1.5,1.4,40.666666666666664,45.8,57.4,80,A,0.0,1.0,193.0
45867,North Melbourne Kangaroos,3.0,8.0,7.142857142857143,1.0,1.6666666666666667,1.4,4.333333333333333,29.6,27.6,244,H,1.0,1.0,167.0
45848,Richmond Tigers,13.0,11.8,7.8,,,1.0,37.0,34.6,24.0,47,H,0.4,1.0,8.0
46247,North Melbourne Kangaroos,10.0,10.0,10.0,,,,37.0,37.0,37.0,2,A,0.6,2.0,7.0
45407,Brisbane Lions,5.666666666666667,6.6,9.3,1.0,1.0,1.0,28.666666666666668,28.4,40.6,47,A,0.6,2.0,6.0
45440,Melbourne Demons,7.333333333333333,5.8,7.666666666666667,4.0,3.0,3.4285714285714284,43.333333333333336,31.4,40.9,76,A,0.2,5.0,9.0
46027,Port Adelaide Power,,,,,,,,,,0,A,0.2,8.0,8.0
45778,Sydney Swans,7.666666666666667,8.4,10.0,1.5,1.5,1.8,31.666666666666668,36.2,40.6,113,H,0.6,1.0,6.0
45502,Adelaide Crows,8.333333333333334,6.8,6.3,,,1.0,35.666666666666664,29.6,26.5,64,A,0.0,8.0,7.0
45657,Hawthorn Hawks,8.666666666666666,7.6,11.1,1.0,1.0,1.1666666666666667,39.333333333333336,35.6,52.0,73,H,0.6,7.0,7.0
46279,Brisbane Lions,9.0,9.0,9.0,,,,34.0,34.0,34.0,1,A,0.4,1.0,8.0
46276,Hawthorn Hawks,,,,,,,,,,0,A,0.4,5.0,8.0
45670,West Coast Eagles,10.666666666666666,11.2,10.7,,1.5,2.0,36.666666666666664,42.8,45.4,214,A,0.4,3.0,8.0
45868,Melbourne Demons,14.0,10.0,7.625,1.0,1.0,1.0,35.0,28.0,25.0,139,A,0.6,2.0,8.0
45516,Sydney Swans,11.333333333333334,12.8,14.3,2.0,2.0,1.5,42.333333333333336,46.8,51.7,82,H,0.4,3.0,6.0
45892,Western Bulldogs,7.666666666666667,8.4,8.6,3.0,3.0,1.6666666666666667,30.333333333333332,33.8,35.2,102,A,0.4,3.0,8.0
45699,Western Bulldogs,6.0,6.0,6.0,1.5,1.5,1.5,31.666666666666668,28.25,28.25,4,A,0.4,3.0,8.0
46013,West Coast Eagles,,,,,,,,,,0,A,0.4,1.0,8.0
45322,North Melbourne Kangaroos,7.0,7.333333333333333,5.125,,1.0,1.0,16.0,20.2,15.2,26,H,1.0,1.0,6.0
45762,Port Adelaide Power,8.0,9.8,14.8,,2.5,2.4,22.666666666666668,34.8,59.3,49,H,0.0,5.0,6.0
45444,Geelong Cats,9.333333333333334,10.8,11.4,,,,40.666666666666664,44.2,45.3,52,A,0.4,4.0,7.0
45324,Geelong Cats,15.666666666666666,14.2,19.8,2.0,2.0,1.8,69.33333333333333,60.0,78.1,55,A,0.4,4.0,7.0
45697,Geelong Cats,10.0,11.2,11.9,1.0,1.0,1.0,49.666666666666664,50.4,53.4,71,A,0.4,4.0,7.0
45482,North Melbourne Kangaroos,6.0,6.6,7.75,1.5,1.5,2.0,41.333333333333336,38.0,37.4,71,A,0.8,2.0,6.0
45792,Collingwood Magpies,8.0,7.5,12.777777777777779,1.5,1.3333333333333333,1.1666666666666667,38.333333333333336,33.4,46.2,95,A,0.0,3.0,8.0
46301,Collingwood Magpies,,,,,,,,,,0,H,0.0,3.0,6.0
45708,Brisbane Lions,5.666666666666667,6.5,10.125,,,,41.333333333333336,50.2,52.1,57,H,0.4,3.0,6.0
46006,Collingwood Magpies,,,,,,,,,,0,H,0.0,3.0,6.0
45372,Port Adelaide Power,15.333333333333334,15.8,16.0,,,1.0,57.666666666666664,56.8,58.3,90,A,0.0,6.0,9.0
45601,West Coast Eagles,6.0,5.666666666666667,6.5,,,,13.0,11.4,13.5,6,A,0.6,2.0,6.0
45869,Carlton Blues,10.666666666666666,10.4,11.5,,,1.0,39.666666666666664,37.2,41.8,199,A,1.0,1.0,6.0
45511,Melbourne Demons,22.0,23.8,22.3,1.0,1.0,1.2,74.33333333333333,86.8,81.5,142,H,0.4,3.0,6.0
45726,Geelong Cats,4.0,4.0,4.0,,,,17.0,17.0,17.0,3,A,0.2,3.0,8.0
45905,West Coast Eagles,4.666666666666667,6.6,7.0,,,,18.333333333333332,30.2,27.6,32,H,0.4,1.0,7.0
45776,Collingwood Magpies,9.0,8.5,8.5,3.0,2.0,2.0,39.333333333333336,37.5,37.5,4,A,0.0,3.0,7.0
45615,Collingwood Magpies,14.0,11.25,7.888888888888889,,,1.0,39.666666666666664,36.6,29.1,15,A,0.0,3.0,7.0
46035,St Kilda Saints,7.5,8.333333333333334,7.857142857142857,1.0,1.0,1.2,26.0,28.6,30.3,11,A,0.2,8.0,7.0
45320,Sydney Swans,6.333333333333333,7.0,8.3,1.0,1.6666666666666667,1.8,22.666666666666668,30.0,36.4,227,H,0.4,6.0,7.0
45419,Hawthorn Hawks,9.666666666666666,8.0,6.5,1.0,1.0,1.0,43.333333333333336,31.8,28.2,75,H,0.4,4.0,7.0
45755,St Kilda Saints,10.0,8.2,9.5,,,,39.0,32.0,39.3,214,A,0.2,2.0,5.0
45696,Geelong Cats,6.666666666666667,8.6,8.88888888888889,2.0,2.0,2.0,24.666666666666668,35.8,36.3,61,H,0.4,3.0,6.0
46350,Richmond Tigers,7.333333333333333,7.333333333333333,7.333333333333333,1.0,1.0,1.0,24.666666666666668,24.666666666666668,24.666666666666668,3,A,0.8,1.0,6.0
45369,Sydney Swans,11.666666666666666,11.4,10.6,,,1.0,43.0,41.2,39.5,27,A,0.2,4.0,7.0
45506,Richmond Tigers,5.666666666666667,5.8,7.2,1.0,1.5,1.2857142857142858,27.333333333333332,29.2,33.6,27,A,0.6,2.0,6.0
45417,Brisbane Lions,13.0,13.0,11.777777777777779,,1.0,1.5,52.666666666666664,52.4,45.9,182,H,0.6,4.0,8.0
46238,West Coast Eagles,12.0,12.0,12.0,,,,43.0,43.0,43.0,1,H,0.2,6.0,8.0
46237,Geelong Cats,5.333333333333333,8.0,8.857142857142858,1.0,1.6666666666666667,1.5,19.333333333333332,36.4,38.285714285714285,7,A,0.6,1.0,6.0
45565,Geelong Cats,6.5,6.75,7.0,2.0,2.0,1.4,45.333333333333336,50.8,52.2,75,A,0.6,1.0,6.0
45531,Essendon Bombers,7.666666666666667,6.6,10.9,1.0,1.0,1.3333333333333333,26.0,23.2,38.9,109,A,1.0,1.0,7.0
45484,Port Adelaide Power,9.666666666666666,8.2,11.6,,,1.0,30.666666666666668,27.8,44.6,54,A,0.6,6.0,7.0
45853,Richmond Tigers,5.0,5.8,7.3,,1.0,1.25,21.0,22.4,29.5,63,H,0.4,3.0,7.0
45780,Sydney Swans,10.666666666666666,8.4,8.5,1.0,1.0,1.0,57.333333333333336,44.6,40.4,86,H,0.4,7.0,8.0
45953,Collingwood Magpies,7.333333333333333,12.8,11.5,,3.0,2.5,31.333333333333332,59.2,53.8,140,A,0.2,7.0,9.0
46034,North Melbourne Kangaroos,5.666666666666667,6.4,7.555555555555555,1.0,1.0,1.5,32.0,30.8,31.1,113,H,0.6,1.0,7.0
45661,Brisbane Lions,19.0,18.5,16.555555555555557,,1.0,1.0,34.666666666666664,38.6,42.7,218,H,0.6,3.0,7.0
45971,Western Bulldogs,5.0,6.2,6.555555555555555,2.0,2.0,1.5,28.333333333333332,28.4,27.9,147,A,0.4,2.0,7.0
45951,Collingwood Magpies,11.333333333333334,10.4,10.5,,,1.0,43.333333333333336,37.8,40.3,22,A,0.2,5.0,7.0
45730,Brisbane Lions,11.333333333333334,9.2,9.777777777777779,2.0,2.0,1.6,53.0,38.8,43.3,85,H,0.6,3.0,7.0
45882,Geelong Cats,10.333333333333334,10.0,9.0,,,,44.333333333333336,43.0,35.1,17,A,0.4,2.0,6.0
45347,West Coast Eagles,8.666666666666666,6.6,6.7,,1.0,1.0,39.666666666666664,31.4,30.5,23,A,0.2,4.0,6.0
46041,Carlton Blues,,,,,,,,,,0,H,1.0,2.0,6.0
45785,Collingwood Magpies,11.333333333333334,9.6,12.1,,1.0,1.0,44.333333333333336,38.6,46.7,85,A,0.2,7.0,6.0
45996,West Coast Eagles,6.0,6.0,6.0,,,,25.0,25.0,25.0,2,H,0.2,6.0,8.0
45751,St Kilda Saints,6.0,7.4,9.5,1.0,1.0,2.2,26.0,29.8,43.5,87,A,0.2,6.0,7.0
45389,St Kilda Saints,12.0,11.6,10.5,1.5,1.6666666666666667,1.5,54.333333333333336,52.0,45.0,107,A,0.2,6.0,6.0
46043,Adelaide Crows,12.0,13.666666666666666,13.666666666666666,,1.0,1.0,33.666666666666664,42.0,42.0,4,A,0.4,4.0,6.0
45926,Hawthorn Hawks,10.333333333333334,16.2,19.88888888888889,1.0,1.0,1.25,42.0,61.8,75.9,77,H,0.6,2.0,7.0
45916,Adelaide Crows,6.333333333333333,5.8,6.4,1.0,1.3333333333333333,1.6,49.0,51.8,48.7,50,A,0.4,4.0,6.0
45591,Brisbane Lions,13.666666666666666,14.6,13.1,,1.0,1.0,76.33333333333333,78.8,70.8,124,H,0.6,2.0,6.0
45786,Carlton Blues,3.3333333333333335,3.8,4.777777777777778,,,1.0,39.333333333333336,38.2,39.6,145,A,0.6,1.0,9.0
46309,North Melbourne Kangaroos,1.0,1.0,1.0,,,,-3.0,-3.0,-3.0,1,A,0.8,2.0,8.0
45602,Melbourne Demons,10.666666666666666,15.2,14.6,,,,33.0,48.2,46.0,112,H,0.8,3.0,7.0
45960,Carlton Blues,2.6666666666666665,3.0,6.1,,,2.0,7.666666666666667,9.2,22.8,43,A,0.6,1.0,9.0
45386,Collingwood Magpies,12.333333333333334,10.6,9.8,1.0,1.0,1.3333333333333333,50.666666666666664,44.6,45.6,253,H,0.2,7.0,6.0
45455,Collingwood Magpies,10.333333333333334,10.2,13.3,,,,36.666666666666664,33.4,43.8,245,H,0.2,7.0,6.0
45913,Fremantle Dockers,8.333333333333334,6.6,7.1,1.5,1.5,1.25,41.0,33.6,33.7,14,A,0.4,6.0,6.0
46040,St Kilda Saints,13.0,12.2,8.9,2.0,2.0,2.0,51.333333333333336,48.2,34.5,55,H,0.2,8.0,7.0
45588,St Kilda Saints,7.333333333333333,5.8,7.3,1.6666666666666667,1.75,2.4444444444444446,43.333333333333336,33.4,44.5,62,H,0.2,8.0,7.0
45746,Fremantle Dockers,15.0,12.8,12.5,,1.0,1.0,56.666666666666664,51.8,53.4,42,A,0.4,6.0,6.0
45478,Essendon Bombers,13.333333333333334,14.2,14.5,,,,46.0,47.6,49.6,185,A,0.8,1.0,8.0
45618,Adelaide Crows,12.0,9.4,14.3,,,3.0,42.0,32.6,45.7,117,H,0.4,4.0,8.0
45489,West Coast Eagles,6.333333333333333,7.75,15.333333333333334,3.0,2.3333333333333335,1.8333333333333333,31.666666666666668,46.0,64.8,67,H,0.2,5.0,7.0
45413,Adelaide Crows,12.333333333333334,10.25,8.75,1.0,1.0,1.0,45.333333333333336,31.4,32.6,138,H,0.4,4.0,8.0
45728,West Coast Eagles,11.666666666666666,12.4,15.6,,,,47.333333333333336,48.8,56.7,266,H,0.2,5.0,7.0
45652,Adelaide Crows,11.333333333333334,9.5,10.666666666666666,1.0,1.0,1.0,42.333333333333336,28.4,33.6,132,H,0.4,4.0,8.0
45907,West Coast Eagles,5.333333333333333,6.4,8.3,,1.0,1.0,24.666666666666668,31.2,34.3,98,H,0.2,5.0,7.0
45437,Adelaide Crows,16.333333333333332,22.4,21.22222222222222,,1.0,1.0,66.66666666666667,91.8,90.5,98,H,0.4,4.0,8.0
45466,Port Adelaide Power,2.0,2.0,2.75,,,,12.333333333333334,6.8,10.3,57,A,0.4,6.0,7.0
45906,Geelong Cats,5.666666666666667,7.8,8.8,,1.0,1.3333333333333333,25.333333333333332,36.6,41.1,240,A,0.6,1.0,6.0
45418,North Melbourne Kangaroos,3.0,4.6,5.7,,,1.0,16.666666666666668,19.6,24.8,71,A,0.6,2.0,7.0
45650,Western Bulldogs,7.666666666666667,6.4,7.333333333333333,1.6666666666666667,1.6666666666666667,1.6666666666666667,46.333333333333336,36.0,41.4,176,A,0.6,3.0,8.0
45980,Western Bulldogs,15.666666666666666,14.4,11.1,,1.0,1.0,82.33333333333333,84.8,60.9,236,A,0.6,3.0,8.0
45981,Hawthorn Hawks,13.666666666666666,10.6,11.7,,,,67.33333333333333,55.0,61.0,141,A,0.8,2.0,7.0
45877,North Melbourne Kangaroos,0.0,2.25,2.7777777777777777,,1.5,1.75,24.333333333333332,38.0,35.2,234,A,0.4,1.0,7.0
45385,Carlton Blues,12.333333333333334,14.8,16.3,1.5,1.3333333333333333,1.25,55.666666666666664,57.6,55.9,176,A,0.4,2.0,7.0
45352,Essendon Bombers,15.333333333333334,14.0,14.1,1.5,1.3333333333333333,1.25,58.0,57.0,53.9,237,H,0.8,1.0,7.0
45311,North Melbourne Kangaroos,12.0,9.25,11.125,1.5,1.5,2.0,46.0,40.2,47.2,109,H,0.4,1.0,217.0
45935,Carlton Blues,2.6666666666666665,4.25,4.25,1.0,1.0,1.0,11.666666666666666,18.25,18.25,4,H,0.4,2.0,5.0
45889,Geelong Cats,19.333333333333332,21.4,16.5,1.5,1.3333333333333333,1.2,87.33333333333333,86.4,70.4,67,A,0.6,1.0,8.0
45945,Essendon Bombers,7.333333333333333,6.5,8.222222222222221,,1.0,1.0,29.666666666666668,24.2,32.7,126,A,0.8,2.0,8.0
44797,Collingwood Magpies,,,,,,,,,,0,H,0.6,2.0,6.0
46274,Collingwood Magpies,,,,,,,,,,0,H,0.6,2.0,6.0
45326,Carlton Blues,7.333333333333333,6.6,8.6,2.0,1.5,1.3333333333333333,24.333333333333332,24.0,34.5,17,H,0.6,1.0,9.0
45427,Brisbane Lions,9.0,10.4,10.4,1.0,1.3333333333333333,1.3333333333333333,34.666666666666664,46.2,46.2,5,A,0.4,3.0,7.0
45459,Carlton Blues,8.333333333333334,8.8,7.9,,,1.5,25.666666666666668,26.6,27.4,14,H,0.4,2.0,7.0
45784,Adelaide Crows,7.333333333333333,5.8,7.0,,1.0,1.0,22.333333333333332,21.0,21.0,8,H,0.2,4.0,7.0
46244,North Melbourne Kangaroos,11.333333333333334,11.4,10.5,,,,48.333333333333336,44.6,37.7,82,A,0.2,4.0,6.0
45758,Geelong Cats,10.0,8.8,8.1,1.0,1.3333333333333333,1.5,40.333333333333336,40.4,39.3,128,A,0.4,4.0,6.0
45691,Geelong Cats,9.333333333333334,10.8,9.5,1.0,1.0,1.0,42.666666666666664,45.8,37.9,33,A,0.4,4.0,6.0
45819,Richmond Tigers,5.5,5.0,5.666666666666667,2.0,2.0,1.5,19.0,21.6,22.4,19,H,0.8,2.0,8.0
45315,Sydney Swans,8.666666666666666,10.6,11.7,1.3333333333333333,1.8,2.0,38.666666666666664,50.0,58.4,66,H,0.4,2.0,8.0
44775,Adelaide Crows,11.0,11.0,11.0,1.0,1.0,1.0,44.0,44.0,44.0,1,A,0.6,2.0,6.0
46272,Adelaide Crows,11.0,11.0,11.0,1.0,1.0,1.0,44.0,44.0,44.0,1,A,0.6,2.0,6.0
45947,St Kilda Saints,4.666666666666667,7.4,8.9,1.0,1.3333333333333333,1.6,22.666666666666668,34.0,37.0,22,A,0.2,6.0,7.0
45800,Brisbane Lions,17.666666666666668,15.4,11.3,1.0,1.0,1.0,79.0,71.2,51.1,24,H,0.6,3.0,7.0
43426,Adelaide Crows,8.333333333333334,8.333333333333334,8.333333333333334,0.3333333333333333,0.3333333333333333,0.3333333333333333,36.666666666666664,36.666666666666664,36.666666666666664,3,A,0.8,3.0,8.0
46019,Adelaide Crows,8.333333333333334,8.333333333333334,8.333333333333334,1.0,1.0,1.0,36.666666666666664,36.666666666666664,36.666666666666664,3,A,0.8,3.0,8.0
45328,Geelong Cats,4.333333333333333,4.0,4.0,1.0,1.6666666666666667,1.6666666666666667,26.0,28.5,28.5,4,H,0.2,4.0,7.0
45488,Fremantle Dockers,6.333333333333333,10.4,12.2,1.5,1.3333333333333333,1.2,31.333333333333332,46.0,49.0,49,H,0.0,6.0,7.0
45374,Fremantle Dockers,20.333333333333332,20.2,19.7,1.0,1.0,1.0,76.0,80.4,76.3,22,H,0.0,6.0,7.0
45436,Melbourne Demons,10.0,11.6,11.2,,,1.0,35.0,39.4,40.4,42,H,0.4,1.0,9.0
45613,Melbourne Demons,5.666666666666667,6.75,7.555555555555555,,,,25.333333333333332,31.6,32.2,157,A,0.2,2.0,6.0
45804,Melbourne Demons,3.0,4.8,7.8,2.0,2.0,2.6666666666666665,18.0,25.8,34.5,17,A,0.2,2.0,6.0
45637,West Coast Eagles,19.0,14.8,14.2,1.0,1.0,1.0,66.0,53.0,52.4,242,A,0.0,2.0,13.0
45901,Sydney Swans,9.333333333333334,12.6,11.5,1.0,1.0,1.1666666666666667,43.333333333333336,51.0,47.1,77,H,0.6,2.0,8.0
45438,Western Bulldogs,14.666666666666666,13.0,13.5,1.0,1.0,1.0,59.0,53.8,54.4,44,H,0.6,2.0,6.0
45538,St Kilda Saints,14.5,14.5,14.555555555555555,,,1.5,55.333333333333336,56.0,54.8,83,A,0.2,7.0,6.0
45928,West Coast Eagles,8.0,8.2,11.444444444444445,1.0,1.0,1.25,38.666666666666664,43.8,60.3,128,A,0.2,7.0,6.0
45815,Fremantle Dockers,9.333333333333334,11.5,10.444444444444445,,,,38.666666666666664,40.2,38.3,127,H,0.0,6.0,8.0
45850,St Kilda Saints,13.666666666666666,11.8,9.9,,1.0,1.0,55.0,50.2,39.7,59,H,0.2,2.0,6.0
45752,Fremantle Dockers,9.333333333333334,9.0,7.4,3.3333333333333335,2.8,2.888888888888889,63.0,58.2,48.7,164,A,0.0,8.0,6.0
46134,Collingwood Magpies,,,,,,,,,,0,H,0.6,3.0,8.0
44047,Collingwood Magpies,,,,,,,,,,0,H,0.6,3.0,8.0
45491,Western Bulldogs,2.6666666666666665,3.25,3.7777777777777777,,,1.0,14.666666666666666,19.8,19.8,13,A,0.6,5.0,7.0
45849,Western Bulldogs,13.333333333333334,11.8,18.3,1.0,1.0,1.0,56.333333333333336,43.6,67.0,210,A,0.6,5.0,7.0
45896,Port Adelaide Power,5.333333333333333,5.4,6.3,,,,20.333333333333332,18.2,21.6,19,A,0.4,1.0,7.0
45503,St Kilda Saints,6.333333333333333,6.8,8.1,,,1.5,28.333333333333332,31.0,36.5,46,H,0.2,7.0,8.0
45341,Melbourne Demons,8.666666666666666,8.75,8.555555555555555,1.5,1.3333333333333333,1.4,39.333333333333336,32.2,35.5,22,H,0.2,6.0,8.0
45680,Port Adelaide Power,4.0,9.0,6.9,1.0,2.0,1.8,15.0,42.4,35.1,49,H,0.4,3.0,8.0
44021,Hawthorn Hawks,5.666666666666667,5.666666666666667,5.666666666666667,0.0,0.5,0.5,20.666666666666668,31.75,31.75,4,A,0.6,1.0,6.0
46126,Hawthorn Hawks,5.666666666666667,7.5,7.5,,2.0,2.0,20.666666666666668,31.75,31.75,4,A,0.6,1.0,6.0
45745,Fremantle Dockers,9.666666666666666,10.8,10.7,1.0,1.0,1.0,42.0,43.0,39.6,113,H,0.0,6.0,7.0
45578,Port Adelaide Power,1.0,1.25,2.3333333333333335,,1.0,2.0,25.0,29.2,39.0,29,A,0.8,1.0,6.0
46259,Sydney Swans,,,,,,,,,,0,A,1.0,4.0,8.0
44705,Sydney Swans,,,,,,,,,,0,A,1.0,4.0,8.0
45134,Fremantle Dockers,6.0,6.0,6.0,0.6666666666666666,0.6666666666666666,0.6666666666666666,23.666666666666668,23.666666666666668,23.666666666666668,3,A,0.2,8.0,8.0
45510,Sydney Swans,5.666666666666667,4.75,6.25,,,1.0,24.333333333333332,14.6,25.3,13,A,1.0,4.0,8.0
45659,Essendon Bombers,10.666666666666666,10.25,7.333333333333333,1.0,1.0,1.0,57.666666666666664,46.8,36.7,16,H,0.6,1.0,7.0
46330,Fremantle Dockers,8.5,8.5,8.5,2.0,2.0,2.0,23.666666666666668,23.666666666666668,23.666666666666668,3,A,0.2,8.0,8.0
45831,Carlton Blues,6.666666666666667,7.25,8.11111111111111,,,,24.666666666666668,31.6,31.1,233,A,0.4,3.0,8.0
45477,St Kilda Saints,15.333333333333334,15.4,14.0,,,,66.33333333333333,64.2,58.8,75,H,0.0,7.0,8.0
44939,Fremantle Dockers,7.0,7.0,7.0,1.0,1.0,1.0,29.0,29.0,29.0,1,A,0.2,8.0,7.0
45693,Sydney Swans,7.5,5.75,8.444444444444445,,,1.0,29.333333333333332,23.6,33.9,154,H,0.6,3.0,7.0
45924,St Kilda Saints,14.666666666666666,12.6,13.3,1.0,1.0,1.25,53.333333333333336,45.6,51.5,61,A,0.0,7.0,7.0
45649,St Kilda Saints,8.333333333333334,10.2,11.0,,,,28.0,34.8,34.7,42,A,0.0,7.0,7.0
45480,Hawthorn Hawks,12.0,10.75,14.666666666666666,,,,49.333333333333336,46.2,56.9,117,A,0.6,2.0,7.0
46296,Fremantle Dockers,7.0,7.0,7.0,1.0,1.0,1.0,29.0,29.0,29.0,1,A,0.2,8.0,7.0
45811,St Kilda Saints,10.666666666666666,10.2,12.555555555555555,1.0,1.6666666666666667,1.3333333333333333,37.666666666666664,43.8,46.7,65,A,0.0,7.0,7.0
45842,Essendon Bombers,6.666666666666667,8.8,10.4,1.5,1.5,1.3333333333333333,38.333333333333336,44.6,46.6,82,A,0.6,1.0,6.0
45596,Geelong Cats,16.0,15.2,15.4,1.0,1.0,1.5,56.666666666666664,59.6,60.4,273,A,0.2,6.0,6.0
45973,Fremantle Dockers,13.666666666666666,12.6,10.6,1.0,1.0,1.0,63.333333333333336,54.4,47.0,95,H,0.2,8.0,6.0
45982,St Kilda Saints,13.0,12.4,11.4,1.0,1.0,1.0,52.666666666666664,48.4,41.6,117,A,0.0,7.0,6.0
45779,Hawthorn Hawks,13.666666666666666,12.6,10.1,,,,49.666666666666664,41.0,34.1,16,H,0.4,2.0,6.0
45781,Hawthorn Hawks,5.666666666666667,9.4,8.0,,2.0,1.6666666666666667,23.333333333333332,48.6,41.9,20,H,0.4,2.0,6.0
45398,Adelaide Crows,8.666666666666666,7.6,8.1,1.0,1.0,1.0,29.333333333333332,29.0,29.7,23,A,0.8,4.0,6.0
45846,Hawthorn Hawks,13.333333333333334,9.8,11.4,,,1.5,57.0,42.8,51.1,221,H,0.4,2.0,6.0
45520,Fremantle Dockers,23.333333333333332,22.8,21.333333333333332,1.0,1.0,1.0,84.33333333333333,83.2,79.2,230,H,0.2,8.0,6.0
45463,Western Bulldogs,10.0,13.2,12.1,,2.0,1.25,38.666666666666664,58.2,53.4,117,H,0.2,2.0,8.0
44052,North Melbourne Kangaroos,,,,,,,,,,0,A,0.2,4.0,9.0
45662,Collingwood Magpies,17.333333333333332,16.4,15.0,1.0,1.0,1.0,66.33333333333333,63.6,54.7,60,H,0.4,2.0,8.0
45568,West Coast Eagles,10.0,8.75,7.428571428571429,,,,27.0,29.0,23.1,77,A,0.4,6.0,8.0
45731,North Melbourne Kangaroos,6.666666666666667,7.6,9.4,,,1.0,33.666666666666664,33.6,40.1,68,A,0.2,4.0,9.0
45931,Collingwood Magpies,4.0,6.6,8.7,1.0,1.3333333333333333,1.4,21.333333333333332,33.8,39.3,35,H,0.4,2.0,8.0
45893,North Melbourne Kangaroos,4.0,5.75,5.0,1.0,1.3333333333333333,1.25,18.666666666666668,29.4,26.571428571428573,7,A,0.2,4.0,9.0
46135,North Melbourne Kangaroos,,,,,,,,,,0,A,0.2,4.0,9.0
45512,Melbourne Demons,22.333333333333332,25.0,22.8,2.0,1.6666666666666667,1.4,77.0,89.2,83.8,257,A,0.6,4.0,7.0
45843,Adelaide Crows,1.6666666666666667,6.4,8.8,,,1.75,7.333333333333333,22.6,40.2,136,A,0.6,4.0,7.0
45622,Adelaide Crows,8.0,8.6,9.5,1.3333333333333333,1.8,3.1,26.666666666666668,37.0,55.2,229,A,0.6,4.0,7.0
45671,Sydney Swans,6.666666666666667,9.4,13.7,1.5,1.5,1.1666666666666667,39.666666666666664,46.4,66.8,181,A,0.4,2.0,8.0
45879,Carlton Blues,14.666666666666666,12.4,15.9,1.0,1.0,2.0,65.0,61.2,73.6,311,A,0.8,2.0,7.0
45694,Port Adelaide Power,11.0,10.0,11.3,,,,33.333333333333336,33.6,40.8,115,A,0.8,1.0,7.0
45528,Port Adelaide Power,16.333333333333332,15.0,15.333333333333334,3.0,3.5,2.1666666666666665,62.666666666666664,61.8,64.5,108,A,0.8,1.0,7.0
45537,Richmond Tigers,10.333333333333334,11.0,11.88888888888889,,,1.0,48.0,54.4,56.1,243,A,0.8,3.0,7.0
45384,Richmond Tigers,10.666666666666666,12.6,13.1,2.0,2.6666666666666665,2.6666666666666665,45.0,57.4,54.5,261,A,0.8,3.0,7.0
45683,Essendon Bombers,10.0,11.4,13.777777777777779,1.0,1.0,1.0,47.333333333333336,43.4,58.4,189,H,0.8,1.0,15.0
45987,Brisbane Lions,5.0,6.5,6.777777777777778,,,,12.666666666666666,21.6,25.9,187,H,1.0,1.0,14.0
45335,Essendon Bombers,8.0,10.2,10.4,1.0,1.0,1.0,45.333333333333336,47.4,51.3,201,A,0.8,1.0,7.0
45617,Western Bulldogs,1.0,1.75,1.2857142857142858,1.0,1.3333333333333333,1.5,23.333333333333332,27.0,30.2,53,H,0.2,1.0,210.0
45722,Geelong Cats,12.666666666666666,14.2,14.5,1.0,1.0,1.0,50.0,59.6,51.1,225,A,0.0,4.0,7.0
45464,Sydney Swans,11.5,11.0,11.125,,,1.0,28.0,30.4,35.1,165,A,0.2,4.0,6.0
45499,Fremantle Dockers,9.666666666666666,9.4,8.1,,,1.0,52.0,52.2,44.0,28,H,0.2,4.0,7.0
45768,Port Adelaide Power,10.0,9.8,9.0,,1.0,1.0,47.0,47.0,43.8,22,A,0.4,4.0,8.0
45835,Collingwood Magpies,17.0,14.0,12.333333333333334,1.0,1.0,1.0,68.0,57.0,45.5,75,H,0.4,1.0,6.0
45741,Geelong Cats,7.0,8.6,9.7,,1.0,1.6666666666666667,28.333333333333332,37.4,46.5,157,A,0.0,8.0,7.0
45978,Hawthorn Hawks,22.0,19.8,18.22222222222222,1.0,1.0,1.0,80.0,75.0,68.8,172,H,0.4,4.0,7.0
45814,Richmond Tigers,13.333333333333334,10.75,7.142857142857143,2.5,2.0,2.0,55.0,38.0,27.5,8,A,0.4,3.0,6.0
45337,Western Bulldogs,8.0,8.2,6.0,1.0,1.0,1.5,38.333333333333336,35.8,26.3,80,H,0.2,6.0,8.0
45927,West Coast Eagles,5.0,5.8,5.9,1.0,1.5,1.75,21.666666666666668,27.2,30.6,21,A,0.6,4.0,7.0
45663,North Melbourne Kangaroos,3.3333333333333335,6.0,5.9,1.0,1.0,1.1666666666666667,10.333333333333334,27.2,29.6,27,H,0.2,4.0,8.0
46097,Adelaide Crows,6.5,7.75,6.555555555555555,,2.5,1.8,26.666666666666668,39.2,36.4,17,A,0.6,1.0,8.0
45806,St Kilda Saints,16.0,13.0,12.777777777777779,,2.0,1.5,68.66666666666667,60.6,56.6,43,A,0.0,5.0,7.0
45533,Carlton Blues,15.333333333333334,15.6,12.4,,1.0,1.0,62.666666666666664,65.2,50.5,47,H,0.0,6.0,9.0
45539,Carlton Blues,5.0,7.2,5.0,,1.0,1.0,35.0,43.6,31.2,32,H,0.0,6.0,9.0
45922,Fremantle Dockers,7.333333333333333,7.4,13.4,1.0,1.0,1.2,34.0,31.6,59.8,62,A,0.6,2.0,7.0
46119,Essendon Bombers,,,,,,,,,,0,A,0.6,1.0,6.0
43968,Essendon Bombers,,,,,,,,,,0,A,0.6,1.0,6.0
45679,Sydney Swans,5.333333333333333,7.4,8.0,2.3333333333333335,3.2,3.9,37.666666666666664,53.8,63.6,280,H,0.0,3.0,7.0
45862,Sydney Swans,10.0,14.666666666666666,16.25,1.0,1.0,1.0,58.333333333333336,56.8,57.8,281,H,0.0,3.0,7.0
45715,Essendon Bombers,6.0,8.2,8.2,,,,22.333333333333332,28.0,28.0,5,H,0.6,1.0,14.0
45860,Melbourne Demons,10.333333333333334,9.8,10.777777777777779,1.0,1.5,2.25,55.666666666666664,54.0,54.0,172,A,0.4,1.0,6.0
45607,Richmond Tigers,4.666666666666667,6.0,8.1,1.0,1.0,1.2857142857142858,26.666666666666668,29.0,39.0,244,H,0.2,7.0,6.0
45460,Collingwood Magpies,2.0,3.8,4.0,1.0,2.6666666666666665,2.4285714285714284,9.0,26.8,28.6,127,A,0.6,3.0,13.0
45468,St Kilda Saints,10.333333333333334,10.0,9.444444444444445,2.0,1.6666666666666667,1.6666666666666667,47.666666666666664,44.0,40.4,30,H,0.4,5.0,9.0
45639,Fremantle Dockers,8.0,12.0,12.9,1.0,1.0,1.0,28.0,42.4,52.0,180,H,0.4,5.0,6.0
45743,West Coast Eagles,10.333333333333334,10.2,13.9,2.0,1.6666666666666667,2.0,46.666666666666664,44.6,61.4,100,A,0.8,2.0,6.0
46022,Brisbane Lions,,,,,,,,,,0,H,0.6,1.0,6.0
43433,Brisbane Lions,,,,,,,,,,0,H,0.6,1.0,6.0
45514,Fremantle Dockers,11.0,10.6,10.7,,,1.0,49.0,44.4,43.8,69,A,0.4,6.0,7.0
43777,Richmond Tigers,11.333333333333334,10.2,11.333333333333334,0.6666666666666666,0.4,0.5,44.666666666666664,41.6,46.666666666666664,6,A,0.0,2.0,6.0
46087,Richmond Tigers,11.333333333333334,10.2,10.2,2.0,2.0,1.5,44.666666666666664,41.6,46.666666666666664,6,A,0.0,2.0,6.0
45771,Adelaide Crows,7.333333333333333,6.2,5.6,1.0,1.0,1.0,30.333333333333332,26.0,24.3,51,H,0.4,2.0,8.0
44861,Western Bulldogs,2.6666666666666665,3.8,3.888888888888889,1.0,1.4,1.2222222222222223,20.0,29.4,30.11111111111111,9,A,0.4,3.0,9.0
45343,St Kilda Saints,5.333333333333333,8.2,11.2,,,1.0,21.666666666666668,31.4,41.2,36,H,0.0,5.0,8.0
46284,Western Bulldogs,4.0,4.75,4.428571428571429,1.5,1.75,1.375,20.0,29.4,30.11111111111111,9,A,0.4,3.0,9.0
45647,Richmond Tigers,15.0,16.2,14.6,,1.0,1.0,47.0,53.8,49.4,278,H,0.0,2.0,7.0
45485,Collingwood Magpies,3.5,10.75,10.555555555555555,,,1.0,29.666666666666668,47.6,48.2,27,A,0.6,3.0,8.0
45672,Western Bulldogs,8.0,8.0,9.0,,,,35.0,34.8,36.3,282,H,0.2,5.0,7.0
45400,St Kilda Saints,3.3333333333333335,4.0,7.75,,,,16.333333333333332,25.6,38.5,123,A,0.4,8.0,6.0
44700,Carlton Blues,12.666666666666666,9.2,8.666666666666666,0.0,0.0,0.16666666666666666,47.0,34.4,35.0,6,H,0.2,8.0,8.0
45348,Sydney Swans,10.0,9.0,6.2,1.0,1.0,1.0,49.0,39.2,28.1,31,H,0.2,6.0,6.0
45380,Carlton Blues,23.666666666666668,18.8,19.4,2.0,2.0,1.5,91.33333333333333,68.4,69.5,374,H,0.2,8.0,8.0
45526,Geelong Cats,2.5,2.5,4.0,,,,33.666666666666664,29.4,35.4,16,A,0.6,2.0,8.0
45876,Geelong Cats,14.0,12.4,12.3,,,1.0,46.333333333333336,39.8,39.9,170,A,0.6,2.0,8.0
45818,West Coast Eagles,13.666666666666666,14.0,13.6,,,1.0,44.333333333333336,49.8,47.4,89,H,0.4,2.0,7.0
45719,Melbourne Demons,8.333333333333334,8.8,11.4,1.0,1.0,1.3333333333333333,38.0,42.4,51.2,103,A,0.4,5.0,7.0
45640,Geelong Cats,8.0,7.2,8.666666666666666,,,,28.666666666666668,25.2,32.5,145,A,0.6,3.0,6.0
46026,Sydney Swans,5.333333333333333,6.2,6.3,,,,28.0,29.6,30.5,11,H,0.4,5.0,8.0
45504,Melbourne Demons,15.666666666666666,14.6,14.4,,,,67.0,60.0,56.9,121,H,0.4,3.0,7.0
44922,Adelaide Crows,8.333333333333334,8.0,9.25,0.0,0.2,0.1,32.666666666666664,42.2,37.5,10,A,1.0,2.0,7.0
45448,Port Adelaide Power,3.5,2.75,4.0,,1.0,1.0,19.333333333333332,22.6,28.2,18,A,0.8,1.0,6.0
45979,Geelong Cats,5.666666666666667,5.8,5.8,,1.0,1.0,31.0,29.2,29.2,5,H,0.4,3.0,7.0
45536,Melbourne Demons,7.666666666666667,6.6,9.2,,2.0,1.3333333333333333,33.0,28.2,40.1,39,H,0.4,3.0,6.0
45874,Fremantle Dockers,10.666666666666666,10.2,9.8,1.0,1.0,1.0,46.333333333333336,49.2,45.2,34,A,0.6,4.0,8.0
45827,Hawthorn Hawks,8.333333333333334,7.6,9.11111111111111,1.0,1.0,1.0,54.333333333333336,45.6,55.9,166,H,0.2,2.0,7.0
46044,Melbourne Demons,,,,,,,,,,0,A,0.4,4.0,7.0
45682,St Kilda Saints,9.666666666666666,9.2,7.666666666666667,3.0,2.0,1.6,77.0,77.8,64.3,320,H,0.2,8.0,6.0
45497,Sydney Swans,7.333333333333333,7.4,8.0,,,,23.666666666666668,33.2,33.8,216,H,0.8,5.0,7.0
45832,Collingwood Magpies,4.333333333333333,6.4,7.7,,,3.0,22.333333333333332,29.0,34.9,140,H,0.4,3.0,6.0
45636,Sydney Swans,21.0,20.2,19.555555555555557,1.6666666666666667,1.6,1.5714285714285714,98.33333333333333,96.0,78.3,233,H,0.8,5.0,7.0
45452,St Kilda Saints,12.333333333333334,12.8,11.7,,,1.0,37.0,42.2,42.6,59,H,0.2,8.0,6.0
43568,Melbourne Demons,,,,,,,,,,0,A,0.4,4.0,7.0
45909,Richmond Tigers,8.0,10.6,11.3,,,1.0,39.0,45.4,43.9,155,A,0.6,7.0,6.0
45592,Adelaide Crows,7.666666666666667,9.4,8.1,,,1.5,33.0,43.8,40.0,47,A,0.8,1.0,7.0
45449,Carlton Blues,18.333333333333332,17.8,13.0,1.0,1.0,1.0,77.33333333333333,74.8,56.4,17,A,0.2,6.0,8.0
46304,Carlton Blues,5.333333333333333,5.333333333333333,5.333333333333333,1.0,1.0,1.0,25.333333333333332,25.333333333333332,25.333333333333332,3,A,0.2,6.0,8.0
45914,West Coast Eagles,10.0,11.6,13.3,,,,45.0,45.4,46.6,139,H,0.2,4.0,8.0
43734,Carlton Blues,9.0,11.8,14.8,0.6666666666666666,0.4,0.6,43.666666666666664,54.6,60.8,17,A,0.2,6.0,8.0
44972,Carlton Blues,5.333333333333333,5.333333333333333,5.333333333333333,0.3333333333333333,0.3333333333333333,0.3333333333333333,25.333333333333332,25.333333333333332,25.333333333333332,3,A,0.2,6.0,8.0
45705,Carlton Blues,4.333333333333333,6.4,7.7,1.5,1.6666666666666667,1.6666666666666667,25.666666666666668,35.6,34.2,234,A,0.2,6.0,8.0
45603,Carlton Blues,11.333333333333334,11.6,10.3,1.0,1.0,1.0,56.666666666666664,54.0,48.1,77,A,0.2,6.0,8.0
45424,Carlton Blues,14.5,11.75,13.11111111111111,,,1.0,59.666666666666664,48.4,54.0,150,A,0.2,6.0,8.0
45774,Fremantle Dockers,13.666666666666666,14.0,12.2,,,,52.0,51.8,45.8,147,H,0.4,5.0,7.0
45739,Port Adelaide Power,4.0,5.0,9.8,,,,20.666666666666668,23.0,41.4,121,A,1.0,1.0,6.0
45711,West Coast Eagles,17.666666666666668,15.6,16.2,1.0,1.0,1.1666666666666667,84.33333333333333,69.6,68.9,252,A,0.2,4.0,6.0
45361,North Melbourne Kangaroos,14.0,11.2,9.7,2.0,1.5,1.5,53.0,44.2,37.9,358,A,0.6,1.0,7.0
45852,Essendon Bombers,9.333333333333334,10.0,8.777777777777779,1.0,1.0,1.2857142857142858,52.333333333333336,63.0,55.3,323,A,0.8,2.0,6.0
45345,Adelaide Crows,4.333333333333333,6.2,6.444444444444445,1.5,1.6666666666666667,1.6666666666666667,25.0,32.8,30.7,37,A,0.6,3.0,7.0
45897,Collingwood Magpies,11.0,10.6,9.3,1.0,1.0,1.0,57.333333333333336,56.6,48.9,91,A,0.6,2.0,7.0
45630,Fremantle Dockers,8.333333333333334,7.75,5.571428571428571,,,,55.333333333333336,42.0,36.2,81,A,0.4,1.0,210.0
45744,Carlton Blues,6.333333333333333,8.0,8.7,1.0,1.0,1.3333333333333333,30.0,41.0,43.8,17,H,0.2,2.0,7.0
45963,Geelong Cats,13.666666666666666,11.4,10.777777777777779,1.5,1.3333333333333333,1.1428571428571428,65.33333333333333,54.4,53.2,173,A,0.0,7.0,6.0
45857,Adelaide Crows,5.333333333333333,4.6,4.888888888888889,2.5,2.0,1.8,35.666666666666664,30.2,28.2,26,A,0.4,1.0,8.0
45736,Sydney Swans,12.666666666666666,11.6,11.6,1.5,1.5,1.25,62.333333333333336,54.8,47.0,110,A,0.6,2.0,6.0
45532,Collingwood Magpies,14.333333333333334,13.2,12.5,1.0,1.0,1.0,64.33333333333333,57.0,53.5,137,H,0.6,1.0,8.0
45375,North Melbourne Kangaroos,4.666666666666667,5.6,6.1,,,1.5,22.0,23.0,27.9,85,H,0.4,2.0,6.0
45759,Melbourne Demons,7.666666666666667,9.4,11.1,1.0,2.0,2.4,38.333333333333336,48.0,52.2,97,H,0.4,5.0,8.0
46336,Essendon Bombers,11.0,11.0,11.0,,,,30.0,30.0,30.0,1,A,0.6,2.0,9.0
45166,Essendon Bombers,11.0,11.0,11.0,0.0,0.0,0.0,30.0,30.0,30.0,1,A,0.6,2.0,9.0
45558,Geelong Cats,9.5,9.75,8.444444444444445,1.0,1.0,1.0,41.666666666666664,42.8,37.2,89,A,0.2,5.0,8.0
45405,St Kilda Saints,6.5,8.75,9.777777777777779,,1.0,1.0,37.666666666666664,43.0,47.1,106,H,0.6,5.0,6.0
45458,Adelaide Crows,4.666666666666667,6.8,8.4,,1.0,1.6666666666666667,19.666666666666668,31.2,39.9,43,H,0.4,2.0,8.0
46029,Western Bulldogs,1.0,1.0,1.0,,,,-1.0,-1.0,-1.0,1,H,0.0,8.0,6.0
45938,Richmond Tigers,9.666666666666666,7.2,6.2,1.0,1.0,1.0,57.0,42.2,32.3,33,H,0.6,2.0,7.0
45823,Carlton Blues,21.0,22.0,20.8,1.5,1.5,1.6666666666666667,89.66666666666667,90.6,85.1,254,A,0.4,6.0,7.0
43472,Western Bulldogs,-4.0,-4.0,-4.0,0.0,0.0,0.0,-1.0,-1.0,-1.0,1,H,0.0,8.0,6.0
43691,Essendon Bombers,3.0,3.0,3.0,0.0,0.0,0.0,10.0,10.0,10.0,2,H,0.4,3.0,9.0
45717,North Melbourne Kangaroos,6.0,8.2,7.777777777777778,1.0,1.0,1.5,24.0,35.8,36.9,181,H,0.6,2.0,6.0
43962,Fremantle Dockers,5.0,9.75,10.666666666666666,0.3333333333333333,0.4,0.4,35.333333333333336,47.8,49.6,15,A,1.0,1.0,8.0
44629,St Kilda Saints,1.0,-0.4,-1.1111111111111112,0.0,0.0,0.1111111111111111,27.0,22.8,19.77777777777778,9,A,0.6,4.0,7.0
45660,Melbourne Demons,5.333333333333333,6.4,7.2,,,,16.0,23.4,26.0,20,A,0.2,6.0,6.0
43840,Essendon Bombers,10.0,8.8,8.5,0.0,0.0,0.0,42.0,33.6,33.8,30,A,0.6,2.0,7.0
45354,Richmond Tigers,7.666666666666667,7.8,7.6,,,2.0,30.333333333333332,32.2,33.9,77,A,0.0,5.0,7.0
45593,Carlton Blues,12.5,10.75,11.444444444444445,1.0,1.0,2.25,32.666666666666664,33.2,44.7,183,H,0.2,8.0,7.0
45668,Melbourne Demons,9.0,14.4,17.22222222222222,,,2.0,42.333333333333336,63.2,71.8,145,A,0.4,7.0,6.0
45500,Carlton Blues,8.666666666666666,8.6,7.666666666666667,,2.0,2.0,54.333333333333336,56.0,53.1,53,H,0.2,8.0,7.0
45666,St Kilda Saints,17.333333333333332,17.2,14.0,,1.0,1.3333333333333333,68.33333333333333,71.6,58.3,119,H,0.2,4.0,8.0
45611,Hawthorn Hawks,6.666666666666667,9.8,10.3,1.0,1.0,1.0,27.666666666666668,38.2,44.3,99,A,0.8,2.0,6.0
45447,Hawthorn Hawks,14.333333333333334,16.4,14.5,,1.0,1.0,46.666666666666664,56.0,53.8,92,A,0.8,2.0,6.0
45350,Collingwood Magpies,11.333333333333334,11.4,10.2,1.0,2.0,1.6,44.333333333333336,50.6,45.4,84,H,1.0,1.0,6.0
45641,Richmond Tigers,6.0,8.6,6.8,,,,20.333333333333332,29.8,22.8,88,A,0.2,6.0,7.0
45709,Carlton Blues,7.0,7.0,6.9,,,,25.333333333333332,25.2,25.3,299,A,0.0,8.0,6.0
45288,St Kilda Saints,10.333333333333334,10.6,10.2,0.6666666666666666,0.6,0.9,36.0,42.6,44.3,29,H,0.2,6.0,7.0
46118,Port Adelaide Power,3.0,3.0,3.0,,,,8.0,8.0,8.0,1,A,0.8,1.0,8.0
43967,Port Adelaide Power,3.0,3.0,3.0,0.0,0.0,0.0,8.0,8.0,8.0,1,A,0.8,1.0,8.0
46142,Melbourne Demons,2.0,2.0,2.0,,,,-2.0,-2.0,-2.0,1,H,0.2,1.0,7.0
44106,Melbourne Demons,2.0,2.0,2.0,0.0,0.0,0.0,-2.0,-2.0,-2.0,1,H,0.2,1.0,7.0
45262,West Coast Eagles,5.0,5.8,6.7,1.0,1.2,1.7,31.333333333333332,36.8,42.2,36,H,0.4,4.0,6.0
45393,St Kilda Saints,8.666666666666666,9.2,12.5,,,1.0,34.333333333333336,38.4,47.4,322,H,0.4,6.0,6.0
45765,West Coast Eagles,9.0,9.75,8.555555555555555,1.0,1.0,1.2857142857142858,39.0,41.4,40.7,17,H,0.4,4.0,6.0
45317,Essendon Bombers,9.0,9.6,9.3,1.5,1.5,2.0,52.333333333333336,51.0,49.1,183,A,0.8,4.0,7.0
46209,Richmond Tigers,8.666666666666666,8.666666666666666,8.666666666666666,3.0,3.0,3.0,48.0,48.0,48.0,3,H,0.2,5.0,8.0
44424,Richmond Tigers,8.666666666666666,8.666666666666666,8.666666666666666,2.0,2.0,2.0,48.0,48.0,48.0,3,H,0.2,5.0,8.0
45807,Carlton Blues,4.0,5.8,9.2,,,1.5,14.333333333333334,18.4,36.2,46,A,0.0,2.0,6.0
44628,Carlton Blues,4.333333333333333,4.8,4.8,0.3333333333333333,0.2,0.2,20.666666666666668,19.4,19.4,5,A,0.0,2.0,6.0
43520,Carlton Blues,2.6666666666666665,5.0,8.11111111111111,0.0,0.2,0.2,15.333333333333334,30.0,40.1,10,A,0.0,2.0,6.0
45754,Collingwood Magpies,7.333333333333333,6.5,9.0,2.0,3.0,2.5,35.333333333333336,42.8,51.0,168,A,0.8,1.0,8.0
45435,West Coast Eagles,3.6666666666666665,3.8,3.7,,,1.0,42.333333333333336,40.4,43.6,79,H,0.2,2.0,8.0
45486,Western Bulldogs,15.666666666666666,17.8,16.0,1.0,1.0,1.0,62.0,65.8,59.6,130,A,0.4,6.0,7.0
45656,Western Bulldogs,1.0,3.8,4.3,,,,23.666666666666668,34.8,36.8,169,H,0.2,8.0,6.0
45043,Sydney Swans,3.3333333333333335,4.8,4.875,0.3333333333333333,0.2,0.125,17.333333333333332,21.8,21.875,8,A,0.4,2.0,7.0
45687,Geelong Cats,8.0,7.6,8.7,1.5,1.3333333333333333,1.6666666666666667,39.666666666666664,37.0,36.6,149,H,0.2,6.0,7.0
45966,Western Bulldogs,6.0,4.666666666666667,3.0,2.0,2.0,1.6666666666666667,23.333333333333332,15.0,11.2,11,H,0.2,8.0,6.0
45725,Carlton Blues,13.333333333333334,15.0,13.875,,,,40.666666666666664,54.0,47.5,243,A,0.0,6.0,9.0
43292,Carlton Blues,8.333333333333334,8.333333333333334,8.333333333333334,1.3333333333333333,1.3333333333333333,1.3333333333333333,46.666666666666664,46.666666666666664,46.666666666666664,3,A,0.0,6.0,9.0
45401,Richmond Tigers,11.666666666666666,9.8,12.1,,,2.5,42.333333333333336,35.4,52.5,255,H,0.2,5.0,7.0
45995,Carlton Blues,8.333333333333334,8.333333333333334,8.333333333333334,2.0,2.0,2.0,46.666666666666664,46.666666666666664,46.666666666666664,3,A,0.0,6.0,9.0
45706,Carlton Blues,8.666666666666666,6.6,6.888888888888889,,,,33.666666666666664,28.0,28.7,177,A,0.0,6.0,9.0
45749,Richmond Tigers,4.333333333333333,4.4,4.4,1.0,1.0,1.0,16.666666666666668,18.0,18.5,13,H,0.2,5.0,7.0
45527,Carlton Blues,5.0,6.0,5.666666666666667,,,1.0,19.0,25.8,24.5,104,A,0.0,6.0,9.0
45837,North Melbourne Kangaroos,12.333333333333334,13.2,15.3,1.0,1.0,1.0,50.666666666666664,51.6,62.3,91,H,0.4,4.0,8.0
45397,North Melbourne Kangaroos,5.0,4.0,6.8,,,1.0,31.0,25.8,40.2,146,H,0.4,4.0,8.0
45724,West Coast Eagles,11.333333333333334,8.6,9.555555555555555,,,,42.333333333333336,33.6,34.4,241,A,0.2,3.0,7.0
45878,West Coast Eagles,8.666666666666666,10.6,9.9,,1.0,1.25,43.666666666666664,50.8,46.7,102,A,0.2,3.0,7.0
45870,Sydney Swans,9.666666666666666,11.8,12.3,2.0,1.5,1.5,43.666666666666664,53.2,47.0,132,H,0.4,2.0,8.0
45353,Adelaide Crows,14.333333333333334,13.8,15.3,,,1.0,59.0,56.8,60.9,271,A,0.4,2.0,6.0
45334,Essendon Bombers,7.0,8.0,11.333333333333334,1.0,1.0,1.3333333333333333,33.333333333333336,34.8,43.6,150,A,0.8,2.0,8.0
45794,Port Adelaide Power,13.666666666666666,12.8,13.333333333333334,,1.0,1.0,56.666666666666664,57.0,51.7,239,A,0.8,1.0,7.0
45433,Port Adelaide Power,10.333333333333334,9.8,9.11111111111111,1.0,1.3333333333333333,1.7142857142857142,38.333333333333336,41.6,42.6,159,A,0.8,1.0,7.0
45451,Sydney Swans,18.0,17.75,19.0,1.5,1.25,1.5555555555555556,76.66666666666667,72.0,78.1,243,A,0.6,4.0,13.0
45325,Brisbane Lions,11.0,12.6,14.11111111111111,,,,40.333333333333336,45.8,49.7,317,H,0.8,2.0,7.0
43688,Collingwood Magpies,,,,,,,,,,0,H,0.6,5.0,8.0
46067,Collingwood Magpies,,,,,,,,,,0,H,0.6,5.0,8.0
45764,St Kilda Saints,8.0,9.2,11.0,,,1.0,26.0,36.2,46.9,47,A,0.8,1.0,5.0
45394,Adelaide Crows,15.666666666666666,10.4,9.4,1.0,1.0,2.0,51.666666666666664,35.4,39.5,153,A,0.2,4.0,9.0
43570,North Melbourne Kangaroos,7.5,8.5,7.333333333333333,1.3333333333333333,1.2,0.8571428571428571,44.666666666666664,45.6,38.142857142857146,7,H,0.4,5.0,7.0
45716,Hawthorn Hawks,12.0,11.0,13.11111111111111,,,,52.666666666666664,46.2,47.4,137,H,0.0,6.0,9.0
45645,Collingwood Magpies,9.666666666666666,10.8,9.7,1.0,1.0,1.0,43.666666666666664,50.2,46.1,49,A,0.0,8.0,7.0
46277,Sydney Swans,1.0,1.0,1.0,,,,0.0,0.0,0.0,1,A,0.4,3.0,6.0
44810,Sydney Swans,1.0,1.0,1.0,0.0,0.0,0.0,0.0,0.0,0.0,1,A,0.4,3.0,6.0
45616,West Coast Eagles,9.666666666666666,11.0,11.88888888888889,1.0,1.0,1.0,48.0,50.2,48.8,275,H,0.2,6.0,6.0
44212,Carlton Blues,6.333333333333333,6.75,6.75,0.6666666666666666,0.75,0.75,31.0,31.5,31.5,4,A,0.4,3.0,7.0
46166,Carlton Blues,6.333333333333333,6.333333333333333,6.333333333333333,1.0,1.0,1.0,31.0,31.5,31.5,4,A,0.4,3.0,7.0
44550,Collingwood Magpies,8.0,8.0,8.0,0.0,0.0,0.0,35.0,35.0,35.0,2,H,0.0,2.0,6.0
46226,Collingwood Magpies,8.0,8.0,8.0,,,,35.0,35.0,35.0,2,H,0.0,2.0,6.0
45950,Sydney Swans,6.0,6.0,6.2,,,,20.333333333333332,23.0,23.6,109,H,0.2,2.0,8.0
45608,Carlton Blues,10.333333333333334,11.6,12.555555555555555,2.0,1.6666666666666667,1.5,55.0,53.2,60.3,109,H,0.4,2.0,8.0
45952,Fremantle Dockers,6.333333333333333,8.6,7.8,2.0,1.6666666666666667,1.3333333333333333,30.666666666666668,40.8,36.6,105,A,0.6,1.0,6.0
44545,Carlton Blues,4.333333333333333,4.0,6.0,0.3333333333333333,0.2,0.3,39.333333333333336,35.4,43.8,18,A,0.2,6.0,6.0
46223,Carlton Blues,3.5,3.5,5.75,1.0,1.0,1.0,39.333333333333336,35.4,43.8,18,A,0.2,6.0,6.0
44877,Adelaide Crows,6.666666666666667,8.0,7.5,1.0,0.6,0.6666666666666666,38.0,39.4,39.666666666666664,6,A,0.4,7.0,7.0
44468,Sydney Swans,2.0,2.0,2.0,0.0,0.0,0.0,18.0,14.4,14.4,5,A,0.6,5.0,6.0
45408,Adelaide Crows,10.0,11.75,10.666666666666666,2.6666666666666665,3.4,2.6,64.33333333333333,78.4,65.3,271,A,0.4,7.0,7.0
44724,Sydney Swans,4.666666666666667,3.8,3.5714285714285716,0.0,0.0,0.0,15.333333333333334,17.8,16.285714285714285,7,A,0.6,5.0,6.0
45635,Richmond Tigers,10.333333333333334,10.0,8.9,,,,49.0,46.4,41.4,179,H,0.4,4.0,8.0
44292,Geelong Cats,7.666666666666667,6.5,6.5,0.3333333333333333,0.4,0.3,43.0,44.6,44.8,11,H,0.8,1.0,7.0
45461,Fremantle Dockers,5.0,4.8,6.5,2.0,2.0,1.25,42.333333333333336,40.4,46.0,32,H,0.4,3.0,6.0
45523,Richmond Tigers,7.666666666666667,8.0,9.1,,,,26.666666666666668,32.2,34.6,89,H,0.2,6.0,6.0
45884,Adelaide Crows,9.333333333333334,8.8,10.8,2.0,2.0,2.0,40.666666666666664,39.6,43.0,277,H,0.2,6.0,8.0
45412,West Coast Eagles,11.333333333333334,10.8,9.6,,,,40.0,40.4,34.4,77,A,0.6,3.0,8.0
43360,Carlton Blues,3.3333333333333335,4.8,4.9,0.3333333333333333,0.8,0.6,21.0,33.4,33.3,12,H,0.6,4.0,14.0
45847,Richmond Tigers,7.666666666666667,8.5,10.75,1.0,1.0,1.0,31.333333333333332,34.6,41.1,196,H,0.0,7.0,7.0
44404,Carlton Blues,6.333333333333333,9.4,12.5,0.0,0.0,0.2,23.333333333333332,33.8,47.3,25,H,0.6,5.0,6.0
45937,Melbourne Demons,9.333333333333334,9.25,10.11111111111111,1.5,1.3333333333333333,2.0,45.0,47.8,49.8,136,A,0.8,1.0,7.0
46010,West Coast Eagles,,,,,,,,,,0,A,0.8,4.0,9.0
43364,West Coast Eagles,,,,,,,,,,0,A,0.8,4.0,9.0
44008,North Melbourne Kangaroos,8.333333333333334,7.2,7.5,1.3333333333333333,0.8,0.9,43.0,37.2,39.6,13,A,0.8,1.0,6.0
45809,North Melbourne Kangaroos,5.0,7.0,7.5,,,,31.0,34.6,39.0,109,A,0.8,1.0,6.0
45496,Richmond Tigers,4.666666666666667,5.4,7.2,,1.0,1.0,19.0,21.6,28.3,47,A,0.0,8.0,6.0
44900,Collingwood Magpies,,,,,,,,,,0,H,0.4,7.0,7.0
46290,Collingwood Magpies,,,,,,,,,,0,H,0.4,7.0,7.0
45619,Sydney Swans,8.333333333333334,8.2,10.11111111111111,1.0,1.0,1.0,42.0,38.2,45.3,17,H,0.6,4.0,7.0
43650,Collingwood Magpies,,,,,,,,,,0,A,0.6,2.0,6.0
46062,Collingwood Magpies,,,,,,,,,,0,A,0.6,2.0,6.0
43861,Adelaide Crows,8.666666666666666,9.6,10.7,0.0,0.0,0.2,28.666666666666668,34.0,41.6,37,A,0.4,6.0,8.0
45075,Sydney Swans,5.0,5.0,5.0,0.0,0.0,0.0,17.0,17.0,17.0,1,H,0.6,2.0,7.0
45428,North Melbourne Kangaroos,9.333333333333334,10.8,11.7,,,,34.333333333333336,41.4,43.6,116,A,0.6,4.0,8.0
45750,Essendon Bombers,18.333333333333332,19.2,13.8,,2.0,1.3333333333333333,60.0,65.8,48.7,235,H,0.4,2.0,7.0
46319,Sydney Swans,0.0,0.0,0.0,,,,17.0,17.0,17.0,1,H,0.6,2.0,7.0
45727,Collingwood Magpies,7.0,7.4,6.7,,,1.0,34.333333333333336,40.2,38.8,83,A,0.6,2.0,7.0
45333,Hawthorn Hawks,14.666666666666666,13.0,14.222222222222221,1.0,1.0,1.0,67.33333333333333,57.6,62.0,101,H,0.2,8.0,7.0
45604,Richmond Tigers,3.6666666666666665,3.2,2.8,1.5,2.6666666666666665,2.6666666666666665,46.0,47.4,41.2,93,A,0.0,6.0,7.0
44226,Collingwood Magpies,6.0,2.6,1.625,2.0,1.4,1.0,59.666666666666664,41.2,34.125,8,H,0.6,2.0,7.0
46168,Collingwood Magpies,11.0,7.6,6.625,2.0,1.75,1.6,59.666666666666664,41.2,34.125,8,H,0.6,2.0,7.0
45542,Western Bulldogs,7.666666666666667,7.6,8.1,1.0,1.0,1.0,36.666666666666664,34.6,37.5,180,H,0.0,8.0,7.0
45454,Western Bulldogs,6.333333333333333,6.6,7.444444444444445,2.0,2.0,1.8,35.666666666666664,33.6,38.7,185,H,0.0,8.0,7.0
45910,Hawthorn Hawks,10.0,9.4,11.3,1.0,1.0,1.0,41.333333333333336,37.4,46.3,162,H,0.2,6.0,8.0
45570,Carlton Blues,10.333333333333334,7.8,9.666666666666666,1.0,1.0,1.0,50.666666666666664,36.2,41.7,161,A,0.4,1.0,6.0
44596,Richmond Tigers,10.666666666666666,9.4,8.7,0.3333333333333333,0.2,0.2,42.333333333333336,38.0,36.0,15,H,0.0,8.0,6.0
45899,North Melbourne Kangaroos,9.0,11.8,16.6,,,,38.333333333333336,45.0,63.1,291,A,0.4,7.0,7.0
46347,Richmond Tigers,9.666666666666666,9.8,7.9,1.5,1.5,1.3333333333333333,51.0,47.4,38.3,10,H,0.0,8.0,6.0
45210,Richmond Tigers,9.666666666666666,9.8,7.9,1.0,0.6,0.4,51.0,47.4,38.3,10,H,0.0,8.0,6.0
43828,Richmond Tigers,17.0,15.2,14.1,1.0,0.6,0.5,67.66666666666667,63.6,55.1,33,H,0.0,8.0,6.0
45729,North Melbourne Kangaroos,11.0,8.8,8.0,2.0,2.0,1.7142857142857142,88.33333333333333,70.4,55.6,236,A,0.4,7.0,7.0
45363,Richmond Tigers,10.0,9.6,9.3,1.0,1.0,1.0,32.0,35.8,37.0,147,H,0.0,8.0,6.0
45707,Richmond Tigers,5.333333333333333,5.2,4.6,1.0,1.0,1.0,31.666666666666668,28.4,24.8,54,H,0.0,8.0,6.0
45339,Western Bulldogs,7.0,7.8,8.9,,,1.0,25.666666666666668,29.4,36.3,29,A,0.2,5.0,8.0
45446,Hawthorn Hawks,13.0,12.2,9.6,1.5,1.5,1.25,56.333333333333336,52.6,40.1,53,A,0.4,6.0,7.0
45651,Western Bulldogs,6.5,10.75,10.88888888888889,,,,39.0,47.4,47.4,88,A,0.2,5.0,8.0
44245,Adelaide Crows,7.333333333333333,8.2,10.4,0.6666666666666666,0.4,0.7,32.666666666666664,36.4,48.4,53,H,0.6,4.0,8.0
43447,Melbourne Demons,7.0,8.2,9.6,0.0,0.0,0.0,33.333333333333336,34.8,43.5,39,H,0.2,1.0,7.0
45955,Essendon Bombers,9.0,8.2,9.0,,,,61.0,55.8,55.7,211,A,0.6,2.0,7.0
45742,Essendon Bombers,6.0,7.0,9.6,,,3.0,14.0,29.2,40.6,206,A,0.6,2.0,7.0
45575,Brisbane Lions,10.333333333333334,11.4,13.8,,2.0,2.0,44.666666666666664,47.6,55.5,272,H,0.8,1.0,15.0
45551,Geelong Cats,14.666666666666666,13.2,12.3,2.0,1.5,1.8888888888888888,73.33333333333333,68.2,69.2,218,A,0.6,2.0,7.0
45695,Brisbane Lions,4.0,3.75,3.625,3.0,3.75,3.625,54.0,51.8,48.6,305,A,1.0,2.0,7.0
45569,Port Adelaide Power,9.0,11.6,11.3,,1.0,1.0,38.666666666666664,48.4,43.4,206,H,1.0,1.0,8.0
45737,Brisbane Lions,10.666666666666666,10.2,9.5,3.0,2.5,2.0,52.0,47.4,48.3,194,A,1.0,2.0,7.0
45319,Essendon Bombers,6.666666666666667,6.8,9.7,,,1.0,32.0,34.8,45.6,160,A,0.6,1.0,196.0
45902,Adelaide Crows,6.666666666666667,8.0,9.11111111111111,2.0,3.0,3.0,36.0,50.0,52.0,121,A,0.4,2.0,7.0
45810,Port Adelaide Power,6.666666666666667,7.8,11.4,1.0,1.0,1.0,27.0,30.6,44.9,87,A,0.8,1.0,8.0
45275,Fremantle Dockers,7.666666666666667,9.4,11.3,0.6666666666666666,0.4,0.3,36.333333333333336,38.4,47.4,58,A,0.2,5.0,8.0
44604,Carlton Blues,7.333333333333333,6.2,7.0,0.0,0.0,0.1,34.333333333333336,26.2,31.8,26,A,0.4,5.0,7.0
45968,Collingwood Magpies,1.6666666666666667,3.4,3.111111111111111,1.5,1.6666666666666667,1.5,36.0,41.2,35.5,115,A,0.2,1.0,10.0
45583,Essendon Bombers,11.333333333333334,10.6,12.555555555555555,,1.0,1.25,46.666666666666664,44.8,52.8,25,H,0.4,5.0,5.0
45714,Sydney Swans,10.666666666666666,11.4,12.1,1.0,1.0,1.0,43.666666666666664,43.4,47.8,288,A,0.4,5.0,7.0
45344,Adelaide Crows,2.0,0.6,3.3,1.0,1.0,1.0,25.666666666666668,21.6,33.9,60,A,0.8,1.0,6.0
45894,Sydney Swans,11.666666666666666,11.2,11.2,,,2.0,47.333333333333336,41.6,47.3,68,H,0.2,5.0,7.0
46337,Western Bulldogs,,,,,,,,,,0,A,0.4,6.0,7.0
45168,Western Bulldogs,,,,,,,,,,0,A,0.4,6.0,7.0
45026,St Kilda Saints,5.666666666666667,6.8,6.6,0.0,0.0,0.0,20.666666666666668,27.8,24.4,19,A,0.6,4.0,7.0
44928,Fremantle Dockers,10.0,10.4,7.5,0.6666666666666666,0.6,0.4,60.0,62.4,49.6,35,H,0.6,3.0,7.0
45803,Brisbane Lions,12.0,9.4,10.2,1.0,1.0,1.5,47.0,36.4,43.8,246,H,0.4,6.0,7.0
43774,Port Adelaide Power,9.0,9.0,9.0,0.0,0.0,0.0,32.666666666666664,32.666666666666664,32.666666666666664,3,A,0.4,4.0,8.0
46085,Port Adelaide Power,4.0,4.0,4.0,,,,32.666666666666664,32.666666666666664,32.666666666666664,3,A,0.4,4.0,8.0
45856,Sydney Swans,7.666666666666667,8.2,9.333333333333334,,,1.0,33.666666666666664,35.2,37.8,166,A,0.6,4.0,7.0
45425,Carlton Blues,7.333333333333333,8.2,7.888888888888889,,1.0,1.0,30.666666666666668,33.6,29.5,100,H,0.2,8.0,6.0
44848,Brisbane Lions,,,,,,,,,,0,A,0.4,7.0,7.0
46282,Brisbane Lions,,,,,,,,,,0,A,0.4,7.0,7.0
45773,Sydney Swans,5.0,4.2,4.6,1.0,1.0,1.0,46.666666666666664,44.6,47.8,174,A,0.6,4.0,7.0
45600,Hawthorn Hawks,9.333333333333334,9.4,10.4,1.0,1.3333333333333333,1.25,45.0,45.8,53.1,178,A,0.4,6.0,8.0
45984,Essendon Bombers,15.666666666666666,15.4,13.8,,,,64.33333333333333,64.8,54.7,76,A,0.4,2.0,6.0
45321,Essendon Bombers,15.666666666666666,12.6,11.4,,,1.0,64.0,55.2,50.2,58,A,0.4,2.0,6.0
45573,Western Bulldogs,9.0,11.2,13.1,1.0,1.0,1.5,32.666666666666664,44.4,53.7,160,H,0.4,3.0,15.0
43931,Hawthorn Hawks,12.0,15.2,14.2,0.0,0.0,0.0,45.0,56.6,56.6,41,A,0.2,6.0,16.0
45342,Hawthorn Hawks,8.666666666666666,10.8,11.88888888888889,1.0,1.0,1.3333333333333333,37.333333333333336,49.4,55.7,178,A,0.2,6.0,16.0
45189,North Melbourne Kangaroos,5.0,7.5,7.4,0.3333333333333333,0.2,0.16666666666666666,21.0,29.6,27.833333333333332,6,H,0.8,2.0,6.0
46117,Collingwood Magpies,,,,,,,,,,0,H,0.4,1.0,6.0
43966,Collingwood Magpies,,,,,,,,,,0,H,0.4,1.0,6.0
45312,West Coast Eagles,8.0,9.4,9.7,1.0,1.0,1.1666666666666667,35.666666666666664,45.8,48.3,53,H,1.0,1.0,8.0
44531,Richmond Tigers,9.333333333333334,9.2,8.7,0.3333333333333333,0.4,0.3,42.0,42.2,40.2,12,H,0.4,2.0,7.0
45969,Melbourne Demons,9.333333333333334,7.0,8.4,,2.0,1.5,44.666666666666664,36.4,37.2,50,H,0.4,2.0,7.0
44602,Hawthorn Hawks,3.0,3.0,3.0,0.0,0.0,0.0,15.666666666666666,15.666666666666666,15.666666666666666,3,H,0.0,5.0,7.0
44965,Fremantle Dockers,11.666666666666666,11.8,12.555555555555555,0.3333333333333333,0.2,0.3,45.333333333333336,43.6,49.4,20,A,0.2,3.0,7.0
44556,Western Bulldogs,7.333333333333333,7.4,10.333333333333334,0.6666666666666666,0.8,1.0,32.333333333333336,38.4,49.333333333333336,6,A,0.4,3.0,7.0
45378,Carlton Blues,12.0,9.2,8.6,,,,41.666666666666664,34.8,31.8,54,H,0.0,6.0,7.0
45625,Carlton Blues,14.333333333333334,12.4,14.8,2.0,2.0,1.3333333333333333,59.0,50.8,58.6,69,H,0.0,6.0,7.0
45330,Western Bulldogs,12.333333333333334,11.4,11.1,3.0,2.0,2.0,69.33333333333333,60.4,59.3,149,A,0.4,3.0,7.0
46234,Hawthorn Hawks,4.5,4.5,4.5,,,,15.666666666666666,15.666666666666666,15.666666666666666,3,H,0.0,5.0,7.0
45162,Collingwood Magpies,2.0,2.4,3.2,0.3333333333333333,0.4,0.4,43.666666666666664,42.8,43.3,27,A,0.2,2.0,7.0
45820,Geelong Cats,16.333333333333332,12.4,13.4,,,,65.0,51.2,54.6,89,A,0.6,1.0,7.0
45462,Essendon Bombers,10.0,10.2,10.4,1.0,1.3333333333333333,1.2,50.333333333333336,51.0,49.2,52,H,0.4,2.0,6.0
45620,Port Adelaide Power,13.0,11.6,13.3,,,1.0,47.333333333333336,38.6,50.3,146,A,0.6,3.0,8.0
45584,Geelong Cats,10.333333333333334,11.0,10.5,1.0,1.3333333333333333,1.4,48.333333333333336,52.4,49.9,64,A,0.4,2.0,7.0
45432,Port Adelaide Power,10.666666666666666,12.2,11.9,,,,41.666666666666664,48.4,48.3,103,H,0.6,5.0,6.0
46253,North Melbourne Kangaroos,8.0,8.0,8.0,,,,33.0,33.0,33.0,3,H,0.6,2.0,6.0
44677,North Melbourne Kangaroos,8.0,8.0,8.0,0.0,0.0,0.0,33.0,33.0,33.0,3,H,0.6,2.0,6.0
45766,Essendon Bombers,8.0,14.0,18.11111111111111,,,1.5,28.333333333333332,45.8,62.8,184,A,0.4,5.0,8.0
43482,Essendon Bombers,6.333333333333333,5.4,8.9,0.0,0.0,0.2,27.333333333333332,26.0,41.5,43,A,0.4,5.0,8.0
45797,St Kilda Saints,4.666666666666667,5.8,6.5,,1.0,1.0,25.333333333333332,30.2,29.0,79,A,1.0,1.0,6.0
44300,Collingwood Magpies,4.666666666666667,5.2,6.3,0.0,0.2,0.6,22.333333333333332,24.4,31.9,45,A,0.0,8.0,7.0
46305,Brisbane Lions,3.5,3.5,3.5,1.0,1.0,1.0,18.0,18.0,18.0,2,H,0.4,3.0,6.0
44983,Brisbane Lions,3.5,3.5,3.5,0.5,0.5,0.5,18.0,18.0,18.0,2,H,0.4,3.0,6.0
45552,Richmond Tigers,8.333333333333334,7.4,6.0,,,,51.0,49.2,43.3,242,H,0.0,3.0,7.0
43324,North Melbourne Kangaroos,9.0,8.4,7.7,0.3333333333333333,0.2,0.1,39.333333333333336,38.0,33.3,45,A,0.6,2.0,8.0
45975,Collingwood Magpies,18.333333333333332,18.5,14.625,,1.0,1.0,77.66666666666667,74.4,61.6,199,A,0.0,2.0,6.0
45961,Brisbane Lions,7.333333333333333,7.6,9.6,2.0,2.0,1.5,34.666666666666664,37.0,43.0,267,A,0.4,7.0,7.0
45667,Hawthorn Hawks,15.333333333333334,15.75,14.88888888888889,1.5,1.5,2.0,74.0,66.8,65.1,179,H,0.4,8.0,6.0
45817,Port Adelaide Power,6.333333333333333,8.0,9.7,,1.5,1.75,51.0,56.2,58.6,156,H,0.6,6.0,7.0
45594,Richmond Tigers,15.0,14.0,11.1,1.0,1.0,1.3333333333333333,65.0,62.4,56.2,90,A,0.2,4.0,7.0
44530,Carlton Blues,8.666666666666666,8.4,8.5,1.3333333333333333,1.2,0.8,49.333333333333336,46.8,42.6,71,H,0.4,6.0,7.0
43692,Carlton Blues,9.0,8.4,9.5,0.3333333333333333,0.2,0.6,44.0,40.6,47.3,40,H,0.4,6.0,7.0
46320,Essendon Bombers,10.0,12.0,12.0,1.0,1.0,1.0,38.333333333333336,42.2,39.285714285714285,7,H,0.4,5.0,7.0
45590,Essendon Bombers,3.6666666666666665,6.0,6.1,,,1.5,19.0,32.6,38.6,57,H,0.4,5.0,7.0
45084,Essendon Bombers,5.0,4.6,5.285714285714286,0.3333333333333333,0.2,0.14285714285714285,38.333333333333336,42.2,39.285714285714285,7,H,0.4,5.0,7.0
45403,Richmond Tigers,15.666666666666666,17.8,18.1,1.0,1.0,1.3333333333333333,53.333333333333336,59.6,64.2,296,A,0.2,4.0,7.0
44112,Essendon Bombers,6.0,8.8,8.0,0.0,0.0,0.16666666666666666,26.0,35.6,33.5,6,H,0.4,5.0,7.0
45712,West Coast Eagles,5.666666666666667,6.2,9.1,2.0,1.6666666666666667,3.5,35.333333333333336,32.8,55.3,178,H,0.4,1.0,6.0
45834,Melbourne Demons,18.666666666666668,15.25,14.11111111111111,1.0,1.0,2.0,79.66666666666667,69.4,60.6,106,A,0.6,3.0,6.0
45772,Melbourne Demons,7.666666666666667,7.0,6.6,,,,39.666666666666664,33.8,28.8,109,A,0.6,3.0,6.0
45903,North Melbourne Kangaroos,6.0,6.6,7.1,,1.0,1.0,45.0,46.8,47.2,60,H,0.6,1.0,7.0
45434,North Melbourne Kangaroos,16.0,17.4,19.77777777777778,,,,57.666666666666664,69.4,79.1,208,H,0.6,1.0,7.0
45799,North Melbourne Kangaroos,6.0,5.2,6.9,1.0,1.0,1.0,40.0,40.4,47.0,76,H,0.6,1.0,7.0
45854,Geelong Cats,16.333333333333332,14.6,15.6,,,1.0,61.333333333333336,57.2,62.5,208,A,0.6,2.0,6.0
45529,Port Adelaide Power,17.5,18.25,18.875,,1.0,1.5,69.66666666666667,69.4,68.1,155,A,0.8,2.0,6.0
45631,St Kilda Saints,18.0,20.0,16.77777777777778,1.0,1.0,1.0,67.0,74.8,64.6,225,H,0.8,2.0,13.0
43876,West Coast Eagles,8.0,7.8,7.222222222222222,0.6666666666666666,0.4,0.5,39.0,35.8,33.1,27,A,0.6,1.0,7.0
45329,Sydney Swans,7.666666666666667,5.8,8.666666666666666,,1.0,1.0,46.666666666666664,38.8,54.7,192,H,0.8,2.0,8.0
45194,St Kilda Saints,2.6666666666666665,3.6,3.6,0.3333333333333333,0.4,0.4,13.666666666666666,18.8,18.8,5,A,0.6,1.0,195.0
46344,St Kilda Saints,4.0,3.6666666666666665,3.6666666666666665,1.0,1.0,1.0,13.666666666666666,18.8,18.8,5,A,0.6,1.0,195.0
45948,Port Adelaide Power,14.333333333333334,16.2,15.2,1.0,1.6666666666666667,1.4,55.333333333333336,64.8,55.1,299,H,0.6,1.0,203.0
45416,Carlton Blues,10.666666666666666,10.4,8.8,1.0,1.0,1.0,45.0,47.6,39.4,65,H,0.4,3.0,7.0
44104,Richmond Tigers,7.333333333333333,6.8,8.1,0.0,0.0,0.0,24.666666666666668,24.8,29.9,22,A,0.2,5.0,8.0
44528,Western Bulldogs,3.3333333333333335,6.0,6.7,0.6666666666666666,0.6,0.5,22.0,37.4,34.7,16,A,0.8,1.0,8.0
44952,Geelong Cats,8.333333333333334,10.4,9.7,0.0,0.2,0.2,24.333333333333332,36.0,37.4,16,A,0.4,1.0,6.0
45977,West Coast Eagles,13.333333333333334,15.6,17.2,1.0,1.0,1.0,61.333333333333336,72.0,74.9,95,A,1.0,1.0,7.0
45872,Port Adelaide Power,10.666666666666666,11.0,12.0,,,1.0,40.333333333333336,37.6,48.7,67,A,0.4,5.0,6.0
45669,Brisbane Lions,10.0,12.0,10.8,1.0,1.0,1.0,60.0,67.6,67.3,226,H,0.2,4.0,8.0
44563,St Kilda Saints,8.333333333333334,6.2,6.7,0.3333333333333333,0.6,0.7,41.666666666666664,33.0,35.8,15,H,0.6,1.0,6.0
46342,Fremantle Dockers,,,,,,,,,,0,A,0.8,3.0,7.0
45185,Fremantle Dockers,,,,,,,,,,0,A,0.8,3.0,7.0
44267,North Melbourne Kangaroos,8.333333333333334,8.6,8.6,0.3333333333333333,0.2,0.2,40.0,37.4,37.4,5,H,0.2,3.0,7.0
45653,Geelong Cats,15.0,16.6,13.7,,1.0,1.0,59.333333333333336,65.6,55.4,20,H,0.2,5.0,7.0
45581,North Melbourne Kangaroos,10.0,10.2,10.5,,,,37.0,41.4,42.3,156,A,0.2,6.0,8.0
45859,Fremantle Dockers,12.666666666666666,12.0,14.2,,1.0,1.0,44.666666666666664,43.6,55.4,205,A,0.6,2.0,8.0
45648,Richmond Tigers,3.0,4.4,6.9,,,1.0,27.0,30.2,42.9,74,A,0.8,3.0,7.0
45406,Collingwood Magpies,21.333333333333332,20.8,14.5,,,1.5,76.0,81.2,59.6,186,H,0.8,2.0,8.0
45686,Carlton Blues,5.0,6.2,5.7,1.5,1.5,1.4285714285714286,30.0,36.0,34.9,82,H,0.2,5.0,8.0
45096,North Melbourne Kangaroos,7.0,7.4,9.0,0.0,0.0,1.0,36.333333333333336,35.8,46.3,11,A,0.2,6.0,6.0
44417,St Kilda Saints,12.333333333333334,12.2,12.7,0.3333333333333333,0.2,0.2,45.333333333333336,43.6,47.2,48,A,0.6,3.0,6.0
46323,North Melbourne Kangaroos,7.0,7.4,9.4,,,2.5,36.333333333333336,35.8,46.3,11,A,0.2,6.0,6.0
43802,Port Adelaide Power,10.0,10.0,10.0,0.3333333333333333,0.3333333333333333,0.3333333333333333,48.0,48.0,48.0,3,H,0.4,4.0,7.0
44730,Carlton Blues,14.0,13.8,11.5,0.0,0.2,0.1,66.66666666666667,68.6,56.1,64,A,0.2,6.0,7.0
44288,Carlton Blues,8.0,7.4,7.7,0.0,0.0,0.0,38.333333333333336,37.6,37.0,45,A,0.2,6.0,7.0
46091,Port Adelaide Power,10.0,10.0,10.0,1.0,1.0,1.0,48.0,48.0,48.0,3,H,0.4,4.0,7.0
44121,Collingwood Magpies,11.0,11.0,11.0,0.0,0.0,0.0,34.666666666666664,34.666666666666664,34.666666666666664,3,A,0.8,1.0,9.0
44989,Geelong Cats,5.0,5.0,5.0,0.0,0.0,0.0,12.0,12.0,12.0,1,A,0.4,5.0,8.0
46306,Geelong Cats,0.0,0.0,0.0,,,,12.0,12.0,12.0,1,A,0.4,5.0,8.0
43542,Sydney Swans,2.0,1.6,2.5,0.0,0.0,0.0,16.333333333333332,17.6,21.1,43,H,0.8,2.0,14.0
45861,St Kilda Saints,8.333333333333334,10.2,9.4,2.0,1.5,1.5,41.0,52.0,51.6,70,H,0.6,3.0,15.0
45178,Port Adelaide Power,5.0,5.0,5.0,1.0,1.0,1.0,35.0,35.0,35.0,1,A,0.8,3.0,14.0
46340,Port Adelaide Power,5.0,5.0,5.0,1.0,1.0,1.0,35.0,35.0,35.0,1,A,0.8,3.0,14.0
44447,Carlton Blues,4.0,3.0,3.0,0.3333333333333333,0.2,0.2,42.0,42.2,47.5,58,H,0.0,8.0,7.0
45970,Sydney Swans,11.666666666666666,15.4,15.0,1.0,1.0,1.0,57.333333333333336,67.8,62.7,305,H,0.6,4.0,8.0
46254,North Melbourne Kangaroos,7.333333333333333,6.6,7.142857142857143,,,,42.0,42.0,42.0,7,H,0.6,5.0,6.0
44496,Hawthorn Hawks,11.0,11.4,10.4,0.6666666666666666,1.4,1.0,44.0,48.0,47.6,17,A,0.2,5.0,7.0
44679,North Melbourne Kangaroos,12.333333333333334,11.6,12.142857142857142,0.0,0.0,0.0,42.0,42.0,42.0,7,H,0.6,5.0,6.0
43804,Collingwood Magpies,10.333333333333334,9.4,8.3,0.6666666666666666,0.6,0.4,53.666666666666664,47.6,43.9,13,H,0.4,1.0,7.0
45634,Richmond Tigers,17.666666666666668,17.4,16.8,1.0,1.0,1.0,100.33333333333333,90.8,86.0,171,A,0.6,3.0,8.0
45761,Collingwood Magpies,18.333333333333332,18.4,17.4,,,,74.66666666666667,70.6,64.6,168,H,0.2,2.0,6.0
45826,Melbourne Demons,10.666666666666666,11.8,12.9,1.0,1.0,1.0,57.0,57.6,59.3,107,A,1.0,1.0,9.0
43335,Hawthorn Hawks,16.333333333333332,12.2,13.6,0.0,0.0,0.0,63.0,47.8,50.4,16,A,0.2,2.0,6.0
44784,Hawthorn Hawks,12.666666666666666,14.8,13.7,0.0,0.0,0.2,45.666666666666664,57.2,54.7,80,A,0.2,2.0,6.0
44395,Geelong Cats,3.6666666666666665,1.6,1.0,2.0,1.4,1.0,59.333333333333336,42.8,39.1,21,A,0.8,4.0,7.0
44403,Western Bulldogs,9.333333333333334,9.333333333333334,9.333333333333334,0.0,0.0,0.0,39.0,39.0,39.0,3,A,0.4,4.0,6.0
46001,Western Bulldogs,3.6666666666666665,4.75,4.75,2.0,1.5,1.5,28.666666666666668,32.25,32.25,4,A,0.4,4.0,6.0
43325,Western Bulldogs,4.5,5.666666666666667,5.666666666666667,0.6666666666666666,0.75,0.75,28.666666666666668,32.25,32.25,4,A,0.4,4.0,6.0
46207,Western Bulldogs,9.333333333333334,9.333333333333334,9.333333333333334,,,,39.0,39.0,39.0,3,A,0.4,4.0,6.0
45137,North Melbourne Kangaroos,7.666666666666667,7.6,7.0,0.3333333333333333,0.2,0.14285714285714285,43.666666666666664,40.8,35.857142857142854,7,H,0.6,4.0,7.0
44426,Western Bulldogs,8.666666666666666,6.8,6.5,0.0,0.0,0.1,32.666666666666664,28.2,26.1,25,H,0.4,3.0,7.0
45829,Geelong Cats,12.0,13.4,12.9,3.0,3.0,2.0,55.666666666666664,59.2,59.3,287,H,0.8,4.0,7.0
43579,Collingwood Magpies,14.666666666666666,12.6,11.4,0.0,0.0,0.4,73.66666666666667,63.8,61.7,75,A,0.4,1.0,7.0
46158,Essendon Bombers,10.0,10.0,10.0,,,,49.666666666666664,49.666666666666664,49.666666666666664,3,H,0.4,8.0,8.0
44168,Essendon Bombers,10.5,10.5,10.5,0.0,0.0,0.0,49.666666666666664,49.666666666666664,49.666666666666664,3,H,0.4,8.0,8.0
45703,North Melbourne Kangaroos,17.666666666666668,18.2,16.3,1.0,1.0,1.3333333333333333,76.66666666666667,80.2,72.9,138,H,0.4,4.0,8.0
45825,North Melbourne Kangaroos,8.0,7.2,7.0,1.0,1.0,1.3333333333333333,64.33333333333333,60.2,58.4,147,A,0.4,5.0,6.0
45566,Richmond Tigers,13.333333333333334,13.4,13.0,,,,64.33333333333333,63.4,54.6,98,H,0.4,3.0,6.0
44772,Essendon Bombers,3.3333333333333335,3.2,3.4,0.6666666666666666,0.6,0.6,37.666666666666664,39.2,39.9,37,A,0.4,8.0,7.0
45836,Essendon Bombers,8.0,7.8,10.9,1.0,1.0,1.0,37.333333333333336,32.8,44.5,99,A,0.4,8.0,7.0
44196,Hawthorn Hawks,14.333333333333334,12.4,13.3,0.0,0.0,0.0,58.666666666666664,50.4,50.1,22,H,0.4,5.0,7.0
44967,Carlton Blues,0.0,0.0,0.0,0.0,0.0,0.0,19.0,19.0,19.0,1,A,0.2,6.0,7.0
44831,Collingwood Magpies,11.0,12.2,12.1,0.0,0.2,0.2,41.333333333333336,49.4,52.1,25,H,0.6,4.0,9.0
44854,West Coast Eagles,7.333333333333333,8.2,8.1,1.0,1.2,1.1,38.666666666666664,42.8,43.0,77,H,0.8,1.0,7.0
45574,Adelaide Crows,11.333333333333334,8.6,14.2,,,,39.0,31.8,55.7,310,A,0.4,2.0,8.0
46303,Carlton Blues,5.0,5.0,5.0,,,,19.0,19.0,19.0,1,A,0.2,6.0,7.0
46177,Essendon Bombers,3.0,3.5,3.5,1.0,1.0,1.0,18.666666666666668,22.25,22.25,4,A,0.4,2.0,6.0
44269,Essendon Bombers,4.0,4.333333333333333,4.333333333333333,0.3333333333333333,0.5,0.5,18.666666666666668,22.25,22.25,4,A,0.4,2.0,6.0
46362,Port Adelaide Power,8.0,8.0,8.0,,,,33.0,33.0,33.0,2,A,0.4,7.0,6.0
45414,Richmond Tigers,16.333333333333332,15.8,13.4,,,1.0,63.666666666666664,61.8,57.3,165,H,0.6,6.0,7.0
45356,Port Adelaide Power,11.333333333333334,10.0,10.8,,,,43.0,40.0,41.5,149,A,0.4,7.0,6.0
45895,Richmond Tigers,6.333333333333333,8.4,7.4,3.0,2.3333333333333335,1.8,45.666666666666664,53.4,45.0,203,H,0.6,6.0,7.0
45633,Brisbane Lions,8.0,8.2,8.0,,1.0,1.0,38.0,39.8,44.2,138,H,0.0,8.0,7.0
45941,Brisbane Lions,20.333333333333332,21.6,22.5,1.0,1.0,1.0,68.0,73.2,75.8,288,H,0.0,8.0,7.0
45643,Port Adelaide Power,10.666666666666666,10.0,11.7,,,1.25,57.666666666666664,56.2,63.1,169,A,0.4,7.0,6.0
45864,Brisbane Lions,13.0,11.4,9.0,,,1.0,73.33333333333333,69.0,57.5,167,H,0.0,8.0,7.0
44798,Richmond Tigers,1.6666666666666667,2.2,2.5,0.0,0.0,0.1,23.666666666666668,24.2,26.9,10,H,0.6,6.0,7.0
44657,Brisbane Lions,8.333333333333334,8.8,7.714285714285714,0.6666666666666666,0.6,0.5714285714285714,42.333333333333336,44.2,37.857142857142854,7,H,0.0,8.0,7.0
45763,Melbourne Demons,12.666666666666666,13.6,12.5,,1.0,1.6666666666666667,48.666666666666664,51.6,52.1,63,A,0.4,4.0,7.0
45252,Port Adelaide Power,9.0,9.0,9.0,0.0,0.0,0.0,33.0,33.0,33.0,2,A,0.4,7.0,6.0
46250,Brisbane Lions,8.333333333333334,8.8,7.714285714285714,1.0,1.0,1.0,42.333333333333336,44.2,37.857142857142854,7,H,0.0,8.0,7.0
45946,Port Adelaide Power,18.333333333333332,16.2,18.666666666666668,1.0,1.0,1.0,62.666666666666664,57.8,73.2,138,A,0.4,7.0,6.0
45071,Carlton Blues,3.0,4.2,3.6,0.0,0.0,0.0,43.666666666666664,46.4,41.6,82,A,0.2,6.0,7.0
45845,North Melbourne Kangaroos,11.333333333333334,10.4,9.222222222222221,2.6666666666666665,2.5,3.0,77.66666666666667,69.0,59.1,256,A,0.4,5.0,8.0
46206,North Melbourne Kangaroos,17.0,14.0,14.0,,,,66.0,54.0,54.0,5,A,0.4,5.0,8.0
45476,Carlton Blues,9.333333333333334,10.2,9.8,2.0,2.3333333333333335,2.0,56.0,65.6,56.6,45,A,0.2,6.0,7.0
44321,Carlton Blues,9.333333333333334,10.2,9.555555555555555,0.6666666666666666,1.4,0.8,56.0,65.6,56.6,45,A,0.2,6.0,7.0
44992,Carlton Blues,9.0,8.0,8.9,0.3333333333333333,0.2,0.2,36.333333333333336,35.6,43.9,49,A,0.2,6.0,7.0
44402,North Melbourne Kangaroos,17.0,14.0,14.0,0.0,0.0,0.0,66.0,54.0,54.0,5,A,0.4,5.0,8.0
45534,Carlton Blues,10.333333333333334,9.2,8.9,1.0,1.0,1.0,71.33333333333333,68.0,64.8,132,A,0.2,6.0,7.0
46288,North Melbourne Kangaroos,11.666666666666666,11.2,12.2,,,1.0,45.333333333333336,45.6,51.6,10,A,0.4,5.0,8.0
44882,North Melbourne Kangaroos,11.666666666666666,11.2,12.2,0.0,0.0,0.2,45.333333333333336,45.6,51.6,10,A,0.4,5.0,8.0
45332,Hawthorn Hawks,5.0,6.6,8.3,2.0,1.5,1.3333333333333333,26.333333333333332,33.8,40.2,167,H,0.6,4.0,8.0
44422,Carlton Blues,10.333333333333334,11.2,14.6,0.0,0.0,0.0,37.666666666666664,47.2,66.7,77,A,0.2,6.0,7.0
45812,St Kilda Saints,13.333333333333334,9.6,8.0,,,,69.33333333333333,56.2,54.0,141,H,0.6,1.0,6.0
45567,St Kilda Saints,5.666666666666667,8.4,9.4,,2.5,2.0,30.0,45.2,51.9,189,H,0.6,1.0,6.0
45796,St Kilda Saints,13.333333333333334,13.75,14.75,1.0,1.0,1.0,58.666666666666664,58.0,63.4,251,H,0.6,1.0,6.0
44974,Melbourne Demons,2.0,2.0,2.0,0.0,0.0,0.0,8.666666666666666,8.666666666666666,8.666666666666666,3,A,0.4,2.0,7.0
45887,Western Bulldogs,12.333333333333334,13.4,14.1,1.5,1.6666666666666667,1.8571428571428572,67.33333333333333,68.8,69.4,299,A,0.6,2.0,6.0
45355,Adelaide Crows,9.666666666666666,9.8,9.5,2.0,2.0,1.6,54.0,59.4,56.4,133,H,0.4,2.0,14.0
45495,Sydney Swans,5.333333333333333,5.4,5.0,,1.0,1.0,27.0,32.4,34.5,46,H,0.8,2.0,8.0
45331,West Coast Eagles,11.666666666666666,13.0,10.3,1.0,1.0,1.0,68.33333333333333,71.8,60.3,264,A,0.6,1.0,7.0
45756,Western Bulldogs,9.666666666666666,7.8,11.1,3.5,2.6666666666666665,1.8333333333333333,54.666666666666664,43.4,52.5,203,H,0.6,1.0,197.0
44597,Collingwood Magpies,,,,,,,,,,0,A,0.8,1.0,7.0
46232,Collingwood Magpies,,,,,,,,,,0,A,0.8,1.0,7.0
45365,Adelaide Crows,14.333333333333334,14.8,13.3,1.5,2.5,2.4285714285714284,71.66666666666667,78.6,71.7,107,A,0.4,4.0,7.0
45117,North Melbourne Kangaroos,8.0,6.6,6.166666666666667,0.3333333333333333,0.4,0.3333333333333333,40.333333333333336,32.8,29.5,6,A,0.0,4.0,8.0
43588,Port Adelaide Power,9.0,9.0,9.0,1.0,1.0,1.0,55.0,55.0,55.0,1,H,0.6,1.0,8.0
46054,Port Adelaide Power,9.0,9.0,9.0,1.0,1.0,1.0,55.0,55.0,55.0,1,H,0.6,1.0,8.0
45685,Fremantle Dockers,11.333333333333334,11.4,12.2,1.0,1.5,1.8571428571428572,50.666666666666664,50.4,61.1,138,H,0.2,8.0,6.0
43422,Richmond Tigers,16.0,17.333333333333332,19.25,0.0,0.0,0.3,68.0,65.6,78.4,74,H,0.2,2.0,7.0
45543,Richmond Tigers,11.0,12.2,9.9,,,,49.333333333333336,51.0,43.7,227,H,0.0,5.0,8.0
46136,Adelaide Crows,,,,,,,,,,0,H,0.6,2.0,6.0
44057,Adelaide Crows,,,,,,,,,,0,H,0.6,2.0,6.0
43452,St Kilda Saints,8.666666666666666,6.8,4.555555555555555,1.0,0.6,0.3333333333333333,46.0,36.8,28.11111111111111,9,A,0.6,1.0,7.0
46315,St Kilda Saints,,,,,,,,,,0,A,0.6,1.0,7.0
45050,St Kilda Saints,,,,,,,,,,0,A,0.6,1.0,7.0
46055,Fremantle Dockers,,,,,,,,,,0,H,0.6,2.0,6.0
43594,Fremantle Dockers,,,,,,,,,,0,H,0.6,2.0,6.0
45519,Brisbane Lions,8.0,9.2,10.7,,1.0,1.0,41.333333333333336,47.8,51.7,53,H,0.4,5.0,7.0
43592,Essendon Bombers,10.5,7.75,9.11111111111111,0.0,0.0,0.0,35.333333333333336,31.2,31.6,62,A,0.4,5.0,7.0
45720,Brisbane Lions,5.666666666666667,5.6,5.6,,,,34.666666666666664,36.6,37.5,90,H,0.4,5.0,7.0
43810,Western Bulldogs,4.333333333333333,2.6,2.4,0.3333333333333333,0.4,0.6,42.333333333333336,37.6,41.6,17,H,0.8,2.0,7.0
45199,Fremantle Dockers,12.0,13.2,12.3,0.3333333333333333,0.8,0.5,54.333333333333336,58.2,56.3,32,A,0.6,2.0,7.0
43278,Brisbane Lions,14.0,12.666666666666666,12.666666666666666,0.0,0.0,0.0,51.0,51.0,51.0,4,H,0.2,5.0,7.0
44091,St Kilda Saints,3.0,3.0,3.0,0.0,0.0,0.0,15.0,15.0,15.0,1,H,0.4,4.0,7.0
45644,Richmond Tigers,8.0,9.0,7.5,1.0,1.0,1.0,41.333333333333336,40.4,36.6,124,A,0.0,6.0,8.0
46140,St Kilda Saints,3.0,3.0,3.0,,,,15.0,15.0,15.0,1,H,0.4,4.0,7.0
46171,Sydney Swans,,,,,,,,,,0,A,0.6,3.0,7.0
46084,Brisbane Lions,,,,,,,,,,0,H,0.0,6.0,13.0
43770,Brisbane Lions,,,,,,,,,,0,H,0.0,6.0,13.0
44247,Sydney Swans,,,,,,,,,,0,A,0.6,3.0,7.0
46191,Western Bulldogs,10.0,10.0,10.0,,,,59.0,59.0,59.0,1,A,0.6,4.0,15.0
44327,Western Bulldogs,10.0,10.0,10.0,0.0,0.0,0.0,59.0,59.0,59.0,1,A,0.6,4.0,15.0
45614,Hawthorn Hawks,14.0,14.4,15.2,,1.0,1.0,61.333333333333336,67.4,69.0,125,A,0.8,1.0,6.0
45097,Hawthorn Hawks,2.3333333333333335,4.2,3.8,0.0,0.0,0.1,31.0,35.2,36.7,12,A,0.8,1.0,6.0
45701,Port Adelaide Power,9.0,13.2,12.5,,2.0,1.75,41.666666666666664,57.2,57.2,96,A,0.4,3.0,7.0
45790,Fremantle Dockers,10.333333333333334,10.0,11.5,1.0,1.0,1.0,39.0,40.4,45.2,237,A,0.6,2.0,8.0
46373,Carlton Blues,11.333333333333334,11.4,11.4,2.0,1.5,1.5,57.666666666666664,52.8,52.8,5,A,0.4,5.0,7.0
45944,Fremantle Dockers,14.333333333333334,14.4,16.1,1.0,1.5,1.5,62.0,62.4,65.5,150,H,0.4,4.0,7.0
44000,Richmond Tigers,13.666666666666666,13.6,13.5,0.3333333333333333,0.2,0.1,55.666666666666664,56.2,53.1,34,A,0.2,6.0,7.0
45300,Carlton Blues,11.333333333333334,11.4,11.4,0.6666666666666666,0.6,0.6,57.666666666666664,52.8,52.8,5,A,0.4,5.0,7.0
46182,Hawthorn Hawks,,,,,,,,,,0,A,0.6,1.0,6.0
45153,Sydney Swans,5.333333333333333,7.0,7.4,1.0,0.8,0.6,30.0,38.2,38.5,16,A,0.6,4.0,6.0
44287,Hawthorn Hawks,,,,,,,,,,0,A,0.6,1.0,6.0
43970,Brisbane Lions,8.0,8.0,8.0,0.0,0.0,0.0,29.5,29.5,29.5,2,H,0.4,3.0,8.0
46121,Brisbane Lions,8.0,8.0,8.0,,,,29.5,29.5,29.5,2,H,0.4,3.0,8.0
45654,Carlton Blues,16.0,17.8,17.1,1.0,1.0,1.2,65.33333333333333,67.6,63.3,277,H,0.0,7.0,6.0
46356,North Melbourne Kangaroos,6.5,6.5,6.5,2.0,2.0,2.0,40.5,40.5,40.5,2,A,1.0,2.0,6.0
45231,North Melbourne Kangaroos,6.5,6.5,6.5,2.0,2.0,2.0,40.5,40.5,40.5,2,A,1.0,2.0,6.0
45547,Melbourne Demons,13.333333333333334,13.2,13.3,1.0,1.0,1.0,51.0,51.4,50.9,104,H,0.2,6.0,7.0
45673,Collingwood Magpies,18.0,18.0,18.0,1.0,1.0,1.0,72.0,68.0,69.2,191,A,0.6,1.0,6.0
45798,Adelaide Crows,10.666666666666666,10.0,10.6,1.0,1.0,1.4285714285714286,55.0,51.2,56.8,115,A,0.4,4.0,8.0
45664,Carlton Blues,13.333333333333334,12.6,13.8,2.0,1.6666666666666667,2.4,67.66666666666667,61.4,66.6,250,A,0.0,7.0,7.0
43395,Carlton Blues,15.666666666666666,15.2,15.3,0.0,0.0,0.1,68.0,59.6,61.0,22,A,0.0,7.0,7.0
45426,St Kilda Saints,5.333333333333333,5.8,7.8,,,1.0,34.666666666666664,34.2,43.4,257,H,0.6,2.0,6.0
45940,St Kilda Saints,7.0,7.0,10.875,1.5,1.5,1.75,43.0,39.0,53.7,169,H,0.6,2.0,6.0
43315,St Kilda Saints,6.0,7.2,7.1,0.3333333333333333,0.2,0.2,22.0,31.4,31.0,24,H,0.6,2.0,6.0
45404,Essendon Bombers,22.666666666666668,19.8,19.2,,2.0,1.5,75.33333333333333,69.0,69.5,251,H,0.4,4.0,8.0
43960,Fremantle Dockers,4.666666666666667,5.8,9.9,0.0,0.0,0.0,22.666666666666668,22.2,40.8,57,A,0.6,5.0,7.0
45917,St Kilda Saints,6.0,8.0,10.555555555555555,,,,22.666666666666668,31.8,43.2,220,A,0.4,4.0,8.0
45589,Essendon Bombers,9.666666666666666,10.8,13.2,1.0,1.0,1.0,43.666666666666664,49.4,55.8,169,A,0.4,5.0,6.0
45595,Essendon Bombers,16.333333333333332,17.2,21.2,1.5,1.3333333333333333,1.5,66.33333333333333,69.4,89.4,252,A,0.4,5.0,6.0
45441,Fremantle Dockers,10.333333333333334,9.6,10.5,1.0,1.0,1.4285714285714286,46.0,46.2,56.3,192,A,0.6,5.0,7.0
43786,Geelong Cats,13.333333333333334,12.0,12.7,0.0,0.0,0.0,42.0,37.8,44.3,58,A,0.8,1.0,6.0
45368,Essendon Bombers,7.333333333333333,7.0,6.6,1.0,1.5,1.25,35.666666666666664,41.8,36.5,123,A,0.4,5.0,6.0
45865,Brisbane Lions,11.0,11.0,11.2,,,3.3333333333333335,54.0,53.2,60.7,214,H,0.4,5.0,7.0
45986,Brisbane Lions,11.0,9.8,11.4,2.0,1.5,1.6666666666666667,42.666666666666664,43.4,58.6,263,H,0.4,5.0,7.0
44412,Western Bulldogs,8.666666666666666,10.2,8.1,0.3333333333333333,0.4,0.5,31.333333333333332,42.8,37.2,42,H,0.0,4.0,7.0
45965,Carlton Blues,14.333333333333334,14.0,14.222222222222221,1.3333333333333333,1.4,1.8888888888888888,77.0,73.8,75.3,215,A,0.0,5.0,8.0
43814,Melbourne Demons,12.666666666666666,14.0,10.1,0.3333333333333333,0.2,0.1,46.0,53.8,39.2,46,H,0.2,5.0,8.0
45802,Melbourne Demons,10.0,9.6,9.7,1.6666666666666667,1.6666666666666667,1.4,65.0,55.0,50.8,203,H,0.2,5.0,8.0
45553,Western Bulldogs,19.0,13.75,12.5,1.0,1.0,1.0,57.333333333333336,53.8,53.0,340,H,0.0,4.0,7.0
45357,Melbourne Demons,8.333333333333334,8.4,9.0,,,,67.33333333333333,58.4,55.8,162,H,0.2,5.0,8.0
45949,Melbourne Demons,17.666666666666668,19.4,18.8,,,1.0,67.33333333333333,72.8,72.5,135,H,0.2,5.0,8.0
45467,Western Bulldogs,7.666666666666667,7.6,11.3,2.5,2.5,2.3333333333333335,45.666666666666664,47.2,59.4,225,H,0.0,4.0,7.0
45838,Western Bulldogs,2.3333333333333335,2.25,2.625,2.0,2.0,1.875,48.666666666666664,49.4,42.4,145,H,0.0,4.0,7.0
45923,Adelaide Crows,17.0,17.6,16.6,,2.0,1.25,65.66666666666667,76.8,75.6,194,A,0.8,4.0,8.0
45830,Adelaide Crows,6.0,12.666666666666666,12.875,2.5,3.0,2.4,53.666666666666664,61.8,56.4,311,A,0.8,4.0,8.0
45422,West Coast Eagles,6.666666666666667,9.2,8.1,2.0,1.5,1.3333333333333333,44.333333333333336,53.4,50.7,251,H,0.8,1.0,7.0
45632,West Coast Eagles,21.0,19.0,18.875,2.5,2.0,1.75,65.0,66.2,66.7,157,H,0.8,1.0,7.0
45936,Hawthorn Hawks,13.5,13.25,15.125,,1.0,1.6666666666666667,38.0,39.4,52.4,144,A,0.6,1.0,7.0
44969,Hawthorn Hawks,11.666666666666666,14.6,16.8,,,,40.333333333333336,51.6,61.2,220,A,0.6,1.0,7.0
45487,Hawthorn Hawks,3.0,3.2,2.75,2.5,2.75,2.125,47.0,51.2,40.5,202,A,0.6,1.0,7.0
44777,Collingwood Magpies,9.333333333333334,10.6,9.2,0.0,0.0,0.0,49.333333333333336,57.4,48.9,38,A,0.6,2.0,7.0
45391,Collingwood Magpies,18.666666666666668,18.6,19.555555555555557,1.0,1.0,1.4,75.66666666666667,79.4,87.9,279,A,0.6,2.0,7.0
45430,Collingwood Magpies,18.0,16.0,14.666666666666666,,1.0,1.0,87.0,76.8,68.5,229,A,0.6,2.0,7.0
45556,North Melbourne Kangaroos,13.666666666666666,16.8,16.333333333333332,,1.0,1.0,58.0,67.4,65.5,92,A,0.6,2.0,7.0
45323,North Melbourne Kangaroos,13.0,13.6,15.0,,,1.5,46.0,52.4,62.9,310,A,0.6,2.0,7.0
45942,Port Adelaide Power,9.0,7.4,5.9,,,,67.33333333333333,56.8,48.4,260,A,1.0,2.0,7.0
44129,Carlton Blues,16.5,17.0,14.857142857142858,1.0,0.6,0.375,70.0,71.8,65.625,8,H,0.0,1.0,200.0
44094,Richmond Tigers,10.333333333333334,13.2,13.9,0.3333333333333333,0.4,0.3,39.0,56.4,59.5,20,A,0.4,1.0,201.0
44838,Collingwood Magpies,7.666666666666667,9.6,7.8,1.6666666666666667,2.0,1.6,50.333333333333336,65.2,52.6,16,H,0.4,1.0,183.0
43784,Collingwood Magpies,9.333333333333334,10.6,10.8,0.3333333333333333,1.4,1.2,63.666666666666664,74.0,76.1,26,A,0.4,1.0,6.0
46346,Melbourne Demons,9.0,9.0,9.0,,,,32.0,32.0,32.0,1,H,0.4,5.0,6.0
45203,Melbourne Demons,9.0,9.0,9.0,0.0,0.0,0.0,32.0,32.0,32.0,1,H,0.4,5.0,6.0
45665,Brisbane Lions,19.0,21.6,24.25,,,,78.33333333333333,88.6,92.7,278,A,0.2,4.0,7.0
44499,Brisbane Lions,-0.3333333333333333,1.6,3.5,0.0,0.4,0.2,21.333333333333332,32.6,36.7,15,A,0.2,4.0,7.0
45410,Fremantle Dockers,13.666666666666666,13.6,15.3,1.0,1.0,1.0,54.0,55.4,62.2,161,A,0.2,8.0,6.0
44968,North Melbourne Kangaroos,18.666666666666668,19.0,17.4,0.3333333333333333,0.2,0.2,72.0,69.2,65.5,26,A,0.4,4.0,7.0
45599,Collingwood Magpies,16.0,16.4,16.3,,,1.6666666666666667,59.333333333333336,65.4,66.3,154,H,0.4,4.0,6.0
45770,Melbourne Demons,9.0,8.8,9.1,1.5,1.6666666666666667,1.5714285714285714,48.0,47.8,48.6,305,H,0.2,5.0,8.0
45957,Western Bulldogs,25.0,25.2,25.5,,,,88.33333333333333,90.0,89.9,323,H,0.8,1.0,6.0
44796,St Kilda Saints,4.0,4.2,5.0,0.0,0.0,0.2,35.0,36.4,36.9,28,A,0.6,2.0,8.0
44858,North Melbourne Kangaroos,12.333333333333334,13.25,14.222222222222221,0.0,1.6,1.4,43.0,65.2,64.6,39,H,0.6,2.0,8.0
45470,Sydney Swans,9.0,10.666666666666666,12.571428571428571,1.3333333333333333,2.0,1.8,46.666666666666664,51.6,57.6,167,A,0.6,2.0,8.0
44174,West Coast Eagles,3.0,3.4,2.1,1.3333333333333333,0.8,0.7,49.666666666666664,46.8,39.0,12,H,0.0,2.0,6.0
44166,Essendon Bombers,7.333333333333333,7.6,8.0,0.3333333333333333,0.8,0.8,34.0,39.2,41.6,20,H,0.2,3.0,9.0
45544,St Kilda Saints,6.333333333333333,7.8,8.625,1.3333333333333333,2.6,3.4444444444444446,38.0,51.8,53.7,259,H,0.4,1.0,13.0
43265,Carlton Blues,11.0,12.0,9.11111111111111,0.3333333333333333,0.2,0.2,56.0,59.2,49.1,73,H,0.6,4.0,15.0
44131,Adelaide Crows,8.0,8.0,8.0,0.5,0.5,0.5,36.5,36.5,36.5,2,H,0.8,2.0,15.0
46148,Adelaide Crows,8.0,8.0,8.0,1.0,1.0,1.0,36.5,36.5,36.5,2,H,0.8,2.0,15.0
44869,Sydney Swans,11.333333333333334,10.6,11.8,0.6666666666666666,0.6,0.7,48.666666666666664,47.2,52.5,16,A,0.4,2.0,6.0
45723,Adelaide Crows,8.333333333333334,7.6,8.0,1.0,1.0,2.4,44.333333333333336,40.2,43.2,151,A,0.8,2.0,8.0
43813,St Kilda Saints,7.666666666666667,7.4,8.555555555555555,0.0,0.0,0.0,40.666666666666664,35.8,38.4,11,H,0.4,3.0,7.0
45358,Fremantle Dockers,20.0,15.4,18.4,1.0,1.0,1.0,79.66666666666667,60.2,68.2,191,A,0.0,6.0,7.0
43820,St Kilda Saints,8.666666666666666,9.0,9.1,0.0,0.2,0.2,36.666666666666664,40.0,39.4,54,H,0.4,3.0,7.0
43690,North Melbourne Kangaroos,11.666666666666666,12.2,15.2,0.3333333333333333,0.2,0.1,50.333333333333336,49.4,62.7,13,A,0.4,6.0,8.0
43430,Hawthorn Hawks,6.333333333333333,8.0,7.0,0.3333333333333333,1.0,0.7,24.0,40.4,37.2,30,H,0.8,1.0,7.0
45972,Port Adelaide Power,12.5,8.75,12.875,,,1.0,53.0,40.4,56.9,191,H,0.2,7.0,6.0
43561,Hawthorn Hawks,15.0,12.2,14.4,0.3333333333333333,0.4,0.4,56.0,47.6,54.3,95,H,0.6,1.0,6.0
43921,West Coast Eagles,9.0,11.2,11.0,0.0,0.0,0.1,31.666666666666668,41.8,45.0,36,A,0.2,2.0,6.0
44120,Richmond Tigers,11.333333333333334,10.6,12.5,0.6666666666666666,0.6,0.8,51.0,40.4,46.8,92,H,0.6,5.0,7.0
43759,Fremantle Dockers,6.0,4.6,4.714285714285714,0.0,0.0,0.0,23.0,18.8,21.714285714285715,7,H,0.2,3.0,9.0
43408,Melbourne Demons,7.333333333333333,9.0,8.125,0.0,0.4,0.375,32.666666666666664,42.4,39.125,8,H,0.0,4.0,7.0
45346,Fremantle Dockers,19.0,20.2,22.0,1.0,1.0,1.0,71.0,75.2,80.8,285,H,0.2,3.0,9.0
43780,Carlton Blues,9.333333333333334,10.0,10.0,1.0,1.0,1.0,56.666666666666664,58.75,58.75,4,H,0.6,1.0,13.0
46088,Carlton Blues,8.0,9.333333333333334,9.333333333333334,1.0,1.0,1.0,56.666666666666664,58.75,58.75,4,H,0.6,1.0,13.0
45235,Western Bulldogs,10.0,10.8,9.1,0.0,0.2,0.4,48.333333333333336,53.6,46.6,35,H,1.0,1.0,15.0
44102,Richmond Tigers,7.666666666666667,8.0,6.111111111111111,3.3333333333333335,2.2,1.3,60.0,53.8,41.0,15,H,0.6,6.0,6.0
44145,Adelaide Crows,9.0,8.0,11.0,2.6666666666666665,2.2,1.6,61.333333333333336,54.4,59.6,32,A,0.2,2.0,8.0
44609,Fremantle Dockers,11.0,11.0,11.0,0.0,0.0,0.0,50.0,50.0,50.0,2,H,0.2,5.0,8.0
45713,Sydney Swans,16.333333333333332,13.4,14.7,1.0,1.0,1.25,64.33333333333333,58.2,64.4,197,H,0.6,1.0,6.0
44312,Collingwood Magpies,19.333333333333332,18.4,18.8,0.0,0.0,0.3,74.33333333333333,69.6,72.5,122,H,0.4,2.0,6.0
43945,North Melbourne Kangaroos,10.333333333333334,10.4,9.4,0.0,0.0,0.2,32.333333333333336,36.2,34.3,14,H,0.8,2.0,6.0
45734,Fremantle Dockers,7.333333333333333,7.6,7.0,1.0,1.0,1.3333333333333333,56.0,52.4,53.1,227,H,0.4,5.0,7.0
43443,Sydney Swans,12.333333333333334,12.8,10.4,0.3333333333333333,0.2,0.4,56.666666666666664,55.0,46.9,27,H,0.2,2.0,6.0
43716,Port Adelaide Power,4.333333333333333,5.8,4.7,0.0,0.0,0.1,29.0,31.8,26.3,10,A,0.2,7.0,6.0
45030,Western Bulldogs,5.333333333333333,6.8,7.7,0.0,0.2,0.2,41.0,49.8,53.1,77,A,0.6,1.0,7.0
46361,Port Adelaide Power,5.0,5.0,5.0,,,,17.0,17.0,17.0,1,H,0.2,2.0,6.0
45247,Port Adelaide Power,,,,0.0,0.0,0.0,17.0,17.0,17.0,1,H,0.2,2.0,6.0
44265,Essendon Bombers,1.6666666666666667,3.2,2.7,1.0,1.0,0.8,41.333333333333336,48.4,45.1,57,H,0.6,6.0,6.0
45525,Sydney Swans,13.333333333333334,15.4,18.3,1.0,1.0,1.0,50.0,63.0,73.7,163,H,0.4,3.0,7.0
43521,Adelaide Crows,9.333333333333334,8.8,9.285714285714286,0.3333333333333333,0.2,0.14285714285714285,48.666666666666664,44.0,42.0,7,A,0.6,4.0,6.0
45851,Carlton Blues,4.333333333333333,7.8,8.555555555555555,1.0,1.0,1.0,45.333333333333336,59.4,53.9,161,H,0.4,4.0,8.0
43615,Brisbane Lions,2.3333333333333335,3.6,5.0,0.6666666666666666,0.4,0.4,35.666666666666664,38.6,45.8,142,H,0.4,3.0,7.0
44518,Brisbane Lions,9.666666666666666,10.8,11.1,0.0,0.0,0.0,44.0,42.8,45.4,33,H,0.4,3.0,7.0
43534,Richmond Tigers,8.333333333333334,6.0,5.125,0.3333333333333333,0.2,0.25,44.0,30.2,28.375,8,H,0.6,4.0,6.0
45395,Collingwood Magpies,21.666666666666668,21.0,21.5,,,1.5,70.66666666666667,71.2,82.6,263,H,0.4,2.0,8.0
46235,West Coast Eagles,6.0,6.0,6.0,,,,15.0,15.0,15.0,1,H,0.4,6.0,8.0
44605,West Coast Eagles,6.0,6.0,6.0,0.0,0.0,0.0,15.0,15.0,15.0,1,H,0.4,6.0,8.0
45382,West Coast Eagles,15.666666666666666,17.6,17.8,1.0,1.0,1.0,57.666666666666664,67.2,66.8,227,H,0.4,6.0,8.0
45509,Fremantle Dockers,21.333333333333332,17.6,16.9,1.0,1.0,1.5,82.66666666666667,69.8,66.8,248,H,0.4,2.0,6.0
45628,Fremantle Dockers,10.0,11.0,11.0,3.0,2.3333333333333335,2.3333333333333335,51.333333333333336,55.6,49.2,207,H,0.4,2.0,6.0
45223,Port Adelaide Power,11.666666666666666,11.8,11.9,1.0,0.6,0.6,45.666666666666664,46.0,55.4,54,A,0.2,9.0,7.0
43583,Brisbane Lions,3.0,3.0,3.0,0.0,0.0,0.0,14.0,14.0,14.0,1,A,0.2,7.0,7.0
46051,Brisbane Lions,3.0,3.0,3.0,,,,14.0,14.0,14.0,1,A,0.2,7.0,7.0
43304,West Coast Eagles,26.0,23.0,18.5,0.6666666666666666,0.4,0.7,102.66666666666667,93.8,78.6,78,A,0.4,10.0,6.0
43374,Carlton Blues,11.666666666666666,13.2,18.4,0.0,0.0,0.0,52.666666666666664,52.4,71.7,67,H,0.6,7.0,7.0
44309,Port Adelaide Power,17.666666666666668,19.0,18.5,0.3333333333333333,0.8,0.6,71.0,80.2,76.3,103,A,0.2,9.0,7.0
45983,Melbourne Demons,19.333333333333332,17.4,17.4,2.0,2.5,2.0,82.33333333333333,76.6,73.0,270,H,0.2,4.0,8.0
45747,Essendon Bombers,8.5,6.5,5.625,2.0,2.0,1.5,43.333333333333336,40.2,36.4,237,H,0.4,3.0,9.0
46194,Essendon Bombers,8.666666666666666,8.666666666666666,8.666666666666666,1.0,1.0,1.0,42.0,42.0,42.0,3,H,0.4,3.0,9.0
44690,Essendon Bombers,26.333333333333332,24.6,22.1,0.0,0.0,0.1,91.33333333333333,95.4,80.1,143,H,0.4,3.0,9.0
45821,Essendon Bombers,14.0,12.4,11.6,1.0,1.0,1.3333333333333333,52.0,50.6,49.9,133,H,0.4,3.0,9.0
46359,Essendon Bombers,,,,,,,,,,0,H,0.4,3.0,9.0
45962,Melbourne Demons,15.333333333333334,16.4,18.6,,1.0,1.0,71.0,79.0,88.4,267,H,0.2,4.0,8.0
45243,Essendon Bombers,,,,,,,,,,0,H,0.4,3.0,9.0
43531,Melbourne Demons,12.0,12.4,12.7,0.0,0.0,0.0,47.333333333333336,46.0,49.1,70,H,0.2,4.0,8.0
45627,Richmond Tigers,25.666666666666668,25.4,21.3,,,1.0,103.66666666666667,101.6,88.8,219,A,0.6,2.0,8.0
44350,Essendon Bombers,8.666666666666666,8.666666666666666,8.666666666666666,0.3333333333333333,0.3333333333333333,0.3333333333333333,42.0,42.0,42.0,3,H,0.4,3.0,9.0
45626,Essendon Bombers,23.0,21.8,21.0,1.0,1.0,1.0,82.0,82.6,83.0,183,H,0.4,3.0,9.0
45921,Richmond Tigers,13.333333333333334,13.2,16.77777777777778,,1.0,1.25,49.666666666666664,58.4,66.3,187,A,0.6,2.0,8.0
43394,St Kilda Saints,9.666666666666666,9.0,10.1,1.0,1.4,0.8,75.66666666666667,72.6,75.3,70,A,0.6,1.0,7.0
45598,Melbourne Demons,12.5,13.75,12.5,3.5,2.75,2.8,65.0,70.0,59.3,190,H,0.2,4.0,8.0
45919,North Melbourne Kangaroos,6.333333333333333,6.4,8.4,1.5,1.3333333333333333,2.0,38.0,38.2,51.9,178,A,0.6,2.0,7.0
45883,North Melbourne Kangaroos,18.333333333333332,15.0,17.8,1.0,1.0,1.0,77.0,61.2,68.5,191,A,0.6,2.0,7.0
45710,Adelaide Crows,18.0,19.2,19.0,,1.0,1.0,65.33333333333333,72.0,74.5,130,H,0.8,1.0,7.0
45338,Adelaide Crows,15.0,16.0,18.2,,,,53.666666666666664,65.6,71.4,209,H,0.8,1.0,7.0
45554,North Melbourne Kangaroos,15.666666666666666,15.0,15.3,2.5,2.6666666666666665,2.6,75.66666666666667,75.4,72.5,300,A,0.6,2.0,7.0
43867,St Kilda Saints,10.333333333333334,10.6,11.3,0.6666666666666666,0.4,0.9,52.666666666666664,50.6,56.4,62,A,0.8,2.0,7.0
45508,Sydney Swans,8.333333333333334,8.6,8.8,1.0,1.0,1.0,53.333333333333336,51.0,49.7,290,A,0.6,2.0,6.0
43280,St Kilda Saints,7.666666666666667,7.666666666666667,7.666666666666667,0.0,0.0,0.0,31.666666666666668,31.666666666666668,31.666666666666668,3,H,0.6,1.0,6.0
45943,Collingwood Magpies,9.666666666666666,8.4,11.0,,,,41.666666666666664,34.0,47.1,251,A,0.8,1.0,7.0
45993,St Kilda Saints,7.666666666666667,7.666666666666667,7.666666666666667,,,,31.666666666666668,31.666666666666668,31.666666666666668,3,H,0.6,1.0,6.0
45577,St Kilda Saints,21.666666666666668,21.4,22.6,,1.0,1.0,78.0,80.4,80.7,382,A,0.8,2.0,7.0
45518,St Kilda Saints,12.0,11.6,12.4,2.0,2.0,2.0,55.666666666666664,54.0,53.6,139,A,0.8,2.0,7.0
45450,Hawthorn Hawks,24.0,24.0,21.666666666666668,1.0,1.0,1.0,100.33333333333333,99.2,78.6,304,A,0.8,2.0,7.0
45453,Hawthorn Hawks,9.0,9.4,10.0,,,,40.0,37.0,36.6,221,A,0.8,2.0,7.0
43473,Collingwood Magpies,8.333333333333334,7.8,8.4,0.0,0.0,0.1,35.333333333333336,38.4,45.3,45,H,0.6,1.0,196.0
45095,Hawthorn Hawks,5.0,5.0,5.0,1.0,1.0,1.0,33.0,33.0,33.0,1,A,0.8,4.0,8.0
43458,Fremantle Dockers,14.333333333333334,12.6,12.1,0.0,0.0,0.0,64.33333333333333,55.4,48.2,28,A,0.2,4.0,7.0
43894,Adelaide Crows,9.333333333333334,11.6,10.8,0.3333333333333333,1.6,1.2,45.0,61.0,58.2,16,A,0.4,1.0,9.0
43545,Brisbane Lions,8.0,9.5,8.333333333333334,0.3333333333333333,0.2,0.5,50.666666666666664,60.4,57.2,128,H,0.4,1.0,6.0
46321,Port Adelaide Power,9.0,9.0,9.0,,,,31.0,31.0,31.0,1,A,0.8,3.0,6.0
45091,Port Adelaide Power,9.0,9.0,9.0,0.0,0.0,0.0,31.0,31.0,31.0,1,A,0.8,3.0,6.0
43677,Essendon Bombers,12.333333333333334,9.4,9.4,0.0,0.0,0.0,52.333333333333336,42.2,42.2,5,A,0.4,2.0,8.0
44467,Melbourne Demons,11.0,8.2,8.2,0.0,0.0,0.0,56.333333333333336,41.6,41.6,5,H,0.2,5.0,7.0
45833,Richmond Tigers,15.333333333333334,19.8,18.1,2.5,2.0,2.0,85.0,99.0,91.0,281,A,0.2,5.0,8.0
46213,Melbourne Demons,11.0,8.2,8.2,,,,56.333333333333336,41.6,41.6,5,H,0.2,5.0,7.0
46261,Fremantle Dockers,,,,,,,,,,0,A,0.4,6.0,7.0
44729,Fremantle Dockers,,,,,,,,,,0,A,0.4,6.0,7.0
44787,North Melbourne Kangaroos,9.0,10.8,10.555555555555555,0.0,0.0,0.0,36.333333333333336,45.6,43.22222222222222,9,A,0.4,4.0,7.0
43622,Collingwood Magpies,13.666666666666666,14.0,13.3,0.6666666666666666,1.0,1.0,65.0,64.6,60.9,55,H,0.4,4.0,6.0
43613,Collingwood Magpies,16.0,15.2,14.1,0.0,0.0,0.1,53.666666666666664,56.8,59.3,13,A,0.4,3.0,6.0
44687,Richmond Tigers,22.0,20.6,19.6,1.0,0.8,1.3,83.66666666666667,85.0,84.6,112,H,0.2,2.0,6.0
45101,Western Bulldogs,15.0,14.0,12.2,0.0,0.0,0.0,67.33333333333333,63.6,54.3,20,A,0.6,1.0,6.0
44022,Fremantle Dockers,9.333333333333334,10.2,10.571428571428571,0.0,0.0,0.125,42.333333333333336,48.0,50.375,8,A,0.4,6.0,7.0
45610,West Coast Eagles,14.666666666666666,13.6,12.3,1.3333333333333333,1.6,1.5,56.666666666666664,58.8,56.3,150,H,0.2,6.0,9.0
44543,Port Adelaide Power,12.333333333333334,12.75,12.75,0.6666666666666666,0.5,0.5,46.333333333333336,49.0,49.0,4,A,0.4,2.0,7.0
45216,Port Adelaide Power,10.0,9.8,9.8,0.6666666666666666,1.0,1.0,45.333333333333336,48.6,48.6,5,A,0.4,2.0,7.0
45481,Hawthorn Hawks,14.666666666666666,14.4,14.9,1.0,1.25,1.5,65.33333333333333,64.0,66.8,205,H,0.6,1.0,7.0
43341,Carlton Blues,13.0,11.25,12.222222222222221,0.6666666666666666,0.8,0.5,61.0,55.6,55.6,66,A,0.6,1.0,14.0
43637,Collingwood Magpies,18.333333333333332,17.4,19.5,0.0,0.0,0.1,72.66666666666667,65.4,74.1,24,H,0.8,1.0,7.0
44608,Richmond Tigers,12.0,11.2,8.5,0.3333333333333333,0.2,0.1,66.66666666666667,57.6,45.2,12,A,0.4,6.0,15.0
43895,Fremantle Dockers,12.666666666666666,13.2,15.444444444444445,0.0,0.0,0.0,63.666666666666664,62.0,70.8,42,H,0.0,6.0,8.0
43431,Sydney Swans,15.0,15.0,15.0,0.5,0.5,0.5,57.0,57.0,57.0,2,H,0.2,4.0,8.0
45898,West Coast Eagles,16.0,16.6,15.2,1.0,1.0,1.0,61.0,59.4,60.4,207,H,0.2,4.0,8.0
43368,Melbourne Demons,9.333333333333334,10.2,8.9,0.0,0.0,0.0,53.0,60.6,57.0,65,H,0.2,6.0,8.0
43843,Fremantle Dockers,14.333333333333334,13.0,13.0,0.6666666666666666,0.4,0.75,54.0,49.0,56.5,8,H,0.0,7.0,7.0
43517,Fremantle Dockers,5.333333333333333,7.4,7.4,0.3333333333333333,1.0,1.1,27.666666666666668,42.4,39.4,12,H,0.0,7.0,7.0
43587,West Coast Eagles,12.0,12.2,12.166666666666666,0.3333333333333333,0.6,0.5,59.0,56.4,56.666666666666664,6,A,0.2,4.0,7.0
46053,West Coast Eagles,12.0,12.2,12.166666666666666,1.0,1.0,1.0,59.0,56.4,56.666666666666664,6,A,0.2,4.0,7.0
43375,Carlton Blues,13.0,14.0,13.0,0.3333333333333333,0.4,0.3,58.0,61.2,54.1,25,H,0.6,2.0,6.0
44003,Carlton Blues,9.0,7.8,7.7,0.0,0.2,0.2,36.333333333333336,36.2,36.0,10,H,0.6,2.0,6.0
45881,North Melbourne Kangaroos,24.0,24.5,23.88888888888889,1.0,1.0,1.0,86.0,90.2,87.8,305,H,0.0,2.0,6.0
45094,Fremantle Dockers,13.0,13.4,12.2,0.3333333333333333,0.6,0.8,53.0,55.4,49.2,87,A,0.2,8.0,7.0
45692,Essendon Bombers,13.333333333333334,14.8,15.4,2.5,2.75,3.0,69.66666666666667,77.6,82.2,269,A,0.4,1.0,7.0
45073,Geelong Cats,18.333333333333332,16.8,16.77777777777778,0.3333333333333333,0.2,0.1,65.33333333333333,58.4,59.8,58,A,0.6,1.0,6.0
43366,St Kilda Saints,10.666666666666666,11.0,14.1,0.0,0.2,0.1,41.666666666666664,42.2,50.3,29,A,1.0,1.0,7.0
43523,Hawthorn Hawks,8.666666666666666,10.6,9.7,0.0,0.0,0.0,35.0,43.0,41.7,115,H,0.4,2.0,6.0
45377,Richmond Tigers,22.333333333333332,23.2,25.7,,,1.5,83.0,85.0,99.7,264,H,0.4,7.0,6.0
44727,North Melbourne Kangaroos,26.333333333333332,25.2,19.2,0.0,0.0,0.0,85.66666666666667,84.8,64.9,122,A,0.2,7.0,6.0
45890,Fremantle Dockers,11.666666666666666,11.2,10.3,,,1.0,54.333333333333336,61.8,65.5,208,A,0.4,5.0,7.0
45606,St Kilda Saints,15.666666666666666,13.8,11.9,,,,64.0,54.6,46.9,233,A,1.0,1.0,8.0
44157,Geelong Cats,12.0,13.0,14.1,0.0,0.0,0.0,49.0,53.4,55.7,78,A,0.8,1.0,6.0
45100,Port Adelaide Power,13.0,16.2,17.5,0.0,0.0,0.0,51.666666666666664,63.8,69.2,109,A,0.4,4.0,6.0
45974,West Coast Eagles,15.0,18.0,19.0,2.0,2.0,1.5,80.0,81.0,80.0,226,A,0.6,6.0,7.0
45139,Melbourne Demons,23.0,19.2,18.6,0.3333333333333333,0.4,0.5,100.33333333333333,81.8,78.2,14,A,0.2,8.0,6.0
45122,Hawthorn Hawks,19.333333333333332,17.8,20.77777777777778,0.0,0.0,0.0,69.66666666666667,62.8,68.8,19,A,0.2,5.0,8.0
45954,North Melbourne Kangaroos,10.0,10.6,10.7,,,,40.666666666666664,42.4,45.6,154,A,0.2,5.0,8.0
43627,Richmond Tigers,18.333333333333332,18.6,16.666666666666668,0.3333333333333333,0.2,0.2,75.0,77.6,69.8,91,A,0.4,2.0,6.0
46295,Richmond Tigers,10.0,12.0,12.0,,,,40.0,47.0,47.0,4,A,0.4,2.0,6.0
44933,Richmond Tigers,10.0,12.0,12.0,0.0,0.0,0.0,40.0,47.0,47.0,4,A,0.4,2.0,6.0
44454,West Coast Eagles,14.5,13.25,14.0,0.0,0.4,0.3,56.333333333333336,59.0,59.0,18,H,0.6,1.0,6.0
45309,Richmond Tigers,16.0,17.4,17.3,1.0,1.6666666666666667,1.75,59.333333333333336,67.6,74.7,218,A,0.4,2.0,6.0
45521,West Coast Eagles,20.666666666666668,20.8,20.11111111111111,,1.0,1.0,68.66666666666667,72.2,68.0,178,H,0.6,1.0,6.0
44087,West Coast Eagles,24.0,24.6,19.2,0.3333333333333333,0.2,0.1,87.66666666666667,88.6,70.5,14,H,0.6,1.0,6.0
44451,Richmond Tigers,15.333333333333334,17.6,20.0,0.0,0.2,0.2,65.33333333333333,70.0,80.0,147,A,0.4,2.0,6.0
43746,Fremantle Dockers,15.333333333333334,16.4,14.9,0.0,0.0,0.1,56.0,65.0,61.6,21,A,0.6,10.0,6.0
45783,Sydney Swans,14.0,11.4,12.0,2.5,2.0,2.0,72.33333333333333,58.4,62.8,302,H,0.4,8.0,6.0
45093,Sydney Swans,7.666666666666667,7.8,7.571428571428571,0.0,0.2,0.42857142857142855,38.0,41.2,39.714285714285715,7,H,0.4,8.0,6.0
43736,Hawthorn Hawks,11.666666666666666,12.2,15.1,1.6666666666666667,1.2,0.6,62.666666666666664,57.8,64.9,15,H,0.2,6.0,7.0
45392,Port Adelaide Power,23.0,23.6,21.9,,,1.0,73.33333333333333,72.0,71.9,239,H,0.2,6.0,7.0
46322,Sydney Swans,9.0,8.5,8.0,,1.0,1.0,38.0,41.2,39.714285714285715,7,H,0.4,8.0,6.0
45677,Essendon Bombers,15.0,13.333333333333334,11.0,2.5,2.75,2.75,69.0,71.6,65.2,269,A,0.2,5.0,6.0
44616,North Melbourne Kangaroos,2.3333333333333335,1.0,1.0,0.0,0.0,0.0,40.333333333333336,33.0,33.0,4,A,0.4,9.0,6.0
45336,Sydney Swans,12.0,12.0,11.666666666666666,,,,42.333333333333336,43.2,42.2,236,H,0.4,8.0,6.0
45658,Port Adelaide Power,13.666666666666666,11.8,10.8,1.0,1.0,1.2,86.0,73.0,68.3,233,H,0.2,6.0,7.0
43263,Sydney Swans,12.0,11.6,12.6,1.0,0.8,0.6,59.0,54.8,53.1,132,H,0.4,8.0,6.0
45456,Sydney Swans,9.666666666666666,10.4,11.3,,1.0,1.0,35.666666666666664,43.8,45.4,222,H,0.4,8.0,6.0
45958,Melbourne Demons,19.0,24.8,25.8,,,,74.0,94.0,95.9,134,H,0.2,4.0,8.0
45959,Melbourne Demons,9.0,10.0,12.88888888888889,1.0,1.0,1.0,33.333333333333336,41.4,54.4,149,H,0.2,4.0,8.0
45841,Melbourne Demons,10.0,9.8,9.0,4.0,3.5,2.5555555555555554,67.0,64.2,59.9,227,H,0.2,4.0,8.0
44316,Essendon Bombers,16.5,16.0,20.555555555555557,1.0,1.0,0.9,74.0,74.0,82.0,87,A,0.4,2.0,6.0
44951,Essendon Bombers,17.333333333333332,18.8,19.0,0.6666666666666666,1.2,0.9,75.0,83.2,79.8,54,A,0.4,2.0,6.0
45233,Carlton Blues,15.5,14.5,13.666666666666666,0.0,0.0,0.2,52.666666666666664,53.0,59.8,115,A,0.8,4.0,7.0
44811,Brisbane Lions,5.0,5.4,6.9,0.3333333333333333,0.2,0.1,53.666666666666664,55.8,56.5,49,H,0.4,3.0,7.0
45904,Carlton Blues,24.666666666666668,24.2,23.8,1.5,1.5,1.6,90.33333333333333,96.6,91.8,230,A,0.8,4.0,7.0
45844,Collingwood Magpies,8.0,8.0,8.1,1.0,1.0,1.3333333333333333,39.0,45.0,43.4,241,A,0.8,2.0,7.0
45775,Brisbane Lions,12.666666666666666,14.6,13.6,1.0,1.5,1.25,53.333333333333336,64.4,58.8,207,A,0.6,2.0,6.0
45875,Adelaide Crows,10.333333333333334,11.5,13.666666666666666,,,1.0,38.333333333333336,47.2,55.8,150,A,0.8,1.0,8.0
45956,Western Bulldogs,17.0,13.5,11.666666666666666,1.0,1.25,1.8571428571428572,70.0,65.0,60.5,204,A,0.8,2.0,7.0
45572,Geelong Cats,16.0,15.6,12.777777777777779,,1.0,1.0,64.0,61.8,52.9,197,A,0.8,2.0,7.0
45090,Richmond Tigers,14.0,12.75,15.0,0.3333333333333333,0.4,0.6,65.66666666666667,59.2,63.9,31,H,0.0,2.0,10.0
44805,Richmond Tigers,7.0,7.0,7.0,0.0,0.0,0.0,38.0,38.0,38.0,1,A,0.0,5.0,6.0
43578,Port Adelaide Power,13.666666666666666,11.4,12.3,0.6666666666666666,0.6,0.8,79.0,68.8,71.6,57,H,0.4,1.0,7.0
46275,Richmond Tigers,7.0,7.0,7.0,,,,38.0,38.0,38.0,1,A,0.0,5.0,6.0
44032,Adelaide Crows,14.0,14.2,12.2,0.3333333333333333,0.8,1.1,54.333333333333336,58.0,54.2,70,A,0.4,5.0,7.0
45245,Essendon Bombers,8.333333333333334,8.5,10.25,1.3333333333333333,1.4,1.4,37.0,38.8,51.9,114,A,0.4,1.0,6.0
43984,West Coast Eagles,10.333333333333334,10.2,11.0,1.6666666666666667,1.6,1.3,61.0,59.6,58.3,77,H,0.2,2.0,6.0
45366,Sydney Swans,10.0,11.8,13.1,,,,35.333333333333336,38.0,47.0,198,H,0.6,3.0,7.0
44815,Geelong Cats,8.333333333333334,9.2,10.1,1.0,0.8,1.0,46.0,50.8,59.4,134,A,0.8,1.0,8.0
44200,Hawthorn Hawks,16.5,16.5,16.5,0.5,0.5,0.5,83.0,83.0,83.0,2,A,0.2,6.0,6.0
46163,Hawthorn Hawks,16.5,16.5,16.5,1.0,1.0,1.0,83.0,83.0,83.0,2,A,0.2,6.0,6.0
45925,Port Adelaide Power,13.0,12.4,12.9,1.6666666666666667,2.0,2.3333333333333335,62.0,60.6,69.9,254,A,0.6,3.0,7.0
44537,Hawthorn Hawks,12.333333333333334,13.6,14.9,1.6666666666666667,1.4,0.7,64.66666666666667,68.4,69.0,21,A,0.0,7.0,7.0
45396,Adelaide Crows,9.666666666666666,9.6,6.5,1.5,1.75,2.0,73.66666666666667,76.4,62.8,176,H,0.0,3.0,8.0
45642,St Kilda Saints,7.333333333333333,8.6,8.5,,,,41.0,45.0,48.9,239,H,0.8,1.0,10.0
44101,Melbourne Demons,13.0,13.0,13.0,1.0,1.0,1.0,63.0,63.0,63.0,1,H,0.6,5.0,8.0
46141,Melbourne Demons,13.0,13.0,13.0,1.0,1.0,1.0,63.0,63.0,63.0,1,H,0.6,5.0,8.0
45023,Hawthorn Hawks,8.0,8.2,9.0,0.0,0.0,0.2,24.0,26.0,34.7,19,A,0.0,5.0,8.0
45316,Western Bulldogs,17.333333333333332,18.2,17.11111111111111,1.0,1.0,1.0,75.33333333333333,79.2,70.4,324,A,0.8,1.0,6.0
45777,Collingwood Magpies,20.0,17.4,18.1,1.0,1.0,1.0,80.66666666666667,69.4,66.8,245,A,0.8,1.0,8.0
44714,Richmond Tigers,8.333333333333334,8.8,12.0,0.3333333333333333,0.4,0.4,47.333333333333336,46.8,59.0,110,A,0.0,8.0,7.0
46242,North Melbourne Kangaroos,10.0,10.0,10.0,,,,58.0,58.0,58.0,1,A,0.6,4.0,8.0
44626,North Melbourne Kangaroos,10.0,10.0,10.0,0.0,0.0,0.0,58.0,58.0,58.0,1,A,0.6,4.0,8.0
44621,Sydney Swans,10.666666666666666,12.0,11.0,0.0,0.4,0.3333333333333333,41.666666666666664,48.8,44.333333333333336,6,A,0.4,2.0,8.0
45880,Richmond Tigers,12.333333333333334,11.4,12.1,,1.0,1.0,57.666666666666664,52.8,59.9,196,H,0.2,2.0,6.0
43287,Carlton Blues,13.0,13.5,13.11111111111111,0.0,0.0,0.0,62.666666666666664,58.6,53.6,16,H,0.6,3.0,6.0
45501,Adelaide Crows,18.0,21.0,22.3,,,,77.33333333333333,88.2,89.7,320,H,0.4,8.0,7.0
43459,Carlton Blues,6.333333333333333,7.6,9.4,0.3333333333333333,0.2,0.2,56.666666666666664,57.6,58.7,22,A,0.8,1.0,6.0
43342,Collingwood Magpies,11.0,10.8,12.833333333333334,0.3333333333333333,0.2,0.16666666666666666,64.0,60.4,70.66666666666667,6,A,0.6,1.0,8.0
43310,Essendon Bombers,11.333333333333334,11.8,13.3,0.0,0.2,0.3,57.0,53.4,60.2,16,A,0.6,2.0,6.0
44566,Hawthorn Hawks,9.0,11.4,13.1,1.3333333333333333,1.2,0.6,40.0,48.2,51.8,12,H,1.0,2.0,14.0
46298,Essendon Bombers,,,,,,,,,,0,A,0.4,3.0,15.0
44954,Essendon Bombers,,,,,,,,,,0,A,0.4,3.0,15.0
44711,Sydney Swans,11.333333333333334,9.6,11.1,1.3333333333333333,0.8,0.8,57.333333333333336,50.0,55.6,67,A,0.4,3.0,8.0
45733,Adelaide Crows,13.0,15.75,18.444444444444443,1.5,1.5,1.5,55.666666666666664,69.0,68.4,339,H,0.8,2.0,6.0
45549,Adelaide Crows,29.333333333333332,27.6,25.5,1.0,1.0,1.0,112.33333333333333,106.6,96.1,274,H,0.8,2.0,6.0
43992,Port Adelaide Power,4.333333333333333,6.4,7.0,0.3333333333333333,0.2,0.3,50.333333333333336,46.6,47.6,49,A,0.0,5.0,8.0
45409,Port Adelaide Power,6.666666666666667,9.2,10.222222222222221,1.0,1.0,1.5,46.0,59.2,54.8,206,H,0.0,6.0,8.0
43562,Brisbane Lions,10.666666666666666,11.8,12.7,0.6666666666666666,0.6,0.7,54.0,57.0,58.1,105,H,0.0,8.0,7.0
45513,Brisbane Lions,2.3333333333333335,2.0,2.7142857142857144,2.0,1.8,2.7,44.666666666666664,42.8,48.1,203,H,0.0,8.0,7.0
44156,Carlton Blues,14.666666666666666,15.8,14.4,0.0,0.0,0.1,68.66666666666667,68.4,65.9,45,A,0.4,4.0,7.0
43819,Carlton Blues,12.666666666666666,12.8,12.7,1.3333333333333333,0.8,1.3,66.0,65.6,64.6,98,A,0.4,4.0,7.0
44318,North Melbourne Kangaroos,12.0,13.2,13.8,0.0,0.0,0.1,59.666666666666664,59.2,55.3,41,A,0.4,3.0,8.0
44971,North Melbourne Kangaroos,10.333333333333334,11.8,10.7,0.0,0.4,0.2,49.0,57.8,51.9,10,A,0.4,3.0,8.0
44540,Hawthorn Hawks,14.333333333333334,14.0,16.11111111111111,0.6666666666666666,0.6,1.0,63.666666666666664,58.4,69.1,13,A,0.4,4.0,7.0
44173,West Coast Eagles,15.333333333333334,15.2,14.6,0.0,0.0,0.0,60.666666666666664,57.2,54.5,101,H,0.2,8.0,6.0
45069,Hawthorn Hawks,8.0,9.4,9.2,0.3333333333333333,0.2,0.1,61.666666666666664,64.8,58.4,84,A,0.4,4.0,7.0
44465,Collingwood Magpies,11.0,9.8,9.666666666666666,1.0,1.4,1.2,57.333333333333336,58.2,57.0,167,A,1.0,1.0,6.0
45816,Collingwood Magpies,4.333333333333333,4.4,5.9,,,,14.333333333333334,19.0,24.0,232,A,1.0,1.0,6.0
45681,Collingwood Magpies,15.333333333333334,13.75,15.333333333333334,1.0,1.5,1.5,71.33333333333333,77.8,78.4,226,A,1.0,1.0,6.0
44043,Richmond Tigers,7.0,7.0,7.0,0.5,0.5,0.5,40.5,40.5,40.5,2,A,0.4,7.0,6.0
46133,Richmond Tigers,7.0,7.0,7.0,1.0,1.0,1.0,40.5,40.5,40.5,2,A,0.4,7.0,6.0
45629,Brisbane Lions,19.0,19.8,22.7,,,,74.0,75.4,86.8,208,H,0.2,6.0,8.0
46131,St Kilda Saints,8.0,8.0,8.0,,,,37.5,37.5,37.5,2,H,0.4,2.0,6.0
45303,Adelaide Crows,10.0,10.0,10.0,0.0,0.0,0.0,36.0,36.0,36.0,1,A,0.4,7.0,6.0
44835,Fremantle Dockers,5.0,5.5,5.5,0.6666666666666666,0.5,0.5,27.0,32.0,32.0,4,A,0.4,4.0,7.0
46374,Adelaide Crows,10.0,10.0,10.0,,,,36.0,36.0,36.0,1,A,0.4,7.0,6.0
44038,St Kilda Saints,8.0,8.0,8.0,0.0,0.0,0.0,37.5,37.5,37.5,2,H,0.4,2.0,6.0
44560,Fremantle Dockers,4.0,5.4,5.8,1.0,1.2,1.1,26.666666666666668,37.4,36.1,47,A,0.4,4.0,7.0
44661,St Kilda Saints,13.333333333333334,12.6,11.9,0.0,0.0,0.2,62.666666666666664,57.0,56.1,65,H,0.4,2.0,6.0
43733,Fremantle Dockers,15.0,13.25,17.555555555555557,0.0,0.0,0.0,47.0,43.6,63.3,100,A,0.4,4.0,7.0
44894,Brisbane Lions,12.0,11.8,11.2,0.0,0.0,0.1,56.0,55.4,49.8,74,A,0.2,5.0,7.0
44583,Essendon Bombers,10.0,9.4,8.8,1.0,1.2,1.2,44.333333333333336,46.6,45.7,27,H,0.4,4.0,9.0
45225,North Melbourne Kangaroos,11.0,11.0,11.0,0.0,0.0,0.0,57.0,57.0,57.0,1,A,0.4,1.0,7.0
44741,Essendon Bombers,11.0,12.2,11.5,0.3333333333333333,0.4,0.2857142857142857,41.666666666666664,50.8,49.142857142857146,7,H,0.4,4.0,9.0
46351,North Melbourne Kangaroos,11.0,11.0,11.0,,,,57.0,57.0,57.0,1,A,0.4,1.0,7.0
45579,Fremantle Dockers,16.666666666666668,15.6,15.2,2.3333333333333335,1.8,1.5555555555555556,79.0,75.6,70.7,207,H,0.2,1.0,6.0
44680,Hawthorn Hawks,13.333333333333334,11.6,12.125,1.0,0.6,0.9,75.66666666666667,67.4,63.7,16,H,0.4,6.0,7.0
44493,St Kilda Saints,16.0,16.0,16.0,0.0,0.0,0.0,64.0,64.0,64.0,1,A,0.6,3.0,7.0
44363,Essendon Bombers,13.0,13.0,13.0,1.0,1.0,1.0,53.0,53.0,53.0,1,A,0.4,8.0,6.0
46216,St Kilda Saints,16.0,16.0,16.0,,,,64.0,64.0,64.0,1,A,0.6,3.0,7.0
44079,Hawthorn Hawks,10.5,9.25,8.333333333333334,1.3333333333333333,1.2,0.9,59.0,54.2,45.9,53,H,0.4,6.0,7.0
46197,Essendon Bombers,13.0,13.0,13.0,1.0,1.0,1.0,53.0,53.0,53.0,1,A,0.4,8.0,6.0
46255,Hawthorn Hawks,13.333333333333334,11.6,12.0,1.5,1.5,1.5,75.66666666666667,67.4,63.7,16,H,0.4,6.0,7.0
45257,West Coast Eagles,11.0,10.8,10.5,1.6666666666666667,1.6,1.6666666666666667,64.0,60.8,59.833333333333336,6,A,0.0,10.0,6.0
46161,West Coast Eagles,13.0,13.0,13.0,,,,50.0,50.0,50.0,1,A,0.0,10.0,6.0
44737,Brisbane Lions,10.666666666666666,12.0,12.222222222222221,1.0,0.8,0.7,55.0,56.0,52.7,28,H,0.4,8.0,6.0
44182,West Coast Eagles,13.0,13.0,13.0,0.0,0.0,0.0,50.0,50.0,50.0,1,A,0.0,10.0,6.0
46318,Richmond Tigers,8.333333333333334,8.333333333333334,8.333333333333334,1.0,1.0,1.0,47.333333333333336,47.333333333333336,47.333333333333336,3,H,0.2,4.0,8.0
45070,Richmond Tigers,8.333333333333334,8.333333333333334,8.333333333333334,1.0,1.0,1.0,47.333333333333336,47.333333333333336,47.333333333333336,3,H,0.2,4.0,8.0
43991,North Melbourne Kangaroos,21.333333333333332,19.6,15.9,0.0,0.0,0.3,83.33333333333333,75.8,62.6,140,A,0.4,1.0,7.0
45445,Richmond Tigers,24.0,24.2,23.7,1.5,1.25,1.2,91.33333333333333,87.2,81.9,269,H,0.2,4.0,8.0
44177,North Melbourne Kangaroos,11.666666666666666,13.4,12.4,1.0,1.4,1.4,65.0,73.6,68.5,156,A,0.4,1.0,7.0
44579,Port Adelaide Power,16.666666666666668,15.2,14.2,0.0,0.0,0.0,61.666666666666664,57.8,54.2,50,A,0.8,2.0,7.0
44482,Port Adelaide Power,10.333333333333334,10.0,10.3,0.0,0.2,0.3,53.0,51.8,46.1,25,A,0.8,2.0,7.0
43401,Geelong Cats,10.333333333333334,9.4,10.6,0.0,0.0,0.0,41.666666666666664,38.0,45.4,98,H,0.8,1.0,6.0
44950,Hawthorn Hawks,10.333333333333334,8.6,11.0,0.0,0.0,0.1,61.333333333333336,53.6,66.2,59,A,0.6,4.0,7.0
43509,Western Bulldogs,14.666666666666666,15.8,14.1,0.0,0.0,0.0,56.333333333333336,60.4,54.2,33,A,0.6,2.0,7.0
43961,Carlton Blues,15.0,17.2,16.9,0.3333333333333333,0.2,0.1,65.33333333333333,69.4,61.8,65,A,0.4,2.0,9.0
45585,Fremantle Dockers,9.0,9.75,14.11111111111111,2.0,2.0,1.75,50.333333333333336,55.0,70.6,165,A,0.4,2.0,6.0
45381,Sydney Swans,6.666666666666667,10.0,10.8,2.6666666666666665,3.6,3.3,51.0,73.0,73.2,230,A,1.0,1.0,6.0
45646,Sydney Swans,18.333333333333332,20.4,16.8,2.0,2.0,1.3333333333333333,65.66666666666667,69.0,65.0,240,A,1.0,1.0,6.0
45498,Western Bulldogs,15.666666666666666,16.0,18.2,3.0,2.5,1.5,67.0,66.6,78.1,276,A,0.4,2.0,7.0
45562,Western Bulldogs,14.0,12.8,16.0,1.0,1.0,1.0,60.0,54.2,66.1,180,A,0.4,2.0,7.0
45624,Western Bulldogs,14.0,13.8,16.2,,1.0,1.1666666666666667,57.333333333333336,59.8,72.3,363,A,0.4,2.0,7.0
43776,St Kilda Saints,11.0,13.2,11.4,0.0,0.6,0.3,35.666666666666664,50.8,47.8,32,A,0.6,2.0,7.0
45040,Sydney Swans,,,,,,,,,,0,A,0.8,1.0,197.0
46314,Sydney Swans,,,,,,,,,,0,A,0.8,1.0,197.0
45997,St Kilda Saints,,,,,,,,,,0,H,0.4,1.0,7.0
43299,St Kilda Saints,,,,,,,,,,0,H,0.4,1.0,7.0
44296,Gold Coast Suns,,,,,,,,,,0,H,,6.0,
46183,Gold Coast Suns,,,,,,,,,,0,H,,6.0,
45014,Adelaide Crows,23.0,19.6,18.6,0.3333333333333333,0.4,0.2,96.33333333333333,84.6,82.9,143,H,0.6,3.0,14.0
44126,Port Adelaide Power,11.5,11.5,11.5,1.5,1.5,1.5,55.5,55.5,55.5,2,A,0.6,5.0,8.0
46146,Port Adelaide Power,,,,1.5,1.5,1.5,55.5,55.5,55.5,2,A,0.6,5.0,8.0
46154,St Kilda Saints,,,,,,,,,,0,A,0.2,1.0,9.0
44957,St Kilda Saints,14.0,14.0,14.0,0.0,0.0,0.0,56.0,56.0,56.0,2,A,0.2,1.0,9.0
46300,St Kilda Saints,14.0,14.0,14.0,,,,56.0,56.0,56.0,2,A,0.2,1.0,9.0
44162,St Kilda Saints,,,,,,,,,,0,A,0.2,1.0,9.0
46345,West Coast Eagles,,,,,,,,,,0,A,0.6,2.0,10.0
45202,West Coast Eagles,,,,,,,,,,0,A,0.6,2.0,10.0
43725,Collingwood Magpies,7.666666666666667,8.4,9.4,0.6666666666666666,1.2,1.3,36.333333333333336,45.8,50.5,26,A,1.0,1.0,12.0
45273,Melbourne Demons,13.5,11.25,11.0,1.3333333333333333,1.0,1.1,65.33333333333333,62.0,60.3,30,A,0.6,2.0,6.0
44580,Richmond Tigers,8.333333333333334,10.0,10.0,0.6666666666666666,0.6,0.4,39.666666666666664,41.8,42.3,22,A,0.6,3.0,8.0
44513,Western Bulldogs,9.333333333333334,10.8,14.0,1.0,1.0,0.8,40.0,46.0,58.7,16,A,0.4,5.0,7.0
44595,Melbourne Demons,11.666666666666666,12.4,12.0,1.3333333333333333,0.8,0.9,67.66666666666667,68.6,66.2,27,H,0.4,2.0,6.0
45269,St Kilda Saints,9.0,9.0,9.0,0.0,0.0,0.0,33.0,33.0,33.0,1,A,0.4,5.0,7.0
46366,St Kilda Saints,9.0,9.0,9.0,,,,33.0,33.0,33.0,1,A,0.4,5.0,7.0
43611,Adelaide Crows,13.0,12.5,15.222222222222221,0.3333333333333333,0.2,0.2,44.333333333333336,43.6,49.9,13,H,0.4,4.0,7.0
43318,Brisbane Lions,11.0,10.6,10.3,0.0,0.0,0.1,50.666666666666664,44.4,46.3,14,A,0.4,6.0,8.0
43598,Brisbane Lions,14.0,14.6,12.5,0.6666666666666666,0.4,0.3,54.0,53.8,46.9,26,H,0.4,7.0,6.0
43916,Richmond Tigers,13.666666666666666,13.666666666666666,13.666666666666666,0.0,0.0,0.0,50.0,50.0,50.0,3,H,0.4,4.0,7.0
44868,Adelaide Crows,11.666666666666666,13.6,15.88888888888889,0.6666666666666666,0.4,0.2,41.333333333333336,49.2,57.8,19,A,0.0,5.0,9.0
43384,Sydney Swans,9.333333333333334,8.6,11.1,0.6666666666666666,0.8,1.0,50.666666666666664,48.8,58.8,128,A,0.6,3.0,7.0
44446,North Melbourne Kangaroos,7.666666666666667,9.4,10.8,0.3333333333333333,1.0,1.6,40.0,49.8,63.9,47,H,0.8,3.0,7.0
44500,Hawthorn Hawks,12.0,12.0,12.0,0.0,0.0,0.0,41.0,41.0,41.0,2,H,0.6,1.0,6.0
44062,Richmond Tigers,10.0,11.25,11.11111111111111,0.0,0.0,0.4,34.666666666666664,40.4,44.5,26,A,0.2,4.0,7.0
44524,Sydney Swans,8.0,10.2,12.555555555555555,0.3333333333333333,0.2,0.5,37.0,44.8,53.0,67,A,0.4,2.0,7.0
43456,Richmond Tigers,11.0,11.0,9.5,0.0,0.2,0.2,50.666666666666664,58.2,48.7,11,H,0.2,6.0,7.0
44068,Geelong Cats,14.0,16.0,17.333333333333332,0.0,0.0,0.2,42.333333333333336,51.2,58.9,21,A,0.6,1.0,9.0
44014,Fremantle Dockers,10.666666666666666,12.8,13.9,0.0,0.0,0.1,48.666666666666664,57.8,57.2,127,A,0.6,3.0,15.0
44988,North Melbourne Kangaroos,12.0,12.0,12.875,0.3333333333333333,0.4,0.6666666666666666,36.666666666666664,42.2,48.111111111111114,9,H,0.6,5.0,7.0
44525,Adelaide Crows,1.3333333333333333,4.8,4.5,0.3333333333333333,0.2,0.2,32.0,45.4,50.4,20,A,0.2,2.0,7.0
44282,Gold Coast Suns,7.0,7.0,7.0,0.0,0.0,0.0,21.333333333333332,21.333333333333332,21.333333333333332,3,H,0.2,7.0,7.0
46180,Gold Coast Suns,6.333333333333333,6.333333333333333,6.333333333333333,,,,21.333333333333332,21.333333333333332,21.333333333333332,3,H,0.2,7.0,7.0
45129,Carlton Blues,9.0,9.0,9.0,1.0,1.0,1.0,60.0,60.0,60.0,1,A,0.4,2.0,7.0
46328,Carlton Blues,9.0,9.0,9.0,1.0,1.0,1.0,60.0,60.0,60.0,1,A,0.4,2.0,7.0
45138,North Melbourne Kangaroos,17.0,14.75,15.222222222222221,0.6666666666666666,0.4,0.3,62.666666666666664,55.2,58.7,40,H,0.6,2.0,6.0
44549,Western Bulldogs,4.0,4.0,4.0,0.0,0.0,0.0,16.0,16.0,16.0,2,H,0.6,7.0,7.0
46225,Western Bulldogs,4.0,4.0,4.0,,,,16.0,16.0,16.0,2,H,0.6,7.0,7.0
44735,Essendon Bombers,21.0,21.0,18.7,0.3333333333333333,0.2,0.3,78.0,79.4,76.3,60,A,0.6,2.0,8.0
43863,St Kilda Saints,13.666666666666666,13.6,12.3,0.6666666666666666,1.4,1.1,64.66666666666667,67.8,61.2,34,H,1.0,1.0,6.0
43998,Gold Coast Suns,16.0,16.0,18.3,0.0,0.2,0.2,62.0,59.4,67.2,159,A,0.2,7.0,7.0
44822,Essendon Bombers,19.0,19.0,19.0,0.0,0.0,0.0,55.0,55.0,55.0,1,H,0.6,5.0,6.0
43683,Port Adelaide Power,5.666666666666667,8.8,10.9,1.3333333333333333,1.2,1.2,35.0,48.2,55.2,27,H,0.0,8.0,6.0
46159,Gold Coast Suns,17.0,17.75,17.75,,,,62.666666666666664,60.0,60.0,5,A,0.2,7.0,7.0
46278,Essendon Bombers,19.0,19.0,19.0,,,,55.0,55.0,55.0,1,H,0.6,5.0,6.0
45605,Carlton Blues,10.333333333333334,11.6,14.3,,,2.5,32.666666666666664,40.4,55.3,200,H,0.6,3.0,8.0
44688,Port Adelaide Power,10.666666666666666,9.2,10.7,0.0,0.0,0.0,45.0,41.8,47.0,102,H,0.0,8.0,6.0
44170,Gold Coast Suns,17.0,17.0,17.0,0.0,0.0,0.0,62.666666666666664,60.0,60.0,5,A,0.2,7.0,7.0
46083,Brisbane Lions,,,,,,,,,,0,H,0.2,6.0,15.0
46273,North Melbourne Kangaroos,9.666666666666666,9.8,11.857142857142858,,,,44.0,39.8,45.0,7,A,0.4,3.0,9.0
43768,Brisbane Lions,,,,,,,,,,0,H,0.2,6.0,15.0
44776,North Melbourne Kangaroos,9.666666666666666,9.8,11.857142857142858,0.0,0.0,0.0,44.0,39.8,45.0,7,A,0.4,3.0,9.0
44995,Western Bulldogs,11.0,11.5,10.666666666666666,1.0,0.6,0.3,47.333333333333336,56.6,47.9,20,H,0.4,5.0,14.0
44853,Port Adelaide Power,16.666666666666668,14.4,13.1,0.0,0.0,0.0,61.0,50.8,48.3,20,A,0.0,8.0,7.0
45757,Geelong Cats,16.333333333333332,14.2,12.4,4.0,4.0,2.6,90.33333333333333,75.4,62.5,220,A,0.8,1.0,8.0
46072,Gold Coast Suns,3.6666666666666665,3.6666666666666665,3.6666666666666665,1.0,1.0,1.0,41.666666666666664,41.666666666666664,41.666666666666664,3,H,0.2,8.0,7.0
43705,Gold Coast Suns,8.0,8.0,8.0,0.3333333333333333,0.3333333333333333,0.3333333333333333,41.666666666666664,41.666666666666664,41.666666666666664,3,H,0.2,8.0,7.0
45327,St Kilda Saints,10.666666666666666,11.4,11.1,1.0,1.0,1.0,48.333333333333336,48.2,48.6,202,A,0.8,1.0,9.0
44478,Sydney Swans,6.666666666666667,8.4,10.2,0.6666666666666666,0.4,0.5,32.0,37.4,42.0,15,A,0.4,4.0,6.0
44633,Richmond Tigers,12.666666666666666,12.666666666666666,12.666666666666666,0.0,0.0,0.0,41.0,41.0,41.0,3,A,0.4,2.0,7.0
45213,Essendon Bombers,4.0,8.2,11.7,0.6666666666666666,0.4,0.3,26.666666666666668,35.8,54.4,161,H,0.4,1.0,8.0
43264,Gold Coast Suns,4.0,3.8,3.4,1.0,1.4,1.3,47.666666666666664,49.2,44.1,33,A,0.0,5.0,8.0
44455,Melbourne Demons,13.666666666666666,13.666666666666666,13.666666666666666,0.3333333333333333,0.3333333333333333,0.3333333333333333,59.666666666666664,59.666666666666664,59.666666666666664,3,H,0.0,2.0,7.0
45748,Geelong Cats,22.333333333333332,17.4,18.4,1.0,1.0,1.0,83.0,66.4,69.8,291,A,0.8,2.0,6.0
46285,Western Bulldogs,14.0,12.4,12.0,,,,52.666666666666664,45.6,42.833333333333336,6,H,0.2,7.0,7.0
43343,Western Bulldogs,17.0,17.0,16.0,0.3333333333333333,0.6,0.6,57.0,67.6,64.9,33,H,0.2,7.0,7.0
44160,Hawthorn Hawks,8.666666666666666,9.4,10.0,0.3333333333333333,0.6,0.5,44.333333333333336,48.0,49.1,69,A,1.0,1.0,7.0
45540,St Kilda Saints,6.666666666666667,8.8,10.1,1.0,1.0,1.0,46.666666666666664,57.0,61.5,180,A,0.6,4.0,7.0
46293,Fremantle Dockers,,,,,,,,,,0,A,0.0,6.0,8.0
43478,Fremantle Dockers,11.0,11.0,11.0,0.0,0.0,0.0,49.0,49.0,49.0,1,A,0.0,6.0,8.0
44874,Western Bulldogs,14.0,12.4,12.0,0.0,0.0,0.0,52.666666666666664,45.6,42.833333333333336,6,H,0.2,7.0,7.0
43411,Fremantle Dockers,8.333333333333334,8.333333333333334,8.333333333333334,1.0,1.0,1.0,43.0,43.0,43.0,3,A,0.0,6.0,8.0
44866,Fremantle Dockers,12.0,13.2,16.7,0.3333333333333333,0.2,0.2,47.666666666666664,50.2,62.3,128,A,0.0,6.0,8.0
44059,Fremantle Dockers,11.666666666666666,10.8,12.0,0.0,0.4,0.2,52.333333333333336,53.0,49.5,21,A,0.0,6.0,8.0
44771,Brisbane Lions,5.333333333333333,5.8,6.888888888888889,0.0,0.2,0.6,27.666666666666668,31.2,37.8,10,A,0.2,9.0,7.0
45563,Western Bulldogs,13.333333333333334,12.8,10.4,5.333333333333333,5.2,4.444444444444445,95.0,91.0,73.6,288,H,0.2,7.0,7.0
44246,Hawthorn Hawks,8.0,11.0,14.6,0.3333333333333333,0.2,0.3,44.666666666666664,51.6,62.4,124,A,1.0,1.0,7.0
46269,Brisbane Lions,5.333333333333333,5.8,7.4,,1.0,1.5,27.666666666666668,31.2,37.8,10,A,0.2,9.0,7.0
44925,Fremantle Dockers,,,,,,,,,,0,A,0.0,6.0,8.0
46030,Fremantle Dockers,11.0,11.0,11.0,,,,49.0,49.0,49.0,1,A,0.0,6.0,8.0
43806,Richmond Tigers,12.0,11.5,12.0,0.0,0.4,0.4,44.666666666666664,42.8,48.7,30,H,0.6,2.0,7.0
45099,Richmond Tigers,11.5,11.5,10.777777777777779,0.0,0.0,0.0,40.666666666666664,43.6,42.6,76,H,0.6,2.0,7.0
44728,North Melbourne Kangaroos,11.5,16.75,17.625,0.0,0.0,0.0,60.0,70.0,72.0,118,A,0.4,1.0,8.0
45824,North Melbourne Kangaroos,16.666666666666668,14.6,17.0,2.0,2.0,2.0,68.66666666666667,56.8,66.6,244,A,0.4,1.0,8.0
43340,Port Adelaide Power,17.333333333333332,16.2,14.2,1.6666666666666667,1.4,1.0,84.33333333333333,79.4,63.7,18,H,0.0,4.0,7.0
44541,Port Adelaide Power,16.666666666666668,16.4,14.6,0.3333333333333333,0.4,1.3,63.666666666666664,60.6,63.6,129,H,0.0,4.0,7.0
44852,Port Adelaide Power,18.0,17.6,17.555555555555557,0.3333333333333333,0.2,0.2,68.66666666666667,69.4,67.8,120,H,0.0,4.0,7.0
44218,Sydney Swans,15.0,14.0,13.333333333333334,0.0,0.0,0.0,48.333333333333336,45.4,47.4,196,A,0.8,2.0,6.0
44600,West Coast Eagles,13.666666666666666,11.6,12.5,2.0,1.8,2.1,63.666666666666664,55.2,61.1,111,A,0.8,2.0,7.0
45469,Collingwood Magpies,25.666666666666668,27.2,24.9,1.0,1.5,1.2,95.0,104.2,99.4,224,H,0.8,1.0,8.0
45788,Geelong Cats,13.333333333333334,12.8,13.0,2.0,1.5,1.1666666666666667,81.66666666666667,81.8,82.7,244,A,0.8,2.0,7.0
45388,Collingwood Magpies,9.333333333333334,12.4,13.3,1.0,1.0,1.1666666666666667,44.666666666666664,53.2,64.6,245,H,0.8,1.0,8.0
45674,Geelong Cats,17.666666666666668,19.8,21.3,,3.0,1.4,74.66666666666667,84.2,83.9,245,A,0.8,2.0,7.0
44827,Collingwood Magpies,11.0,9.6,9.6,0.3333333333333333,0.2,0.2,43.333333333333336,37.2,37.2,5,A,0.6,1.0,181.0
44664,St Kilda Saints,18.5,17.0,19.333333333333332,0.0,0.0,0.3,66.33333333333333,61.4,73.4,117,A,0.4,1.0,204.0
45530,Gold Coast Suns,15.333333333333334,15.4,15.1,2.0,1.3333333333333333,1.4,73.0,68.4,72.1,217,A,0.0,9.0,7.0
45390,Hawthorn Hawks,17.5,18.25,18.22222222222222,,,1.0,71.0,71.8,74.7,233,A,0.6,4.0,6.0
44911,Brisbane Lions,9.666666666666666,9.0,10.666666666666666,0.3333333333333333,0.6,0.7,38.333333333333336,50.4,54.5,42,H,0.4,1.0,7.0
44399,Hawthorn Hawks,13.0,13.0,13.0,0.3333333333333333,0.2,0.2,70.0,65.2,65.2,5,H,0.4,4.0,8.0
46205,Hawthorn Hawks,13.0,13.0,13.0,1.0,1.0,1.0,70.0,65.2,65.2,5,H,0.4,4.0,8.0
46018,Hawthorn Hawks,7.0,7.0,7.0,,,,18.0,18.0,18.0,1,A,0.4,7.0,6.0
43420,Hawthorn Hawks,2.0,2.0,2.0,0.0,0.0,0.0,18.0,18.0,18.0,1,A,0.4,7.0,6.0
46229,West Coast Eagles,,,,,,,,,,0,A,1.0,1.0,6.0
46369,Collingwood Magpies,,,,,,,8.0,8.0,8.0,1,A,0.8,5.0,8.0
44887,Sydney Swans,12.333333333333334,12.4,12.444444444444445,0.0,0.0,0.2,77.66666666666667,73.8,77.3,119,A,0.8,2.0,7.0
45290,Collingwood Magpies,0.0,0.0,0.0,0.0,0.0,0.0,8.0,8.0,8.0,1,A,0.8,5.0,8.0
44587,West Coast Eagles,,,,,,,,,,0,A,1.0,1.0,6.0
44695,Port Adelaide Power,13.666666666666666,12.75,10.11111111111111,1.3333333333333333,1.0,0.8,70.66666666666667,64.2,49.5,13,A,0.0,4.0,7.0
44195,Melbourne Demons,9.333333333333334,9.8,11.4,2.3333333333333335,2.0,1.9,58.666666666666664,57.0,64.7,35,A,0.0,9.0,8.0
45183,North Melbourne Kangaroos,5.0,8.0,9.8,0.3333333333333333,1.0,1.0,29.666666666666668,49.2,53.3,28,A,0.4,5.0,6.0
43350,Melbourne Demons,15.666666666666666,13.6,13.0,0.3333333333333333,0.2,0.1,80.33333333333333,70.0,61.9,102,A,0.0,9.0,8.0
45738,Essendon Bombers,8.333333333333334,11.8,14.1,1.0,1.0,1.0,33.0,45.6,55.4,231,A,0.8,1.0,7.0
45932,Fremantle Dockers,10.0,9.0,12.1,,,4.0,38.666666666666664,37.8,48.9,31,A,0.6,2.0,8.0
43378,Fremantle Dockers,10.0,9.5,12.285714285714286,0.0,0.0,0.4,38.666666666666664,37.8,48.9,31,A,0.6,2.0,8.0
43294,Fremantle Dockers,8.666666666666666,10.4,9.444444444444445,1.0,0.6,0.3,37.0,42.2,41.6,50,H,0.4,4.0,6.0
46331,Collingwood Magpies,5.0,5.0,5.0,,,,17.5,17.5,17.5,2,H,1.0,2.0,8.0
45135,Collingwood Magpies,5.0,5.0,5.0,0.0,0.0,0.0,17.5,17.5,17.5,2,H,1.0,2.0,8.0
46286,Greater Western Sydney Giants,,,,,,,,,,0,H,0.2,3.0,14.0
44880,Greater Western Sydney Giants,,,,,,,,,,0,H,0.2,3.0,14.0
44709,Fremantle Dockers,9.333333333333334,8.0,11.11111111111111,0.0,0.2,0.2222222222222222,37.666666666666664,33.0,43.888888888888886,9,A,0.2,6.0,7.0
44495,Richmond Tigers,11.0,10.2,9.4,1.0,1.4,1.5,62.666666666666664,60.6,55.3,156,A,0.6,6.0,14.0
44124,Gold Coast Suns,23.666666666666668,25.0,23.11111111111111,0.0,0.0,0.3,80.33333333333333,87.8,88.5,32,A,0.0,10.0,14.0
43608,Richmond Tigers,15.0,14.2,18.8,1.0,0.6,0.3,61.666666666666664,57.4,75.8,28,A,0.6,6.0,14.0
43559,St Kilda Saints,12.666666666666666,14.0,15.7,0.3333333333333333,0.2,0.1,47.666666666666664,52.8,58.2,84,H,0.4,2.0,16.0
45044,Port Adelaide Power,10.0,12.0,12.4,0.0,0.0,0.1,35.666666666666664,44.2,51.1,120,H,0.4,9.0,6.0
44435,Adelaide Crows,,,,,,,,,,0,A,0.6,1.0,7.0
45020,Brisbane Lions,16.0,16.8,16.3,0.0,0.0,0.1,65.66666666666667,70.2,70.5,99,A,0.6,6.0,6.0
46210,Adelaide Crows,,,,,,,,,,0,A,0.6,1.0,7.0
45559,Fremantle Dockers,12.333333333333334,13.0,12.3,,1.0,1.0,42.666666666666664,51.2,48.5,201,H,0.2,3.0,8.0
44768,Essendon Bombers,12.666666666666666,10.4,10.777777777777779,1.3333333333333333,1.4,1.6,63.333333333333336,56.2,61.0,59,A,0.4,2.0,7.0
45197,Richmond Tigers,3.3333333333333335,4.4,10.1,0.3333333333333333,0.2,0.3,17.333333333333332,22.4,39.0,15,H,0.6,4.0,7.0
43918,Richmond Tigers,8.666666666666666,8.4,10.4,0.6666666666666666,0.4,0.4,71.33333333333333,61.8,69.7,47,H,0.6,4.0,7.0
43769,Essendon Bombers,14.666666666666666,17.8,19.9,0.3333333333333333,0.2,0.3,60.666666666666664,69.6,80.1,113,A,0.6,1.0,6.0
43423,Carlton Blues,12.333333333333334,15.8,14.0,0.0,0.2,0.1,54.666666666666664,73.4,63.1,69,A,0.2,5.0,8.0
45053,Adelaide Crows,10.0,16.0,14.9,0.0,0.0,0.0,42.0,66.0,58.3,79,A,0.8,1.0,7.0
43670,Carlton Blues,4.0,4.0,4.0,1.0,1.0,1.0,24.0,24.0,24.0,1,H,0.4,6.0,7.0
46063,Carlton Blues,4.0,4.0,4.0,1.0,1.0,1.0,24.0,24.0,24.0,1,H,0.4,6.0,7.0
44360,Richmond Tigers,10.666666666666666,10.4,9.2,0.3333333333333333,0.2,0.1,47.0,41.8,35.9,30,A,0.4,7.0,6.0
44523,Richmond Tigers,13.5,14.25,15.444444444444445,0.0,0.2,0.1,57.666666666666664,61.8,66.1,86,A,0.4,7.0,6.0
43479,Collingwood Magpies,12.666666666666666,14.25,17.444444444444443,0.3333333333333333,0.2,0.2,59.0,59.8,63.5,46,A,0.6,3.0,7.0
43888,Western Bulldogs,13.0,11.2,10.9,0.0,0.0,0.2,67.66666666666667,63.4,61.4,205,A,0.0,5.0,8.0
44717,St Kilda Saints,13.666666666666666,14.8,16.1,0.0,0.2,0.3,53.0,57.8,64.0,76,A,0.6,5.0,6.0
43959,Melbourne Demons,16.666666666666668,17.6,18.444444444444443,0.0,0.2,0.2,77.66666666666667,77.4,78.3,18,H,0.0,5.0,8.0
44953,Essendon Bombers,7.0,8.75,9.88888888888889,0.0,0.0,0.1,27.0,41.6,46.6,95,A,0.4,3.0,9.0
43599,Carlton Blues,20.0,18.0,15.0,1.0,1.0,0.6,82.0,73.2,63.9,35,H,0.6,4.0,8.0
45052,West Coast Eagles,10.5,14.0,15.444444444444445,0.0,0.2,0.2,39.333333333333336,48.8,54.0,33,H,0.4,1.0,6.0
45976,Geelong Cats,14.666666666666666,13.6,15.0,,1.0,1.0,62.666666666666664,58.6,63.1,202,A,0.8,1.0,7.0
43338,Brisbane Lions,4.0,6.25,8.75,0.0,0.2,0.3,23.666666666666668,27.4,37.4,52,A,0.2,7.0,7.0
45287,Brisbane Lions,8.0,8.0,8.0,0.0,0.0,0.0,37.5,37.5,37.5,2,A,0.2,7.0,7.0
46368,Brisbane Lions,8.0,8.0,8.0,,,,37.5,37.5,37.5,2,A,0.2,7.0,7.0
43353,Melbourne Demons,9.333333333333334,12.0,13.777777777777779,0.6666666666666666,0.6,0.8,59.333333333333336,60.6,65.0,101,A,0.2,8.0,6.0
44078,Western Bulldogs,7.0,8.2,7.666666666666667,1.0,1.0,1.0,36.666666666666664,43.2,38.666666666666664,6,A,0.0,5.0,8.0
44917,Western Bulldogs,11.0,12.0,15.8,0.0,0.0,0.4,42.0,43.2,61.0,137,A,0.0,5.0,8.0
43994,Western Bulldogs,17.333333333333332,17.4,20.5,0.0,0.0,0.1,57.666666666666664,58.6,75.2,202,A,0.0,5.0,8.0
46178,Essendon Bombers,18.0,18.0,18.0,,,,76.0,76.0,76.0,1,H,0.2,4.0,6.0
43626,Melbourne Demons,12.5,12.5,12.5,0.0,0.0,0.0,58.5,58.5,58.5,2,A,0.2,9.0,7.0
44270,Essendon Bombers,,,,0.0,0.0,0.0,76.0,76.0,76.0,1,H,0.2,4.0,6.0
46059,Melbourne Demons,7.5,7.5,7.5,,,,58.5,58.5,58.5,2,A,0.2,9.0,7.0
45340,Hawthorn Hawks,13.333333333333334,12.2,11.8,,2.0,1.5,49.333333333333336,49.4,47.4,176,H,0.8,2.0,7.0
44460,Gold Coast Suns,10.666666666666666,9.2,8.0,0.6666666666666666,0.4,0.2,68.33333333333333,54.2,50.6,93,A,0.4,6.0,8.0
43616,Greater Western Sydney Giants,,,,,,,,,,0,A,0.2,9.0,7.0
46058,Greater Western Sydney Giants,,,,,,,,,,0,A,0.2,9.0,7.0
43744,Brisbane Lions,11.666666666666666,14.4,17.0,0.0,0.0,0.3,45.666666666666664,54.6,64.0,93,A,0.4,7.0,7.0
45110,Gold Coast Suns,-1.3333333333333333,-0.6,3.0,0.0,0.0,0.1,17.0,18.2,31.6,12,H,0.2,9.0,6.0
45555,Melbourne Demons,10.0,11.2,9.6,2.3333333333333335,2.4,2.2857142857142856,68.0,76.8,59.7,253,H,0.4,6.0,8.0
45032,West Coast Eagles,2.3333333333333335,4.8,7.3,0.0,0.6,0.8,30.0,43.4,54.6,12,A,0.8,2.0,6.0
45443,Greater Western Sydney Giants,20.333333333333332,20.4,19.4,1.0,1.3333333333333333,1.3333333333333333,85.33333333333333,83.2,76.2,254,H,0.2,10.0,7.0
45721,Greater Western Sydney Giants,6.0,8.5,10.88888888888889,1.0,1.0,1.0,40.333333333333336,53.6,65.3,263,H,0.2,10.0,7.0
45066,Gold Coast Suns,8.666666666666666,8.6,10.666666666666666,0.3333333333333333,0.2,0.1111111111111111,32.666666666666664,37.6,44.44444444444444,9,A,0.4,9.0,7.0
43574,Greater Western Sydney Giants,10.333333333333334,10.5,10.5,0.3333333333333333,0.25,0.25,47.666666666666664,45.75,45.75,4,H,0.2,10.0,7.0
46049,Greater Western Sydney Giants,10.333333333333334,10.5,10.5,1.0,1.0,1.0,47.666666666666664,45.75,45.75,4,H,0.2,10.0,7.0
45813,Greater Western Sydney Giants,22.333333333333332,22.8,19.8,,,,84.66666666666667,81.8,72.0,301,H,0.2,10.0,7.0
44349,Gold Coast Suns,10.5,8.25,8.666666666666666,0.6666666666666666,0.6,0.42857142857142855,41.333333333333336,36.0,36.0,7,A,0.4,9.0,7.0
43824,Gold Coast Suns,7.5,7.5,7.5,0.0,0.0,0.0,32.5,32.5,32.5,2,A,0.4,9.0,7.0
46329,Melbourne Demons,14.0,14.0,14.0,,,,46.0,46.0,46.0,1,A,0.4,8.0,6.0
43871,North Melbourne Kangaroos,22.0,19.666666666666668,14.375,1.0,0.8,0.6,72.66666666666667,76.2,60.1,31,A,0.8,5.0,6.0
43585,Gold Coast Suns,14.0,15.2,15.2,0.0,0.0,0.0,49.666666666666664,58.0,58.0,5,A,0.4,9.0,7.0
45130,Melbourne Demons,14.0,14.0,14.0,0.0,0.0,0.0,46.0,46.0,46.0,1,A,0.4,8.0,6.0
43834,Greater Western Sydney Giants,2.0,4.75,6.222222222222222,0.0,0.0,0.1,17.0,26.2,30.7,12,H,0.2,10.0,7.0
46101,Greater Western Sydney Giants,3.6666666666666665,5.2,6.3,,,1.0,17.0,26.2,30.7,12,H,0.2,10.0,7.0
46098,Gold Coast Suns,2.5,2.5,2.5,,,,32.5,32.5,32.5,2,A,0.4,9.0,7.0
46217,Carlton Blues,,,,,,,,,,0,H,0.6,1.0,8.0
44627,Carlton Blues,8.0,8.0,8.0,0.0,0.0,0.0,23.0,23.0,23.0,2,H,0.6,1.0,8.0
46203,Carlton Blues,,,,,,,,,,0,H,0.6,1.0,8.0
46256,Port Adelaide Power,9.0,11.5,13.333333333333334,,,1.0,38.666666666666664,47.0,52.0,22,A,0.0,5.0,8.0
44692,Port Adelaide Power,9.0,13.4,14.1,0.0,0.0,0.1,38.666666666666664,47.0,52.0,22,A,0.0,5.0,8.0
44507,Carlton Blues,,,,,,,,,,0,H,0.6,1.0,8.0
43773,Port Adelaide Power,11.666666666666666,11.0,11.2,1.3333333333333333,1.8,1.7,59.0,60.2,61.3,165,A,0.0,5.0,8.0
44721,Richmond Tigers,14.333333333333334,11.6,11.5,0.0,0.0,0.0,51.333333333333336,43.8,42.9,29,H,0.6,3.0,9.0
43730,Western Bulldogs,11.333333333333334,7.8,11.0,0.0,0.0,0.2,55.666666666666664,39.8,52.2,24,A,0.0,5.0,7.0
43925,St Kilda Saints,23.333333333333332,21.8,20.4,0.0,0.0,0.2,87.0,80.4,80.5,155,A,0.6,1.0,8.0
44396,Carlton Blues,,,,,,,,,,0,H,0.6,1.0,8.0
43475,Brisbane Lions,14.0,14.8,14.0,0.0,0.0,0.3,54.0,57.2,58.0,133,H,0.4,4.0,8.0
44393,Port Adelaide Power,12.666666666666666,14.6,15.777777777777779,0.0,0.0,0.1,44.666666666666664,52.4,62.9,38,A,0.0,5.0,8.0
44013,Brisbane Lions,16.333333333333332,16.2,15.0,0.6666666666666666,0.6,0.6,68.0,63.2,60.7,31,H,0.4,4.0,8.0
44949,Western Bulldogs,12.333333333333334,9.6,7.857142857142857,1.0,0.8,0.7142857142857143,51.0,39.8,34.42857142857143,7,A,0.0,5.0,7.0
45855,Geelong Cats,15.5,14.75,15.666666666666666,,,,51.666666666666664,54.6,61.9,283,H,0.8,3.0,7.0
43522,North Melbourne Kangaroos,8.333333333333334,9.8,9.0,1.0,0.6,0.4,42.0,44.6,37.2,81,A,0.8,2.0,8.0
44458,Fremantle Dockers,16.666666666666668,16.2,16.8,0.6666666666666666,0.4,0.2,79.66666666666667,72.8,73.1,222,A,0.8,2.0,6.0
45912,Collingwood Magpies,8.0,9.6,10.3,,1.0,1.25,34.0,45.2,51.9,267,A,0.4,1.0,6.0
45492,Adelaide Crows,18.0,17.0,15.5,,,,78.33333333333333,70.8,67.9,230,A,0.6,1.0,8.0
43893,Melbourne Demons,12.333333333333334,14.0,11.8,0.0,0.0,0.1,44.333333333333336,52.8,45.2,14,A,0.2,7.0,6.0
43693,Carlton Blues,1.3333333333333333,0.6,2.3,0.0,0.0,0.1,25.0,21.0,32.3,16,A,0.2,4.0,6.0
43995,North Melbourne Kangaroos,5.0,5.2,7.7,0.0,1.0,1.0,28.666666666666668,34.4,44.1,39,H,0.2,4.0,6.0
45623,Collingwood Magpies,16.0,16.4,17.5,1.0,1.0,1.0,60.0,61.8,62.8,234,H,0.6,1.0,7.0
44151,Adelaide Crows,6.0,9.0,10.88888888888889,0.6666666666666666,1.4,1.3,43.666666666666664,56.4,59.0,226,A,0.4,4.0,8.0
44026,Richmond Tigers,10.333333333333334,8.2,9.6,0.0,0.0,0.1,33.666666666666664,29.8,41.1,15,A,0.6,1.0,6.0
43432,Fremantle Dockers,10.666666666666666,11.2,11.1,1.6666666666666667,1.4,0.9,57.666666666666664,57.2,51.6,116,H,0.4,2.0,6.0
45146,Western Bulldogs,13.333333333333334,14.6,15.88888888888889,0.3333333333333333,0.2,0.4,52.0,53.4,54.9,22,H,0.2,4.0,6.0
45092,Greater Western Sydney Giants,9.0,11.0,12.0,1.6666666666666667,1.6,1.2,52.0,58.4,61.4,188,H,0.0,8.0,6.0
43620,Brisbane Lions,11.333333333333334,9.0,9.6,1.3333333333333333,1.2,1.6,55.666666666666664,45.2,52.5,24,A,0.4,2.0,7.0
45015,Port Adelaide Power,7.0,8.6,8.5,0.3333333333333333,0.8,1.0,39.333333333333336,46.8,49.4,35,H,0.8,1.0,7.0
44380,Sydney Swans,11.333333333333334,10.0,12.1,0.0,0.0,0.0,44.0,40.0,51.3,221,A,0.8,1.0,6.0
44637,Hawthorn Hawks,11.333333333333334,11.0,12.375,1.0,0.6,0.5,56.666666666666664,43.8,49.7,167,H,1.0,2.0,7.0
44351,Melbourne Demons,11.666666666666666,10.0,12.0,0.0,0.0,0.1,48.0,42.4,50.9,18,A,0.2,6.0,7.0
44876,Geelong Cats,5.0,5.25,5.25,1.0,0.75,0.75,49.0,44.5,44.5,4,H,0.8,1.0,7.0
45169,Sydney Swans,5.0,7.25,7.25,0.3333333333333333,0.75,0.75,19.333333333333332,35.75,35.75,4,H,0.6,3.0,8.0
44084,Gold Coast Suns,13.333333333333334,15.2,16.6,0.3333333333333333,0.2,0.2,63.666666666666664,64.2,65.4,13,A,0.6,8.0,6.0
44336,Melbourne Demons,17.333333333333332,19.4,19.1,0.0,0.0,0.0,61.333333333333336,68.2,62.7,123,H,0.0,4.0,7.0
43812,St Kilda Saints,,,,,,,,,,0,A,0.2,3.0,8.0
46095,St Kilda Saints,,,,,,,,,,0,A,0.2,3.0,8.0
44301,Richmond Tigers,13.333333333333334,15.6,14.7,0.6666666666666666,0.6,0.3,55.0,64.4,61.2,80,A,0.4,1.0,9.0
44660,Gold Coast Suns,9.666666666666666,8.25,9.444444444444445,0.6666666666666666,0.4,0.4,41.666666666666664,33.2,39.3,12,A,0.6,4.0,7.0
44438,Brisbane Lions,9.666666666666666,11.4,10.9,0.3333333333333333,0.2,0.1,38.666666666666664,45.0,40.2,21,A,0.2,6.0,15.0
44169,Collingwood Magpies,13.0,13.2,11.6,0.3333333333333333,0.2,0.4,87.0,90.8,79.5,236,H,0.6,1.0,6.0
44364,Western Bulldogs,8.5,11.0,9.222222222222221,1.6666666666666667,1.0,0.5,49.0,52.8,41.4,28,H,0.4,4.0,6.0
44221,West Coast Eagles,21.333333333333332,22.6,21.7,0.3333333333333333,0.4,0.4,69.66666666666667,73.6,71.5,219,H,0.6,2.0,6.0
44319,Western Bulldogs,14.0,15.4,15.2,0.0,0.0,0.1,58.333333333333336,62.4,65.1,54,A,0.4,7.0,7.0
45188,West Coast Eagles,15.0,13.6,13.6,0.0,0.0,0.1,84.66666666666667,81.0,76.3,119,A,0.4,4.0,9.0
44623,Greater Western Sydney Giants,8.333333333333334,8.0,9.3,1.3333333333333333,1.6,2.0,43.333333333333336,41.8,49.8,87,A,0.0,6.0,8.0
44517,Collingwood Magpies,5.0,4.8,4.8,0.6666666666666666,0.4,0.4,21.666666666666668,20.2,20.2,5,A,0.8,3.0,8.0
44100,Collingwood Magpies,13.333333333333334,13.0,13.6,0.0,0.0,0.2,79.0,73.4,70.4,167,A,0.8,3.0,8.0
44241,Collingwood Magpies,14.0,14.8,12.6,1.3333333333333333,1.4,1.4,71.33333333333333,72.0,64.5,136,A,0.8,3.0,8.0
45133,Greater Western Sydney Giants,8.5,8.5,8.5,0.5,0.5,0.5,42.5,42.5,42.5,2,H,0.0,10.0,6.0
43711,North Melbourne Kangaroos,14.666666666666666,14.2,14.2,0.0,0.0,0.0,51.0,53.0,53.0,5,A,0.4,6.0,8.0
44536,West Coast Eagles,9.5,13.75,16.333333333333332,0.3333333333333333,0.4,0.3,26.0,46.6,59.5,75,A,0.2,4.0,7.0
43978,West Coast Eagles,9.0,9.2,9.1,0.3333333333333333,1.0,0.8,47.333333333333336,50.4,47.5,38,H,0.2,5.0,6.0
43463,Gold Coast Suns,17.5,14.25,13.444444444444445,1.0,1.2,1.4,68.0,65.6,63.8,204,H,0.2,8.0,7.0
43575,Melbourne Demons,18.0,17.8,18.714285714285715,0.3333333333333333,0.2,0.14285714285714285,72.0,68.0,68.85714285714286,7,A,0.0,10.0,7.0
46050,Melbourne Demons,18.0,17.8,18.714285714285715,1.0,1.0,1.0,72.0,68.0,68.85714285714286,7,A,0.0,10.0,7.0
46032,Carlton Blues,7.666666666666667,11.4,13.555555555555555,,1.0,1.0,44.0,61.8,67.5,13,H,0.6,6.0,7.0
43503,Carlton Blues,7.666666666666667,11.4,14.4,0.0,0.2,0.1,44.0,61.8,67.5,13,H,0.6,6.0,7.0
43407,Gold Coast Suns,6.333333333333333,9.0,13.9,0.6666666666666666,0.8,0.5,52.333333333333336,61.4,76.4,139,H,0.2,8.0,7.0
44610,Brisbane Lions,8.0,10.8,9.0,0.6666666666666666,0.4,0.3,43.666666666666664,51.4,43.1,16,A,0.8,7.0,7.0
44056,North Melbourne Kangaroos,13.0,12.2,10.8,0.0,0.0,0.0,44.0,42.2,40.0,22,A,0.6,3.0,9.0
43954,Essendon Bombers,6.333333333333333,7.6,9.3,1.0,1.6,1.9,33.333333333333336,45.6,53.6,34,H,0.6,2.0,7.0
45359,Brisbane Lions,22.666666666666668,24.6,22.7,1.0,1.0,1.0,72.0,82.8,78.0,321,H,0.6,7.0,7.0
43404,Port Adelaide Power,10.333333333333334,9.0,9.0,0.0,0.0,0.0,38.0,32.4,32.4,5,H,0.6,4.0,7.0
43416,Carlton Blues,7.666666666666667,7.6,7.2,0.3333333333333333,0.2,0.2,38.666666666666664,37.8,34.9,13,A,0.6,5.0,7.0
44063,Port Adelaide Power,7.666666666666667,6.0,9.222222222222221,0.6666666666666666,0.4,1.0,35.333333333333336,33.2,46.1,34,H,0.6,4.0,7.0
45029,Melbourne Demons,9.666666666666666,9.8,11.4,0.0,0.2,0.1,44.666666666666664,42.6,44.2,23,H,0.0,6.0,8.0
46070,Melbourne Demons,6.0,6.0,6.0,,,,32.0,32.0,32.0,1,H,0.0,6.0,8.0
43697,Melbourne Demons,6.0,6.0,6.0,0.0,0.0,0.0,32.0,32.0,32.0,1,H,0.0,6.0,8.0
44191,Carlton Blues,7.333333333333333,8.0,9.8,0.0,0.0,0.1,30.333333333333332,35.0,40.3,72,H,0.6,7.0,7.0
44023,Port Adelaide Power,10.0,10.2,12.0,0.6666666666666666,0.4,0.2,48.0,44.6,53.5,13,A,0.8,6.0,7.0
46127,Port Adelaide Power,10.0,10.2,12.0,2.0,2.0,2.0,48.0,44.6,53.5,13,A,0.8,6.0,7.0
44808,Melbourne Demons,17.666666666666668,17.8,13.7,0.3333333333333333,0.2,0.3,73.33333333333333,73.8,55.5,184,A,0.0,10.0,6.0
46245,Gold Coast Suns,,,,,,,,,,0,A,0.4,3.0,8.0
44636,Gold Coast Suns,,,,,,,,,,0,A,0.4,3.0,8.0
43279,Gold Coast Suns,8.333333333333334,8.333333333333334,8.333333333333334,0.0,0.0,0.0,42.666666666666664,42.666666666666664,42.666666666666664,3,A,0.4,3.0,8.0
43450,Greater Western Sydney Giants,11.0,11.4,10.3,0.0,0.0,0.3,64.66666666666667,61.6,58.1,192,H,0.2,6.0,8.0
44538,Sydney Swans,6.666666666666667,6.2,5.3,1.3333333333333333,1.0,0.9,57.0,56.8,52.0,82,H,0.6,2.0,6.0
44501,St Kilda Saints,11.666666666666666,11.0,11.1,1.6666666666666667,1.2,1.7,52.666666666666664,48.0,53.8,274,H,0.2,10.0,6.0
44239,St Kilda Saints,1.3333333333333333,0.4,2.3,1.0,0.8,1.0,35.666666666666664,31.4,46.1,199,H,0.2,10.0,6.0
45505,West Coast Eagles,12.333333333333334,12.6,13.1,1.0,1.0,1.1666666666666667,56.666666666666664,57.2,55.4,249,H,0.4,8.0,8.0
46064,Essendon Bombers,14.5,14.5,14.5,,,,54.5,54.5,54.5,2,H,0.2,3.0,7.0
45360,St Kilda Saints,11.333333333333334,11.8,12.0,,,1.0,48.0,48.2,54.0,218,H,0.2,10.0,6.0
46312,Port Adelaide Power,11.0,14.2,15.6,,,,44.0,56.2,56.3,18,H,0.6,5.0,7.0
44891,West Coast Eagles,10.666666666666666,9.8,10.11111111111111,0.0,0.0,0.0,46.0,40.8,41.7,186,H,0.4,8.0,8.0
43811,Fremantle Dockers,9.5,9.5,9.5,0.0,0.0,0.0,31.0,31.0,31.0,2,A,1.0,2.0,7.0
46218,Fremantle Dockers,,,,,,,,,,0,A,1.0,2.0,7.0
43685,Essendon Bombers,7.666666666666667,8.0,8.8,0.6666666666666666,1.0,1.4,44.666666666666664,50.4,52.2,99,H,0.2,3.0,7.0
44512,Fremantle Dockers,,,,,,,,,,0,A,1.0,2.0,7.0
45011,Port Adelaide Power,11.0,14.2,15.6,0.0,0.0,0.0,44.0,56.2,56.3,18,H,0.6,5.0,7.0
45057,Adelaide Crows,18.666666666666668,14.8,13.2,0.0,0.0,0.0,68.66666666666667,58.4,51.5,123,A,0.4,8.0,7.0
43841,Fremantle Dockers,,,,,,,,,,0,A,1.0,2.0,7.0
43639,Fremantle Dockers,14.0,13.25,12.0,0.3333333333333333,0.2,0.1,53.0,52.2,46.2,17,A,1.0,2.0,7.0
44315,Essendon Bombers,9.0,13.0,11.3,0.0,0.2,0.2,35.666666666666664,53.8,44.1,144,H,0.2,3.0,7.0
44268,St Kilda Saints,14.0,12.8,11.428571428571429,0.6666666666666666,0.4,0.42857142857142855,48.666666666666664,42.0,39.42857142857143,7,H,0.2,10.0,6.0
43510,Adelaide Crows,13.0,12.4,11.7,2.0,1.4,1.6,64.33333333333333,56.4,54.6,31,A,0.4,8.0,7.0
44046,Essendon Bombers,14.666666666666666,15.8,15.1,0.3333333333333333,0.6,0.8,71.33333333333333,76.2,77.2,196,H,0.2,3.0,7.0
44471,Fremantle Dockers,5.666666666666667,6.6,6.6,1.3333333333333333,1.0,1.0,38.0,37.8,37.8,5,A,1.0,2.0,7.0
43672,West Coast Eagles,17.333333333333332,20.2,19.6,1.3333333333333333,1.4,1.2,71.33333333333333,82.6,81.6,42,H,0.4,8.0,8.0
43671,Essendon Bombers,14.5,14.5,14.5,0.0,0.0,0.0,54.5,54.5,54.5,2,H,0.2,3.0,7.0
46103,Fremantle Dockers,,,,,,,,,,0,A,1.0,2.0,7.0
44889,Melbourne Demons,5.333333333333333,4.4,4.8,0.0,0.2,0.8,43.666666666666664,43.8,49.8,43,A,0.0,5.0,8.0
44929,North Melbourne Kangaroos,7.333333333333333,8.2,8.666666666666666,0.0,0.2,0.16666666666666666,29.333333333333332,34.4,35.5,6,A,0.6,2.0,8.0
43892,Gold Coast Suns,11.666666666666666,9.8,9.8,0.3333333333333333,0.4,0.4,41.0,37.4,37.4,5,H,0.2,3.0,7.0
45237,Gold Coast Suns,12.5,12.5,9.88888888888889,0.0,0.0,0.0,41.0,38.8,37.5,25,H,0.2,3.0,7.0
43684,Melbourne Demons,11.0,9.0,10.666666666666666,0.3333333333333333,0.2,0.4,35.333333333333336,29.6,39.1,177,A,0.0,5.0,8.0
46294,North Melbourne Kangaroos,11.0,10.25,10.4,,1.0,1.0,29.333333333333332,34.4,35.5,6,A,0.6,2.0,8.0
44329,Collingwood Magpies,13.0,14.75,13.777777777777779,1.0,0.8,0.6,65.0,69.2,63.9,226,H,0.8,1.0,9.0
43442,Gold Coast Suns,10.333333333333334,13.2,14.1,1.0,1.2,0.7,56.333333333333336,63.0,66.0,172,H,0.2,3.0,7.0
44839,Collingwood Magpies,18.0,15.8,14.444444444444445,0.0,0.0,0.0,74.66666666666667,69.0,61.5,124,H,0.8,1.0,9.0
43727,Collingwood Magpies,24.5,19.25,16.77777777777778,1.0,0.6,0.5,80.0,65.8,59.6,217,H,0.6,3.0,6.0
45121,Richmond Tigers,13.0,14.4,17.1,0.3333333333333333,0.4,0.4,46.0,53.2,58.5,172,H,0.8,1.0,8.0
43750,Carlton Blues,12.666666666666666,12.0,11.0,1.3333333333333333,1.0,0.6,55.666666666666664,51.6,48.2,42,A,0.6,2.0,6.0
45442,Geelong Cats,18.0,19.4,20.3,1.0,1.0,1.0,76.33333333333333,80.4,76.9,275,A,0.8,2.0,7.0
45367,Sydney Swans,11.0,11.0,13.1,1.0,1.25,1.25,54.0,58.8,61.2,324,A,0.4,2.0,7.0
43321,Hawthorn Hawks,8.666666666666666,9.2,7.9,0.3333333333333333,0.2,0.1,52.666666666666664,56.0,55.1,42,H,1.0,1.0,8.0
45561,Hawthorn Hawks,24.666666666666668,22.4,18.666666666666668,1.0,1.0,1.0,103.0,99.0,82.7,254,H,1.0,1.0,8.0
43558,Collingwood Magpies,13.333333333333334,15.8,16.2,0.0,0.2,0.3,45.0,57.2,60.9,72,H,0.4,1.0,188.0
44430,Carlton Blues,7.666666666666667,9.0,9.1,0.0,0.0,0.1,36.666666666666664,43.2,42.4,16,H,0.6,1.0,183.0
45173,Hawthorn Hawks,,,,,,,,,,0,H,1.0,1.0,175.0
46338,Hawthorn Hawks,,,,,,,,,,0,H,1.0,1.0,175.0
44164,Adelaide Crows,12.0,12.0,11.125,3.0,2.0,1.6666666666666667,72.66666666666667,68.0,59.55555555555556,9,A,0.6,6.0,9.0
44227,Richmond Tigers,10.0,11.8,10.6,1.0,1.0,0.7,52.0,54.8,51.1,106,A,0.6,4.0,9.0
45008,Richmond Tigers,7.666666666666667,8.4,8.5,0.0,0.0,0.1,50.666666666666664,53.8,52.0,14,A,0.6,4.0,9.0
44940,Fremantle Dockers,14.0,14.0,14.0,1.0,1.0,1.0,55.0,55.0,55.0,1,H,0.6,1.0,9.0
46333,Essendon Bombers,,,,,,,,,,0,A,0.6,1.0,7.0
45782,Sydney Swans,11.0,16.0,16.8,,1.0,1.0,39.666666666666664,62.6,70.5,285,H,0.4,5.0,8.0
45136,Essendon Bombers,,,,,,,,,,0,A,0.6,1.0,7.0
44354,St Kilda Saints,10.333333333333334,11.0,9.8,0.3333333333333333,0.8,1.1,47.333333333333336,57.6,51.3,43,H,0.8,1.0,8.0
44514,Brisbane Lions,23.0,22.2,18.555555555555557,0.3333333333333333,0.2,0.5,94.66666666666667,85.2,78.8,165,H,0.0,2.0,5.0
44146,Essendon Bombers,9.666666666666666,9.2,10.2,1.0,0.8,0.5,47.333333333333336,45.0,48.3,92,H,0.4,5.0,6.0
43800,Melbourne Demons,12.0,12.0,14.6,0.0,0.2,0.5,47.666666666666664,51.6,65.2,15,H,0.2,4.0,8.0
44119,Gold Coast Suns,4.333333333333333,4.8,8.1,0.3333333333333333,0.4,0.2,22.666666666666668,22.4,36.1,18,H,0.6,1.0,6.0
44800,Sydney Swans,8.333333333333334,7.0,8.777777777777779,0.6666666666666666,0.6,0.6,41.666666666666664,35.2,42.6,178,A,0.4,3.0,7.0
45863,Carlton Blues,18.666666666666668,17.8,22.8,2.0,1.5,1.5,74.66666666666667,72.2,87.9,267,H,0.4,2.0,6.0
46107,Melbourne Demons,9.0,10.4,11.0,,,,34.666666666666664,42.0,44.0,6,A,0.2,9.0,7.0
44682,Adelaide Crows,13.666666666666666,11.0,10.5,1.3333333333333333,0.8,0.9,69.0,60.4,56.5,75,H,0.6,3.0,6.0
43880,Melbourne Demons,9.0,10.4,11.0,0.0,0.0,0.0,34.666666666666664,42.0,44.0,6,A,0.2,9.0,7.0
43485,Geelong Cats,6.333333333333333,6.8,6.333333333333333,0.3333333333333333,0.4,0.5,60.333333333333336,60.2,58.333333333333336,6,H,0.8,1.0,7.0
43500,Melbourne Demons,9.666666666666666,11.0,13.9,0.3333333333333333,1.0,0.9,42.333333333333336,50.2,56.0,130,H,0.4,4.0,7.0
44769,Port Adelaide Power,7.5,7.5,6.555555555555555,0.3333333333333333,0.4,0.2,33.333333333333336,39.0,46.2,67,H,0.8,1.0,7.0
46000,Essendon Bombers,6.5,6.5,6.5,,,,27.5,27.5,27.5,2,H,0.4,2.0,6.0
43319,Essendon Bombers,6.5,6.5,6.5,0.0,0.0,0.0,27.5,27.5,27.5,2,H,0.4,2.0,6.0
44286,Brisbane Lions,17.0,14.6,12.6,0.0,0.6,0.9,70.66666666666667,65.6,60.9,22,A,0.2,6.0,7.0
43891,Greater Western Sydney Giants,11.333333333333334,14.8,16.555555555555557,0.0,0.0,0.0,58.0,67.8,69.9,113,H,0.0,5.0,13.0
44916,Geelong Cats,8.666666666666666,8.0,10.5,0.0,0.0,0.0,43.666666666666664,37.0,46.8,11,A,0.6,1.0,6.0
44947,St Kilda Saints,11.666666666666666,9.8,9.88888888888889,0.3333333333333333,0.2,0.6,46.333333333333336,38.4,44.6,27,H,0.2,2.0,12.0
43271,Greater Western Sydney Giants,13.0,11.8,10.7,0.0,0.4,0.6,58.333333333333336,52.6,50.4,92,A,0.0,8.0,8.0
44092,Western Bulldogs,12.0,15.6,14.4,0.0,0.4,0.2,43.666666666666664,55.0,53.0,19,H,0.2,5.0,6.0
45545,West Coast Eagles,13.666666666666666,14.8,14.8,,,,58.0,60.0,60.6,269,A,0.2,4.0,6.0
45248,Western Bulldogs,8.0,9.8,10.5,1.3333333333333333,0.8,0.7,43.333333333333336,44.4,47.2,84,H,0.2,5.0,6.0
44317,Hawthorn Hawks,,,,,,,,,,0,H,0.6,2.0,6.0
46187,Hawthorn Hawks,,,,,,,,,,0,H,0.6,2.0,6.0
44111,Gold Coast Suns,6.666666666666667,8.2,9.8,0.3333333333333333,0.4,0.2,27.666666666666668,39.8,44.1,43,H,0.8,1.0,7.0
45387,Brisbane Lions,9.333333333333334,11.0,10.777777777777779,2.5,2.0,2.375,51.333333333333336,51.8,58.2,255,H,0.4,8.0,7.0
45034,Geelong Cats,10.0,9.2,9.7,0.3333333333333333,0.2,0.4,41.333333333333336,43.8,47.1,18,H,0.6,1.0,9.0
43778,Richmond Tigers,14.333333333333334,16.4,14.7,0.6666666666666666,2.2,1.3,68.33333333333333,86.6,73.4,93,H,0.2,2.0,6.0
44489,St Kilda Saints,13.333333333333334,12.6,12.3,0.6666666666666666,0.8,0.6,58.333333333333336,58.8,53.7,29,H,0.0,8.0,6.0
44936,St Kilda Saints,10.666666666666666,10.8,10.1,0.3333333333333333,0.2,0.1,41.0,40.4,38.6,30,H,0.0,8.0,6.0
45184,North Melbourne Kangaroos,,,,,,,,,,0,A,0.6,4.0,6.0
46341,North Melbourne Kangaroos,,,,,,,,,,0,A,0.6,4.0,6.0
44599,Melbourne Demons,14.0,13.4,14.5,0.3333333333333333,0.2,0.2,62.0,66.6,63.6,31,A,0.4,4.0,7.0
43296,North Melbourne Kangaroos,9.333333333333334,8.0,13.11111111111111,0.3333333333333333,0.2,0.2,38.0,37.2,51.7,57,H,0.6,2.0,6.0
44625,Richmond Tigers,7.5,7.25,7.0,0.6666666666666666,0.4,0.25,45.666666666666664,40.6,37.0,8,H,0.2,7.0,7.0
43990,Essendon Bombers,3.6666666666666665,4.8,9.0,0.0,1.0,1.0,24.333333333333332,36.0,51.9,64,A,0.6,5.0,8.0
43720,St Kilda Saints,7.0,8.8,8.2,0.6666666666666666,1.0,1.0,44.0,55.2,52.1,28,A,0.0,6.0,8.0
44719,Adelaide Crows,10.333333333333334,10.6,14.11111111111111,0.3333333333333333,0.2,0.9,44.333333333333336,42.4,62.7,129,H,0.6,2.0,6.0
44820,Hawthorn Hawks,8.333333333333334,10.2,11.88888888888889,0.3333333333333333,0.2,0.3,34.333333333333336,40.2,51.6,17,A,0.8,1.0,7.0
43441,West Coast Eagles,9.333333333333334,10.4,10.6,0.0,0.0,0.0,42.666666666666664,46.8,49.4,27,A,0.4,5.0,6.0
43755,St Kilda Saints,8.666666666666666,9.0,9.6,0.0,0.0,0.1,36.0,39.4,41.5,11,A,0.0,10.0,6.0
44562,Gold Coast Suns,13.0,12.5,13.625,,,,61.333333333333336,56.4,59.5,112,A,0.4,3.0,7.0
44127,Richmond Tigers,11.0,21.5,23.22222222222222,0.0,0.2,0.3,57.0,78.8,88.0,155,H,0.4,5.0,8.0
44381,Collingwood Magpies,12.333333333333334,12.6,13.9,0.0,0.0,0.0,52.0,54.4,63.4,207,A,0.4,3.0,8.0
45054,Fremantle Dockers,9.666666666666666,9.8,14.1,0.3333333333333333,0.2,0.4,35.666666666666664,33.6,55.1,162,A,1.0,1.0,6.0
44526,Fremantle Dockers,11.666666666666666,14.0,12.8,0.0,0.4,0.3,41.666666666666664,57.6,52.9,25,A,1.0,1.0,6.0
43537,Port Adelaide Power,7.666666666666667,7.4,8.9,0.3333333333333333,0.2,0.1,61.0,51.4,55.7,227,H,0.2,1.0,7.0
44959,West Coast Eagles,13.0,14.6,15.4,1.0,0.6,0.3,58.666666666666664,62.4,63.7,44,H,0.6,1.0,13.0
46367,Hawthorn Hawks,3.0,3.0,3.0,,,,8.0,8.0,8.0,1,H,0.8,1.0,8.0
44373,Collingwood Magpies,15.666666666666666,15.8,15.8,0.6666666666666666,1.4,1.4,64.66666666666667,73.8,73.8,5,H,0.2,3.0,7.0
45060,Melbourne Demons,9.666666666666666,9.4,9.4,0.3333333333333333,0.4,0.4,42.666666666666664,44.8,45.2,47,H,0.0,6.0,14.0
45276,Hawthorn Hawks,3.0,3.0,3.0,0.0,0.0,0.0,8.0,8.0,8.0,1,H,0.8,1.0,8.0
45076,Melbourne Demons,9.0,11.4,13.0,0.0,0.0,0.1,40.333333333333336,46.4,55.6,34,H,0.0,6.0,14.0
43714,Essendon Bombers,5.0,8.0,9.0,0.3333333333333333,0.8,0.8,29.666666666666668,39.2,42.7,15,A,0.6,1.0,7.0
46130,Gold Coast Suns,2.0,2.0,2.0,,,,17.5,17.5,17.5,2,H,0.4,3.0,7.0
44298,Port Adelaide Power,19.0,20.0,17.0,0.3333333333333333,0.4,0.4,84.66666666666667,88.8,71.2,116,A,0.2,2.0,7.0
44034,Gold Coast Suns,2.0,2.0,2.0,0.0,0.0,0.0,17.5,17.5,17.5,2,H,0.4,3.0,7.0
43909,Greater Western Sydney Giants,8.333333333333334,8.6,8.6,0.0,0.0,0.0,29.333333333333332,29.4,29.4,5,H,0.2,9.0,6.0
44005,Geelong Cats,-0.6666666666666666,1.75,1.75,0.3333333333333333,0.25,0.25,21.333333333333332,30.75,30.75,4,A,1.0,1.0,8.0
43634,West Coast Eagles,12.333333333333334,13.0,13.4,0.6666666666666666,0.4,0.6,76.0,80.4,84.6,289,H,0.6,8.0,7.0
45087,Adelaide Crows,9.0,9.4,10.5,0.0,0.0,0.0,35.666666666666664,41.4,44.3,19,A,0.4,5.0,7.0
45295,Collingwood Magpies,14.333333333333334,15.0,18.11111111111111,0.3333333333333333,0.8,0.7,56.666666666666664,61.2,75.3,136,A,0.2,5.0,7.0
46123,Geelong Cats,6.5,9.0,9.0,1.0,1.0,1.0,21.333333333333332,30.75,30.75,4,A,1.0,1.0,8.0
45042,Gold Coast Suns,6.666666666666667,7.4,6.6,0.0,0.0,0.6,27.666666666666668,28.4,29.8,16,A,0.2,5.0,7.0
44421,Brisbane Lions,1.6666666666666667,1.0,3.1,1.3333333333333333,0.8,1.1,41.666666666666664,35.6,41.0,213,H,0.6,4.0,8.0
43334,Collingwood Magpies,19.666666666666668,19.6,17.4,0.0,0.4,0.5,73.33333333333333,82.4,75.7,222,H,0.4,2.0,6.0
44448,Carlton Blues,8.666666666666666,12.2,17.2,0.6666666666666666,0.6,0.6,45.666666666666664,55.8,71.3,156,H,0.4,8.0,8.0
43268,North Melbourne Kangaroos,12.0,11.0,11.9,0.3333333333333333,0.2,0.2,39.0,37.0,42.5,103,H,0.6,5.0,7.0
44320,Carlton Blues,12.0,13.6,12.1,0.0,0.0,0.0,44.333333333333336,55.2,47.1,41,H,0.4,8.0,8.0
45181,Gold Coast Suns,12.333333333333334,11.6,10.9,0.0,0.0,0.0,40.333333333333336,37.8,39.6,86,H,0.2,1.0,8.0
44841,Adelaide Crows,7.0,8.0,9.777777777777779,0.0,0.0,0.0,34.0,34.6,40.7,228,H,0.4,1.0,8.0
43532,West Coast Eagles,11.333333333333334,12.2,12.0,0.0,0.0,0.0,48.0,52.0,53.0,6,A,0.6,1.0,8.0
46352,St Kilda Saints,6.0,6.0,6.0,3.0,3.0,3.0,44.0,44.0,44.0,1,A,0.2,6.0,7.0
44712,Adelaide Crows,12.666666666666666,12.6,13.5,0.6666666666666666,1.0,1.2,49.333333333333336,56.0,62.9,103,H,0.4,1.0,8.0
44110,Greater Western Sydney Giants,11.333333333333334,11.6,13.5,0.6666666666666666,0.4,0.4,52.0,54.6,60.0,211,A,0.2,5.0,8.0
43317,Western Bulldogs,10.333333333333334,10.6,9.333333333333334,0.0,0.0,0.0,38.333333333333336,43.6,36.8,43,H,0.2,4.0,7.0
44767,Adelaide Crows,17.333333333333332,18.4,17.1,0.0,0.0,0.0,70.66666666666667,75.0,66.3,202,H,0.4,1.0,8.0
44176,St Kilda Saints,12.333333333333334,13.8,16.0,0.6666666666666666,0.4,0.4,58.333333333333336,55.8,64.2,148,A,0.2,6.0,7.0
43883,Western Bulldogs,8.333333333333334,11.4,10.4,0.6666666666666666,1.0,1.0,32.666666666666664,46.2,45.0,264,H,0.2,4.0,7.0
45256,West Coast Eagles,15.333333333333334,15.6,16.5,0.0,0.0,0.0,59.0,56.8,62.375,8,A,0.6,1.0,8.0
45582,St Kilda Saints,16.0,19.2,20.4,1.0,1.0,1.0,65.0,84.8,88.0,296,A,0.2,6.0,7.0
45301,Western Bulldogs,12.0,13.6,14.4,0.3333333333333333,0.2,0.3,44.333333333333336,51.0,56.1,27,H,0.2,4.0,7.0
45229,St Kilda Saints,6.0,6.0,6.0,3.0,3.0,3.0,44.0,44.0,44.0,1,A,0.2,6.0,7.0
44433,Geelong Cats,16.666666666666668,15.0,14.6,0.3333333333333333,0.4,0.2,90.33333333333333,86.0,84.7,125,A,0.8,1.0,6.0
44898,Hawthorn Hawks,13.333333333333334,17.6,18.5,0.3333333333333333,0.4,0.4,45.0,62.6,73.3,199,H,0.8,1.0,7.0
43836,Richmond Tigers,13.0,12.4,13.3,0.6666666666666666,0.4,0.2,74.33333333333333,68.0,68.5,153,A,1.0,2.0,8.0
44253,West Coast Eagles,,,,,,,,,,0,A,0.8,1.0,216.0
46173,West Coast Eagles,,,,,,,,,,0,A,0.8,1.0,216.0
44686,Richmond Tigers,12.333333333333334,15.0,15.9,0.3333333333333333,0.2,0.6,61.333333333333336,73.0,81.0,83,H,0.8,1.0,9.0
44757,Port Adelaide Power,10.666666666666666,10.2,10.0,0.6666666666666666,0.4,0.2,72.33333333333333,67.0,62.6,15,H,0.4,8.0,6.0
46208,Brisbane Lions,11.0,11.0,11.0,,,,42.0,42.0,42.0,2,H,0.2,8.0,6.0
44352,Brisbane Lions,13.0,13.333333333333334,14.5,0.0,0.0,0.1,54.666666666666664,59.8,61.6,169,H,0.2,8.0,6.0
44231,Richmond Tigers,17.0,17.2,14.6,1.6666666666666667,1.2,0.9,74.33333333333333,73.4,61.4,101,A,0.6,4.0,7.0
44423,Brisbane Lions,11.0,11.0,11.0,0.0,0.0,0.0,42.0,42.0,42.0,2,H,0.2,8.0,6.0
43305,Richmond Tigers,9.666666666666666,9.6,10.375,0.6666666666666666,0.6,0.5,59.333333333333336,51.0,50.75,8,H,0.6,1.0,6.0
44849,St Kilda Saints,8.5,7.25,7.888888888888889,1.0,1.4,1.3,39.333333333333336,38.8,43.4,32,H,0.2,7.0,8.0
43661,St Kilda Saints,12.0,11.6,12.8,0.3333333333333333,0.8,0.5,45.333333333333336,49.2,52.2,24,H,0.2,7.0,8.0
44442,Melbourne Demons,15.0,13.6,13.6,0.0,0.0,0.0,47.0,46.8,43.4,78,H,0.4,3.0,9.0
43303,Collingwood Magpies,9.333333333333334,10.8,10.0,0.0,0.0,0.0,54.0,61.4,59.3,34,H,0.8,1.0,7.0
43402,Geelong Cats,7.666666666666667,7.75,8.625,0.3333333333333333,0.6,0.6,31.666666666666668,29.8,35.0,33,A,0.6,5.0,8.0
44135,Adelaide Crows,16.666666666666668,17.0,15.7,0.0,0.0,0.1,101.0,99.2,89.6,73,H,0.6,1.0,7.0
44197,Collingwood Magpies,11.333333333333334,10.6,10.88888888888889,0.6666666666666666,0.4,0.7,47.666666666666664,45.2,49.8,24,A,0.6,2.0,9.0
45182,Carlton Blues,6.0,6.2,7.9,0.3333333333333333,0.2,0.2,52.333333333333336,56.0,63.5,87,A,0.2,2.0,6.0
43906,Brisbane Lions,11.666666666666666,13.4,14.333333333333334,0.0,0.0,0.0,47.666666666666664,50.6,56.2,55,A,0.4,5.0,7.0
43618,Western Bulldogs,9.0,7.8,7.6,0.3333333333333333,0.4,0.4,52.0,44.4,38.4,26,A,0.4,1.0,7.0
43621,Port Adelaide Power,18.666666666666668,18.6,19.3,0.3333333333333333,0.2,0.1,78.0,73.8,76.7,299,H,0.6,2.0,7.0
45522,Essendon Bombers,16.333333333333332,17.4,17.8,,1.0,1.0,61.0,69.0,67.6,399,A,0.4,4.0,6.0
43596,West Coast Eagles,9.5,9.5,9.5,0.0,0.0,0.0,41.5,41.5,41.5,2,H,1.0,1.0,8.0
43943,Adelaide Crows,20.0,16.8,14.2,0.6666666666666666,0.6,0.4,88.66666666666667,77.0,61.1,19,A,0.4,2.0,7.0
44194,Carlton Blues,20.0,20.4,20.8,1.0,0.8,0.5,70.66666666666667,68.8,77.4,278,H,0.0,7.0,8.0
44452,North Melbourne Kangaroos,11.0,12.0,11.2,0.3333333333333333,0.2,0.1,38.333333333333336,46.2,45.9,123,H,0.6,4.0,6.0
44324,Geelong Cats,5.0,5.0,5.0,0.0,0.0,0.0,18.0,18.0,18.0,1,H,0.6,1.0,9.0
44788,Melbourne Demons,11.0,12.6,11.333333333333334,0.0,0.0,0.2,39.0,41.2,47.0,24,A,0.2,2.0,7.0
46189,Geelong Cats,0.0,0.0,0.0,,,,18.0,18.0,18.0,1,H,0.6,1.0,9.0
43721,Sydney Swans,5.666666666666667,8.2,8.1,0.0,0.6,0.5,47.333333333333336,58.6,56.0,14,H,1.0,1.0,13.0
45263,Essendon Bombers,11.666666666666666,14.6,17.8,0.3333333333333333,1.0,0.8,48.333333333333336,64.2,74.6,128,A,0.2,4.0,14.0
44743,Gold Coast Suns,11.666666666666666,13.6,16.5,0.6666666666666666,0.4,0.3,52.333333333333336,53.0,56.9,128,A,0.0,2.0,15.0
43421,Brisbane Lions,9.666666666666666,10.75,10.75,0.6666666666666666,0.4,0.4,46.666666666666664,53.2,53.2,5,H,0.0,6.0,7.0
46096,Carlton Blues,10.0,10.0,10.0,,,,69.0,69.0,69.0,1,A,0.4,9.0,8.0
43815,Carlton Blues,10.0,10.0,10.0,0.0,0.0,0.0,69.0,69.0,69.0,1,A,0.4,9.0,8.0
44411,Richmond Tigers,10.0,11.8,11.11111111111111,0.0,0.2,0.1111111111111111,39.666666666666664,46.2,42.888888888888886,9,A,0.8,1.0,9.0
43913,Richmond Tigers,13.0,12.0,11.571428571428571,0.6666666666666666,0.6,1.0,54.0,48.8,55.3,22,A,0.8,1.0,9.0
44155,Carlton Blues,8.333333333333334,9.0,8.666666666666666,0.0,0.2,0.16666666666666666,39.0,42.0,38.666666666666664,6,H,0.4,2.0,6.0
44370,Adelaide Crows,10.666666666666666,13.6,17.1,0.3333333333333333,0.2,0.7,56.666666666666664,63.4,76.3,37,H,0.6,4.0,6.0
44997,Brisbane Lions,9.0,6.8,8.5,0.0,0.0,1.0,43.666666666666664,34.4,44.4,159,H,0.0,9.0,6.0
46108,Gold Coast Suns,8.666666666666666,11.75,11.75,,1.0,1.0,38.0,52.5,52.5,4,H,0.2,9.0,7.0
43901,Gold Coast Suns,3.6666666666666665,6.75,6.75,0.0,0.25,0.25,38.0,52.5,52.5,4,H,0.2,9.0,7.0
43767,Collingwood Magpies,7.333333333333333,11.2,13.11111111111111,0.6666666666666666,0.8,0.6,33.666666666666664,46.6,52.8,38,H,0.0,5.0,6.0
43457,Essendon Bombers,8.333333333333334,11.2,11.3,0.3333333333333333,0.4,0.4,38.0,47.2,44.7,10,H,0.2,6.0,8.0
46262,Western Bulldogs,13.0,13.0,13.0,,,,54.333333333333336,54.333333333333336,54.333333333333336,3,A,0.8,2.0,7.0
44736,Western Bulldogs,13.0,13.0,13.0,0.0,0.0,0.0,54.333333333333336,54.333333333333336,54.333333333333336,3,A,0.8,2.0,7.0
43603,Port Adelaide Power,19.333333333333332,20.0,18.333333333333332,0.0,0.2,0.2,74.66666666666667,72.2,68.8,15,A,0.6,6.0,6.0
45004,Essendon Bombers,11.666666666666666,11.8,11.0,0.0,0.0,0.0,43.0,45.2,41.333333333333336,9,H,0.2,8.0,6.0
44794,Geelong Cats,12.333333333333334,14.2,14.6,0.0,0.0,0.0,55.666666666666664,59.0,65.0,193,H,0.8,3.0,7.0
43681,Western Bulldogs,17.0,14.0,15.555555555555555,0.3333333333333333,0.2,0.2,57.333333333333336,53.6,56.8,19,H,0.8,3.0,8.0
43323,Melbourne Demons,12.666666666666666,11.0,14.7,0.0,0.2,0.4,42.0,41.2,55.3,70,A,0.4,5.0,7.0
43419,Gold Coast Suns,8.333333333333334,11.8,11.88888888888889,0.3333333333333333,0.4,0.9,37.333333333333336,53.2,58.2,15,A,0.2,6.0,8.0
43969,Gold Coast Suns,7.666666666666667,7.2,7.0,0.3333333333333333,0.2,0.5,48.0,41.0,40.333333333333336,6,H,0.2,9.0,6.0
44906,Adelaide Crows,9.666666666666666,11.0,10.333333333333334,0.0,0.0,0.0,44.333333333333336,45.4,42.3,23,H,0.8,3.0,7.0
44860,St Kilda Saints,8.666666666666666,10.4,11.8,0.0,0.4,0.4,33.0,39.6,48.8,21,H,0.2,7.0,7.0
44913,St Kilda Saints,13.5,14.25,13.555555555555555,0.3333333333333333,0.4,0.4,58.0,56.0,54.5,23,H,0.2,7.0,7.0
44667,Western Bulldogs,12.0,9.4,9.4,0.0,0.0,0.0,47.333333333333336,36.8,36.8,5,A,0.8,3.0,7.0
45165,Carlton Blues,5.0,5.0,5.0,0.0,0.0,0.0,20.0,20.0,20.0,2,A,0.2,9.0,6.0
46335,Carlton Blues,5.0,5.0,5.0,,,,20.0,20.0,20.0,2,A,0.2,9.0,6.0
46007,Brisbane Lions,5.333333333333333,5.0,5.0,,,,45.333333333333336,42.2,42.2,5,A,0.2,10.0,7.0
45083,Richmond Tigers,15.5,18.5,19.22222222222222,0.6666666666666666,0.6,0.4,58.333333333333336,63.8,71.8,101,A,0.6,2.0,7.0
45291,Carlton Blues,17.666666666666668,16.2,17.5,0.0,0.0,0.3,87.0,74.8,74.7,118,A,0.2,9.0,6.0
44425,Brisbane Lions,10.333333333333334,8.6,9.2,1.6666666666666667,1.0,1.2,56.0,42.2,46.1,111,A,0.2,10.0,7.0
44612,Essendon Bombers,22.666666666666668,24.0,19.555555555555557,0.0,0.0,0.1,69.66666666666667,77.4,65.2,13,H,0.0,7.0,7.0
45420,Essendon Bombers,12.0,12.8,14.5,1.0,1.0,1.375,47.666666666666664,54.0,65.3,279,H,0.0,7.0,7.0
43359,Brisbane Lions,10.333333333333334,10.0,10.0,0.0,0.0,0.0,45.333333333333336,42.2,42.2,5,A,0.2,10.0,7.0
44870,St Kilda Saints,14.333333333333334,15.6,18.3,0.0,0.2,0.5,62.666666666666664,70.8,77.8,227,H,0.2,5.0,8.0
44591,West Coast Eagles,4.5,7.25,7.25,0.6666666666666666,0.8,0.8,29.0,37.0,37.0,5,A,0.6,2.0,7.0
45735,Fremantle Dockers,15.333333333333334,15.0,14.3,,,,67.0,62.6,57.1,255,H,0.6,1.0,7.0
45103,North Melbourne Kangaroos,5.333333333333333,6.8,6.5,0.0,0.0,0.0,21.333333333333332,26.0,26.5,8,A,0.8,2.0,6.0
46075,Carlton Blues,13.0,10.6,10.6,,,,56.666666666666664,43.2,43.2,5,A,0.2,11.0,7.0
43529,Carlton Blues,19.333333333333332,19.8,23.6,0.3333333333333333,0.2,0.1,66.66666666666667,69.6,76.2,193,A,0.2,11.0,7.0
45193,Carlton Blues,6.0,9.2,9.8,0.6666666666666666,1.2,0.8,37.333333333333336,48.8,47.0,22,A,0.2,11.0,7.0
44963,Carlton Blues,7.0,7.8,8.333333333333334,0.0,0.0,0.0,21.333333333333332,24.4,26.666666666666668,6,A,0.2,11.0,7.0
43556,Brisbane Lions,11.333333333333334,11.0,11.4,0.0,0.0,0.0,38.666666666666664,44.2,47.8,55,H,0.2,12.0,7.0
46302,Carlton Blues,7.0,7.8,8.333333333333334,,,,21.333333333333332,24.4,26.666666666666668,6,A,0.2,11.0,7.0
43726,Carlton Blues,10.0,8.5,8.5,0.0,0.0,0.0,56.666666666666664,43.2,43.2,5,A,0.2,11.0,7.0
46003,Fremantle Dockers,,,,,,,,,,0,A,0.6,1.0,6.0
43455,Gold Coast Suns,11.333333333333334,13.6,14.6,0.0,0.0,0.0,41.333333333333336,49.6,59.9,109,A,0.4,10.0,7.0
43911,Western Bulldogs,16.333333333333332,11.8,13.8,0.3333333333333333,0.2,0.2,66.33333333333333,48.4,56.4,21,A,0.8,5.0,7.0
44615,Brisbane Lions,12.0,13.6,15.6,0.0,0.0,0.0,37.0,57.2,64.2,12,H,0.2,12.0,7.0
45278,Carlton Blues,4.666666666666667,7.0,8.5,0.0,0.0,0.2,26.666666666666668,38.2,47.1,87,A,0.2,11.0,7.0
43332,Fremantle Dockers,,,,,,,,,,0,A,0.6,1.0,6.0
43787,Carlton Blues,7.333333333333333,9.2,9.8,0.0,0.0,0.4,31.666666666666668,40.8,47.2,62,A,0.2,11.0,7.0
44998,Gold Coast Suns,10.0,14.2,14.0,0.0,0.0,0.0,35.333333333333336,50.0,52.9,87,A,0.4,10.0,7.0
43748,Fremantle Dockers,13.0,12.2,11.2,0.0,0.0,0.0,66.66666666666667,60.0,53.7,170,A,0.6,1.0,6.0
43749,Fremantle Dockers,5.0,5.0,5.0,1.0,1.0,1.0,23.0,23.0,23.0,2,A,0.6,1.0,6.0
44669,Essendon Bombers,15.666666666666666,16.4,17.8,0.0,0.0,0.0,66.33333333333333,66.6,71.7,69,A,0.0,4.0,8.0
43645,Melbourne Demons,23.666666666666668,22.8,22.3,0.0,0.0,0.0,83.66666666666667,78.0,80.5,248,H,0.2,3.0,7.0
44199,Essendon Bombers,7.5,11.0,11.444444444444445,0.0,0.0,0.2,43.666666666666664,45.0,45.6,11,A,0.0,4.0,8.0
44590,Richmond Tigers,8.666666666666666,8.4,7.5,0.6666666666666666,0.6,0.6,66.33333333333333,62.2,58.5,267,H,0.8,1.0,9.0
44739,Sydney Swans,12.0,10.5,7.555555555555555,0.6666666666666666,0.6,0.3,55.333333333333336,57.4,50.2,109,H,0.8,1.0,7.0
45873,Sydney Swans,23.333333333333332,21.2,20.7,,,1.0,81.0,76.4,75.1,236,H,0.8,1.0,7.0
45548,Sydney Swans,20.0,20.0,17.555555555555557,2.0,1.75,1.7142857142857142,84.0,79.6,79.6,371,H,0.8,1.0,7.0
43963,Hawthorn Hawks,5.333333333333333,8.8,9.0,0.6666666666666666,0.6,0.6,40.0,53.6,51.9,236,H,0.8,2.0,8.0
44250,Hawthorn Hawks,17.666666666666668,15.6,14.0,0.0,0.0,0.0,74.66666666666667,68.0,60.1,250,H,0.8,2.0,8.0
45048,Collingwood Magpies,27.0,31.6,29.0,1.3333333333333333,1.4,1.0,106.66666666666667,118.4,112.1,257,A,0.4,1.0,202.0
45058,Sydney Swans,16.0,13.4,10.9,0.0,0.0,0.2,74.66666666666667,66.6,59.3,30,H,0.6,1.0,189.0
43877,Collingwood Magpies,8.666666666666666,8.0,8.0,0.3333333333333333,0.8,0.8,37.0,41.6,41.6,5,H,0.2,2.0,6.0
43526,Port Adelaide Power,10.333333333333334,9.8,11.7,0.0,0.0,0.0,42.333333333333336,39.2,43.2,166,A,1.0,1.0,6.0
43372,West Coast Eagles,14.333333333333334,12.2,11.875,0.6666666666666666,0.4,0.2,53.333333333333336,45.0,45.4,86,A,0.8,1.0,7.0
45220,Carlton Blues,16.0,15.2,14.11111111111111,0.0,0.2,0.2,59.333333333333336,62.4,57.8,20,A,0.2,8.0,6.0
45074,St Kilda Saints,7.0,8.6,7.111111111111111,0.0,0.2,0.1,28.333333333333332,38.6,37.6,13,A,0.2,7.0,7.0
44323,Melbourne Demons,18.0,14.6,12.6,0.0,0.0,0.0,65.66666666666667,49.8,45.2,222,H,0.6,3.0,6.0
44314,Hawthorn Hawks,11.0,11.0,11.0,0.0,0.0,0.0,36.0,36.0,36.0,1,A,0.8,1.0,6.0
46186,Hawthorn Hawks,11.0,11.0,11.0,,,,36.0,36.0,36.0,1,A,0.8,1.0,6.0
44061,Sydney Swans,,,,,,,,,,0,A,0.8,2.0,7.0
43946,Essendon Bombers,12.333333333333334,13.4,15.9,0.0,0.0,0.0,52.333333333333336,57.2,64.4,87,H,0.0,7.0,7.0
46137,Sydney Swans,,,,,,,,,,0,A,0.8,2.0,7.0
44139,Carlton Blues,7.0,8.75,10.11111111111111,0.0,0.0,0.0,33.0,35.0,41.5,149,H,0.6,5.0,8.0
44666,Fremantle Dockers,23.333333333333332,18.2,17.8,0.0,0.2,0.2,78.66666666666667,61.6,63.7,99,H,0.0,10.0,7.0
46056,Western Bulldogs,,,,,,,,,,0,A,0.8,1.0,7.0
43798,Brisbane Lions,11.333333333333334,11.0,11.166666666666666,0.3333333333333333,0.2,0.16666666666666666,50.333333333333336,48.0,44.666666666666664,6,A,0.2,5.0,8.0
43600,Western Bulldogs,,,,,,,,,,0,A,0.8,1.0,7.0
44984,Hawthorn Hawks,11.333333333333334,12.0,11.7,0.0,0.0,0.0,50.333333333333336,48.6,47.4,55,A,0.6,2.0,8.0
43869,Melbourne Demons,12.666666666666666,11.2,12.3,0.0,0.0,0.0,51.0,50.0,50.8,140,H,0.6,3.0,6.0
43379,Adelaide Crows,15.666666666666666,16.8,15.2,0.0,0.0,0.1,59.0,64.6,61.5,204,H,0.4,3.0,7.0
45933,Adelaide Crows,15.666666666666666,16.8,15.2,,,1.0,59.0,64.6,61.5,204,H,0.4,3.0,7.0
44594,Melbourne Demons,17.0,15.0,15.666666666666666,1.3333333333333333,1.0,0.8,70.33333333333333,65.6,63.4,16,H,0.6,3.0,6.0
44840,Gold Coast Suns,11.666666666666666,11.0,12.8,0.0,0.2,0.5,44.0,45.2,53.6,72,A,0.0,6.0,8.0
43513,Gold Coast Suns,12.0,12.4,10.3,0.3333333333333333,0.6,0.4,53.333333333333336,57.2,49.1,22,A,0.0,6.0,8.0
43543,Richmond Tigers,13.333333333333334,12.6,12.6,0.0,0.2,0.1,56.0,57.8,56.2,214,A,0.6,2.0,6.0
43649,Essendon Bombers,19.333333333333332,18.6,16.0,0.3333333333333333,0.2,0.2,69.33333333333333,68.4,61.9,195,A,0.0,8.0,7.0
43851,Brisbane Lions,6.0,7.4,6.6,0.6666666666666666,0.6,0.9,37.0,36.8,34.8,13,A,0.0,8.0,7.0
44555,St Kilda Saints,11.0,8.8,6.7,1.0,0.8,0.7,61.333333333333336,47.6,35.9,21,A,0.6,5.0,8.0
45106,Collingwood Magpies,8.333333333333334,10.2,10.8,0.0,0.0,0.0,35.0,41.0,40.6,158,H,0.4,5.0,7.0
43912,Collingwood Magpies,11.0,11.0,11.0,0.0,0.0,0.0,41.0,41.0,41.0,1,H,0.4,5.0,7.0
46109,Collingwood Magpies,11.0,11.0,11.0,,,,41.0,41.0,41.0,1,H,0.4,5.0,7.0
43783,Essendon Bombers,11.0,11.666666666666666,10.428571428571429,0.0,0.2,0.6,48.666666666666664,51.0,46.8,23,H,0.0,2.0,6.0
45219,Brisbane Lions,9.0,6.6,8.625,0.0,0.2,0.2,52.666666666666664,43.0,54.3,69,H,0.0,7.0,7.0
43792,West Coast Eagles,13.333333333333334,12.2,13.3,0.3333333333333333,0.2,0.2,59.333333333333336,55.6,57.5,119,H,0.6,4.0,6.0
43914,Carlton Blues,10.0,7.4,7.7,1.3333333333333333,1.0,0.7,70.0,60.2,60.7,25,A,0.8,3.0,8.0
44976,Fremantle Dockers,12.0,12.0,12.0,0.3333333333333333,0.3333333333333333,0.3333333333333333,55.0,55.0,55.0,3,H,0.4,5.0,7.0
43738,Greater Western Sydney Giants,7.0,6.8,6.125,0.0,0.4,0.25,57.333333333333336,57.4,52.625,8,A,0.6,2.0,7.0
43983,Fremantle Dockers,10.333333333333334,10.2,9.444444444444445,0.0,0.2,0.3,49.333333333333336,51.4,44.9,19,A,0.6,2.0,6.0
45128,Carlton Blues,21.333333333333332,17.0,16.3,0.3333333333333333,0.2,0.3,89.33333333333333,67.6,67.1,39,A,0.6,3.0,13.0
43306,Essendon Bombers,10.0,8.0,10.0,0.0,0.0,0.0,45.333333333333336,39.8,40.6,11,A,0.0,2.0,11.0
44361,Richmond Tigers,8.666666666666666,11.0,11.4,0.0,0.4,0.7,51.0,64.4,73.4,156,A,0.8,1.0,6.0
44271,St Kilda Saints,11.666666666666666,9.4,9.88888888888889,0.0,0.2,0.7,49.666666666666664,45.4,50.6,16,A,0.8,3.0,7.0
43569,Geelong Cats,9.333333333333334,11.0,10.9,1.0,1.6,1.8,45.333333333333336,56.4,58.5,105,H,0.6,1.0,13.0
43712,St Kilda Saints,7.0,6.2,8.2,0.0,0.0,0.0,32.333333333333336,30.4,36.8,62,A,0.6,4.0,8.0
44754,North Melbourne Kangaroos,12.333333333333334,12.8,15.1,0.3333333333333333,0.2,0.1,44.666666666666664,49.8,59.6,208,A,0.2,1.0,17.0
44780,Sydney Swans,6.666666666666667,10.4,10.6,0.3333333333333333,0.4,0.2,30.666666666666668,45.4,39.8,260,H,0.6,2.0,6.0
43958,Essendon Bombers,20.333333333333332,19.8,19.6,0.0,0.0,0.0,74.33333333333333,75.8,72.7,151,A,0.0,8.0,6.0
44333,Collingwood Magpies,7.666666666666667,9.6,11.7,0.3333333333333333,0.2,0.1,40.0,45.4,51.3,76,A,0.6,4.0,7.0
44416,West Coast Eagles,8.666666666666666,9.2,8.4,1.6666666666666667,1.4,0.9,42.333333333333336,43.6,41.3,92,A,0.6,1.0,7.0
44136,Carlton Blues,10.333333333333334,11.4,10.0,0.0,0.0,0.2,45.666666666666664,48.0,41.3,13,H,0.2,5.0,7.0
43948,Melbourne Demons,28.0,23.0,21.555555555555557,0.6666666666666666,0.6,0.3,118.33333333333333,100.4,85.0,99,A,0.4,3.0,8.0
44214,Melbourne Demons,14.0,15.6,16.1,0.3333333333333333,0.4,0.7,50.333333333333336,58.6,65.4,39,A,0.4,3.0,8.0
44943,Collingwood Magpies,21.0,18.2,16.2,0.3333333333333333,0.2,0.2,72.33333333333333,68.0,59.7,62,H,0.6,2.0,6.0
45059,Gold Coast Suns,10.333333333333334,11.4,10.2,0.0,0.0,0.0,43.333333333333336,49.0,44.0,39,H,0.4,9.0,7.0
44506,Port Adelaide Power,19.0,14.4,16.333333333333332,0.3333333333333333,0.2,0.4,72.66666666666667,54.6,66.8,34,H,0.4,3.0,8.0
44391,Richmond Tigers,9.0,8.5,8.5,0.3333333333333333,0.25,0.25,41.333333333333336,37.0,37.0,4,A,0.6,4.0,8.0
45250,Brisbane Lions,12.0,12.0,12.0,0.0,0.0,0.0,48.5,48.5,48.5,2,A,0.0,5.0,7.0
46358,Brisbane Lions,7.0,7.0,7.0,,,,48.5,48.5,48.5,2,A,0.0,5.0,7.0
43270,Western Bulldogs,15.0,14.0,12.9,0.0,0.0,0.8,50.333333333333336,49.2,55.8,212,A,0.6,1.0,6.0
44355,Gold Coast Suns,20.333333333333332,18.75,18.875,0.0,0.2,0.1,80.0,85.6,79.2,209,A,0.6,4.0,8.0
46215,Essendon Bombers,2.3333333333333335,2.3333333333333335,2.3333333333333335,,,,50.333333333333336,40.75,40.75,4,A,0.0,6.0,7.0
43698,Melbourne Demons,12.0,12.8,13.9,0.6666666666666666,0.6,0.9,58.666666666666664,56.0,63.7,120,H,0.2,3.0,8.0
43977,Essendon Bombers,14.333333333333334,13.2,11.333333333333334,1.0,0.6,0.4,67.33333333333333,62.0,52.7,12,A,0.0,6.0,7.0
44484,Essendon Bombers,7.333333333333333,6.5,6.5,0.0,0.0,0.0,50.333333333333336,40.75,40.75,4,A,0.0,6.0,7.0
46196,Richmond Tigers,16.0,16.0,16.0,,,,71.0,71.0,71.0,1,H,0.2,2.0,6.0
44359,Richmond Tigers,16.0,16.0,16.0,0.0,0.0,0.0,71.0,71.0,71.0,1,H,0.2,2.0,6.0
43490,Port Adelaide Power,12.666666666666666,11.2,10.6,1.6666666666666667,1.0,0.9,69.33333333333333,57.8,52.5,30,A,0.6,7.0,7.0
45018,Port Adelaide Power,13.0,11.2,11.4,0.0,0.0,0.0,45.666666666666664,42.6,44.8,100,A,0.6,7.0,7.0
44598,Gold Coast Suns,12.0,13.0,13.5,0.0,0.0,0.1,71.33333333333333,73.2,79.1,44,H,0.6,9.0,6.0
45158,Carlton Blues,13.333333333333334,13.2,11.9,1.0,1.2,0.9,52.666666666666664,56.4,56.1,201,H,0.0,4.0,8.0
44572,North Melbourne Kangaroos,7.666666666666667,8.0,9.7,0.0,0.6,0.4,35.666666666666664,44.0,53.7,116,A,0.4,5.0,7.0
45124,West Coast Eagles,9.333333333333334,7.0,6.333333333333333,0.3333333333333333,0.4,0.5555555555555556,43.666666666666664,33.8,33.55555555555556,9,A,0.8,4.0,6.0
44934,Essendon Bombers,16.666666666666668,13.0,14.0,0.3333333333333333,0.2,0.3,52.666666666666664,44.0,51.4,40,H,0.0,6.0,7.0
43745,Richmond Tigers,6.0,4.5,4.5,0.6666666666666666,0.5,0.5,56.666666666666664,48.75,48.75,4,H,0.4,3.0,9.0
43949,Essendon Bombers,7.333333333333333,9.4,10.166666666666666,1.3333333333333333,1.2,1.1666666666666667,45.333333333333336,50.2,55.333333333333336,6,H,0.0,6.0,7.0
44716,Essendon Bombers,14.666666666666666,14.6,11.666666666666666,0.0,0.0,0.1,46.0,49.2,40.1,100,H,0.0,6.0,7.0
46114,Essendon Bombers,7.333333333333333,9.4,10.166666666666666,1.3333333333333333,1.2,1.1666666666666667,45.333333333333336,50.2,55.333333333333336,6,H,0.0,6.0,7.0
44440,North Melbourne Kangaroos,16.333333333333332,17.0,15.3,0.0,0.0,0.0,73.0,70.0,60.9,36,H,0.4,4.0,7.0
44137,Essendon Bombers,8.333333333333334,8.2,8.3,0.6666666666666666,0.6,0.6,50.333333333333336,54.0,61.9,159,H,0.2,6.0,7.0
43614,Essendon Bombers,21.666666666666668,22.4,22.444444444444443,0.6666666666666666,0.4,0.2,96.33333333333333,94.8,92.1,249,H,0.2,6.0,7.0
44644,Brisbane Lions,11.5,8.0,9.11111111111111,0.0,0.2,0.4,38.0,30.0,37.7,15,H,0.4,5.0,8.0
43801,Carlton Blues,11.333333333333334,12.4,13.333333333333334,0.3333333333333333,0.6,1.3,53.0,58.0,64.7,130,H,0.0,4.0,8.0
45024,Essendon Bombers,18.666666666666668,16.4,17.9,0.0,0.0,0.6,73.0,64.8,74.5,199,H,0.2,6.0,7.0
44486,Melbourne Demons,8.0,11.0,9.9,0.3333333333333333,0.2,0.1,48.0,58.6,55.4,21,A,0.6,3.0,8.0
44519,Richmond Tigers,19.0,16.4,14.0,0.3333333333333333,0.2,0.3,75.33333333333333,68.6,62.7,59,A,0.2,7.0,7.0
43975,Richmond Tigers,8.333333333333334,8.8,8.6,0.3333333333333333,0.2,0.3,62.0,68.0,72.7,97,A,0.2,7.0,7.0
44185,Melbourne Demons,21.0,23.0,20.444444444444443,0.3333333333333333,0.2,0.1,85.0,85.2,76.2,60,A,0.6,5.0,6.0
46248,Port Adelaide Power,10.0,10.0,10.0,1.0,1.0,1.0,53.0,53.0,53.0,2,A,0.2,6.0,7.0
44879,Port Adelaide Power,7.333333333333333,7.2,8.7,1.3333333333333333,1.2,1.8,42.666666666666664,40.4,51.7,193,A,0.2,6.0,7.0
44235,Essendon Bombers,10.0,9.8,9.6,1.3333333333333333,1.2,0.9,46.666666666666664,45.4,46.4,21,H,0.2,10.0,6.0
44645,Port Adelaide Power,10.0,10.0,10.0,0.5,0.5,0.5,53.0,53.0,53.0,2,A,0.2,6.0,7.0
43718,Essendon Bombers,13.0,13.8,14.4,0.3333333333333333,0.4,0.3,46.333333333333336,51.2,57.0,132,H,0.2,10.0,6.0
44240,Port Adelaide Power,14.0,16.5,14.777777777777779,0.6666666666666666,0.4,0.3,56.333333333333336,63.2,61.2,81,A,0.2,6.0,7.0
43572,Brisbane Lions,6.0,6.0,6.0,0.0,0.0,0.0,28.0,28.0,28.0,1,A,0.4,5.0,7.0
43719,St Kilda Saints,10.666666666666666,11.0,8.7,0.3333333333333333,0.2,0.1,77.33333333333333,73.8,57.6,221,H,0.6,3.0,8.0
45292,Fremantle Dockers,8.666666666666666,6.8,6.8,2.0,1.8,1.8,67.33333333333333,60.8,60.8,5,H,0.0,5.0,8.0
43821,St Kilda Saints,12.333333333333334,13.2,13.6,0.0,0.0,0.0,46.333333333333336,56.8,56.3,227,H,0.6,3.0,8.0
46048,Brisbane Lions,6.0,6.0,6.0,,,,28.0,28.0,28.0,1,A,0.4,5.0,7.0
44479,Brisbane Lions,10.666666666666666,9.6,9.1,0.0,0.0,0.0,41.333333333333336,34.2,31.9,199,A,0.4,5.0,7.0
45793,Fremantle Dockers,13.666666666666666,14.4,13.333333333333334,2.0,2.0,2.2222222222222223,77.33333333333333,76.2,75.1,352,H,0.0,5.0,8.0
44072,St Kilda Saints,4.333333333333333,5.0,5.0,0.0,0.0,0.0,37.0,42.75,42.75,4,H,0.6,3.0,8.0
44503,Western Bulldogs,9.333333333333334,8.8,8.555555555555555,0.3333333333333333,0.2,0.4,71.66666666666667,69.2,69.3,190,A,0.6,2.0,7.0
46370,Fremantle Dockers,11.5,10.25,10.25,2.0,1.8,1.8,67.33333333333333,60.8,60.8,5,H,0.0,5.0,8.0
43465,West Coast Eagles,9.333333333333334,7.2,7.3,0.0,0.0,0.1,46.333333333333336,33.8,34.0,93,H,0.8,1.0,13.0
43818,North Melbourne Kangaroos,14.333333333333334,13.4,12.0,0.0,0.0,0.0,52.0,49.8,45.4,274,A,0.2,4.0,14.0
44857,North Melbourne Kangaroos,26.333333333333332,26.25,25.444444444444443,0.6666666666666666,0.4,0.2,87.0,89.8,87.3,321,A,0.2,4.0,14.0
45465,North Melbourne Kangaroos,26.333333333333332,26.8,25.555555555555557,2.0,2.0,2.0,87.0,89.8,87.3,321,A,0.2,4.0,14.0
45576,North Melbourne Kangaroos,26.0,24.4,22.7,2.5,1.75,1.625,106.0,98.8,90.9,431,A,0.2,4.0,14.0
43796,Geelong Cats,18.0,20.0,21.571428571428573,0.3333333333333333,0.2,0.2,74.33333333333333,89.2,91.6,331,H,1.0,1.0,14.0
43349,Geelong Cats,15.666666666666666,18.4,21.555555555555557,1.0,0.8,0.6,75.66666666666667,77.4,83.0,304,H,1.0,1.0,14.0
44658,Greater Western Sydney Giants,10.666666666666666,12.5,11.222222222222221,0.0,0.0,0.1,54.0,58.8,52.4,219,H,0.8,1.0,14.0
44781,Sydney Swans,15.333333333333334,14.6,13.0,1.0,0.8,1.3,66.0,65.6,66.5,11,H,0.8,1.0,8.0
44415,Sydney Swans,16.333333333333332,16.0,13.6,1.6666666666666667,2.2,1.4,88.33333333333333,93.0,74.1,170,H,0.8,1.0,8.0
43942,Richmond Tigers,8.666666666666666,10.8,10.4,0.0,0.8,0.8,53.0,73.0,66.8,62,H,0.4,1.0,7.0
43703,Fremantle Dockers,4.666666666666667,5.6,7.9,0.0,0.0,0.0,22.0,22.6,31.0,165,A,0.2,4.0,7.0
43630,Geelong Cats,13.666666666666666,14.8,15.222222222222221,0.0,0.2,0.3,55.666666666666664,66.6,66.5,15,H,0.8,1.0,7.0
43775,Port Adelaide Power,7.0,7.0,7.0,1.0,1.0,1.0,42.5,42.5,42.5,2,H,0.6,1.0,6.0
44274,Richmond Tigers,11.0,11.2,12.1,0.6666666666666666,0.4,0.3,55.666666666666664,56.2,57.9,20,H,0.4,1.0,9.0
46086,Port Adelaide Power,11.0,11.0,11.0,2.0,2.0,2.0,42.5,42.5,42.5,2,H,0.6,1.0,6.0
44646,Carlton Blues,14.666666666666666,14.2,14.11111111111111,0.0,0.2,1.3,61.666666666666664,56.4,66.8,122,H,0.2,3.0,7.0
43854,Brisbane Lions,7.0,8.8,8.88888888888889,0.0,0.0,0.0,28.666666666666668,40.8,42.1,55,A,0.4,2.0,8.0
45224,Collingwood Magpies,14.666666666666666,14.4,12.9,1.3333333333333333,1.8,1.4,73.66666666666667,82.0,69.9,126,H,0.4,2.0,9.0
44836,Geelong Cats,17.0,16.6,16.6,0.0,0.0,0.0,58.0,56.8,61.7,21,A,0.8,1.0,9.0
43702,Brisbane Lions,7.666666666666667,7.8,10.0,1.0,1.0,0.5,42.666666666666664,40.0,41.0,17,A,0.2,6.0,6.0
44987,Melbourne Demons,7.666666666666667,7.4,8.0,1.0,1.0,0.5,44.666666666666664,57.8,66.4,37,A,0.4,2.0,9.0
44130,Sydney Swans,13.0,13.4,12.6,0.0,0.6,0.6,52.666666666666664,56.4,53.8,27,A,0.0,9.0,7.0
44248,Sydney Swans,12.666666666666666,14.4,13.0,0.3333333333333333,0.2,0.1,60.0,61.2,52.7,86,A,0.0,9.0,7.0
44535,Richmond Tigers,11.333333333333334,11.8,11.3,0.3333333333333333,0.2,0.1,43.333333333333336,47.2,43.6,86,A,1.0,1.0,6.0
43890,West Coast Eagles,9.0,8.6,9.5,0.0,0.2,0.4,61.666666666666664,64.0,65.7,62,A,0.6,4.0,7.0
43329,Fremantle Dockers,9.0,9.0,9.0,0.6666666666666666,0.6666666666666666,0.6666666666666666,66.33333333333333,66.33333333333333,66.33333333333333,3,H,0.6,1.0,8.0
46002,Fremantle Dockers,14.0,14.0,14.0,1.0,1.0,1.0,66.33333333333333,66.33333333333333,66.33333333333333,3,H,0.6,1.0,8.0
43823,Hawthorn Hawks,6.333333333333333,4.6,4.5,1.0,1.0,0.9,65.66666666666667,54.4,50.7,25,H,0.4,8.0,6.0
44476,Adelaide Crows,9.0,8.75,8.0,1.3333333333333333,0.8,0.6,53.333333333333336,50.6,42.2,43,H,0.8,1.0,7.0
43352,Richmond Tigers,15.0,12.4,11.6,0.0,0.0,0.0,47.666666666666664,41.6,43.8,83,H,0.6,1.0,8.0
44864,Collingwood Magpies,13.333333333333334,14.0,13.1,0.0,0.2,0.1,50.666666666666664,57.0,52.6,27,H,0.2,6.0,7.0
46228,West Coast Eagles,5.666666666666667,5.666666666666667,5.666666666666667,1.0,1.0,1.0,48.666666666666664,48.666666666666664,48.666666666666664,3,A,0.8,1.0,9.0
44568,West Coast Eagles,10.666666666666666,10.666666666666666,10.666666666666666,0.3333333333333333,0.3333333333333333,0.3333333333333333,48.666666666666664,48.666666666666664,48.666666666666664,3,A,0.8,1.0,9.0
44122,Fremantle Dockers,7.0,9.0,10.6,0.0,0.0,0.0,53.333333333333336,54.6,61.7,176,A,0.8,2.0,6.0
43793,Richmond Tigers,7.666666666666667,9.0,8.333333333333334,0.0,0.0,0.1111111111111111,42.666666666666664,43.8,39.77777777777778,9,H,0.2,3.0,7.0
45253,Hawthorn Hawks,4.0,4.0,4.0,0.0,0.0,0.0,40.0,40.0,40.0,1,A,0.6,2.0,6.0
45148,Hawthorn Hawks,9.666666666666666,10.0,9.5,0.3333333333333333,0.4,0.8,49.333333333333336,52.8,53.7,124,A,0.6,2.0,6.0
46363,Hawthorn Hawks,9.0,9.0,9.0,,,,40.0,40.0,40.0,1,A,0.6,2.0,6.0
45001,Essendon Bombers,16.666666666666668,16.4,21.7,0.0,0.0,0.5,64.33333333333333,66.8,88.5,254,A,0.4,4.0,7.0
45107,Port Adelaide Power,15.666666666666666,16.6,17.2,0.3333333333333333,0.2,0.1,59.0,67.6,64.8,36,A,0.6,1.0,9.0
43887,Hawthorn Hawks,13.666666666666666,14.6,16.3,0.0,0.0,0.0,59.666666666666664,57.4,58.0,224,H,0.6,4.0,9.0
44009,Brisbane Lions,13.333333333333334,15.4,12.3,0.0,0.0,0.0,62.0,63.4,51.3,80,A,0.2,6.0,7.0
44647,Brisbane Lions,15.333333333333334,16.6,15.4,0.0,0.0,0.0,62.666666666666664,66.4,58.9,54,A,0.2,6.0,7.0
45251,Gold Coast Suns,11.0,11.0,11.0,0.0,0.0,0.0,44.0,41.0,41.0,4,H,0.6,3.0,7.0
45227,Melbourne Demons,9.666666666666666,9.666666666666666,9.666666666666666,0.0,0.0,0.0,55.666666666666664,55.666666666666664,55.666666666666664,3,H,0.8,1.0,6.0
43493,West Coast Eagles,16.333333333333332,14.0,15.777777777777779,0.0,0.0,0.0,57.666666666666664,52.2,61.4,165,A,0.2,6.0,7.0
43363,Adelaide Crows,13.5,13.5,13.5,0.5,0.5,0.5,60.0,60.0,60.0,2,A,0.6,2.0,9.0
46009,Adelaide Crows,13.5,13.5,13.5,1.0,1.0,1.0,60.0,60.0,60.0,2,A,0.6,2.0,9.0
44746,Collingwood Magpies,11.666666666666666,12.0,12.9,0.0,0.0,0.0,51.666666666666664,57.2,65.9,16,A,0.6,4.0,8.0
45089,Adelaide Crows,22.333333333333332,23.0,22.2,0.3333333333333333,0.4,0.2,107.33333333333333,103.8,98.0,307,H,0.6,1.0,6.0
43974,Brisbane Lions,6.666666666666667,7.2,7.222222222222222,0.6666666666666666,0.4,0.2,32.666666666666664,32.2,33.7,11,H,0.4,10.0,6.0
43696,Gold Coast Suns,10.0,13.0,13.222222222222221,0.6666666666666666,0.8,0.8,53.666666666666664,58.0,62.0,34,A,0.6,6.0,7.0
44113,Richmond Tigers,18.0,18.0,18.5,0.0,0.0,0.1,61.0,65.6,69.4,104,A,0.8,3.0,7.0
44908,Carlton Blues,10.666666666666666,12.0,12.0,0.0,0.0,0.0,36.333333333333336,43.0,43.0,5,H,0.4,5.0,8.0
44024,Hawthorn Hawks,11.666666666666666,11.5,11.5,0.0,0.0,0.0,49.333333333333336,50.5,50.5,4,A,0.4,7.0,7.0
45017,Hawthorn Hawks,9.333333333333334,10.25,11.4,0.6666666666666666,0.8,0.8333333333333334,46.0,48.0,55.166666666666664,6,A,0.4,7.0,7.0
44931,Carlton Blues,16.0,14.5,14.11111111111111,0.0,0.0,0.0,52.666666666666664,58.8,59.9,59,H,0.4,5.0,7.0
45041,Carlton Blues,7.0,8.0,8.777777777777779,0.6666666666666666,0.6,0.5,34.666666666666664,39.0,42.3,31,H,0.4,5.0,7.0
44516,St Kilda Saints,24.0,24.4,24.5,0.6666666666666666,0.4,0.2,97.0,98.4,96.0,286,A,0.8,2.0,8.0
44994,Fremantle Dockers,19.333333333333332,18.4,16.9,0.0,0.0,0.0,82.66666666666667,72.8,68.1,119,H,0.2,7.0,6.0
44570,Greater Western Sydney Giants,9.333333333333334,13.2,14.1,0.3333333333333333,0.2,0.1,43.0,54.4,57.9,105,A,0.2,1.0,8.0
43838,Sydney Swans,9.666666666666666,10.2,10.2,0.3333333333333333,0.2,0.2,44.0,46.6,46.6,5,A,1.0,1.0,6.0
45228,Carlton Blues,12.333333333333334,13.2,12.666666666666666,0.0,0.0,0.0,52.333333333333336,54.4,57.0,86,H,0.0,9.0,6.0
45226,Port Adelaide Power,11.666666666666666,14.6,13.5,0.3333333333333333,0.4,0.7,41.666666666666664,60.6,61.7,152,H,0.6,4.0,7.0
44140,Brisbane Lions,12.0,14.2,14.428571428571429,0.6666666666666666,0.6,0.5714285714285714,53.0,55.2,57.857142857142854,7,A,0.4,6.0,7.0
43926,Gold Coast Suns,13.0,14.0,12.7,0.3333333333333333,0.4,0.9,57.0,54.0,55.2,94,A,0.2,7.0,7.0
46360,North Melbourne Kangaroos,14.0,14.0,14.0,1.0,1.0,1.0,65.0,65.0,65.0,1,H,0.2,8.0,7.0
45244,North Melbourne Kangaroos,14.0,14.0,14.0,1.0,1.0,1.0,65.0,65.0,65.0,1,H,0.2,8.0,7.0
44962,Western Bulldogs,10.666666666666666,11.4,13.6,0.6666666666666666,1.2,1.4,56.0,57.2,76.2,54,A,0.6,2.0,6.0
44198,West Coast Eagles,11.666666666666666,12.2,11.5,1.0,1.0,0.8333333333333334,59.666666666666664,57.2,54.0,6,A,0.6,4.0,7.0
44515,Port Adelaide Power,12.666666666666666,12.4,12.5,2.0,1.4,1.1,64.66666666666667,62.4,59.4,210,A,0.6,3.0,8.0
44099,Essendon Bombers,14.666666666666666,14.5,15.666666666666666,0.3333333333333333,0.2,0.2,58.0,56.4,61.6,123,H,0.8,5.0,7.0
43662,Gold Coast Suns,12.0,10.6,8.333333333333334,0.6666666666666666,0.4,0.5555555555555556,83.33333333333333,75.6,65.66666666666667,9,A,0.0,8.0,7.0
44050,West Coast Eagles,12.0,11.4,11.7,1.3333333333333333,1.2,1.5,59.333333333333336,54.6,60.1,172,A,0.6,4.0,7.0
43580,Western Bulldogs,13.0,11.6,12.1,1.0,0.8,1.1,71.33333333333333,65.0,65.0,255,H,0.8,4.0,8.0
43393,Essendon Bombers,19.666666666666668,20.6,20.5,0.0,0.2,0.1,77.0,78.8,84.0,156,A,0.6,6.0,7.0
44601,North Melbourne Kangaroos,8.666666666666666,9.2,10.166666666666666,0.0,0.0,0.0,37.666666666666664,37.8,39.666666666666664,6,A,0.2,5.0,7.0
46233,North Melbourne Kangaroos,8.666666666666666,9.2,10.166666666666666,,,,37.666666666666664,37.8,39.666666666666664,6,A,0.2,5.0,7.0
44699,Western Bulldogs,16.333333333333332,16.2,16.9,1.0,1.8,1.4,61.0,73.6,69.8,197,A,0.6,1.0,6.0
45767,Western Bulldogs,16.0,16.8,19.0,1.0,1.0,1.0,70.66666666666667,67.4,75.3,311,A,0.6,1.0,6.0
43428,Western Bulldogs,21.666666666666668,22.2,22.4,0.0,0.0,0.2,78.33333333333333,77.2,80.3,291,A,0.6,1.0,6.0
44956,Carlton Blues,7.0,7.2,11.4,0.0,0.0,0.2,44.666666666666664,37.8,48.1,46,A,0.2,7.0,7.0
43964,Gold Coast Suns,23.333333333333332,21.4,18.4,0.3333333333333333,0.4,0.4,81.66666666666667,74.8,67.9,25,A,0.0,7.0,7.0
43301,Carlton Blues,11.333333333333334,10.0,12.0,0.3333333333333333,0.8,0.7,60.666666666666664,50.2,56.1,144,A,0.2,7.0,7.0
43409,Carlton Blues,18.0,17.25,15.88888888888889,0.6666666666666666,0.6,0.6,79.66666666666667,69.6,64.4,24,A,0.2,7.0,7.0
43986,North Melbourne Kangaroos,12.666666666666666,11.8,13.222222222222221,1.0,0.8,0.5,65.33333333333333,58.4,62.7,150,A,0.2,9.0,6.0
43582,Brisbane Lions,8.666666666666666,8.4,8.7,0.6666666666666666,0.4,1.1,48.666666666666664,45.6,52.2,26,H,0.4,9.0,6.0
43357,Brisbane Lions,11.0,11.0,13.3,0.3333333333333333,0.2,0.3,45.666666666666664,42.2,54.8,53,H,0.4,9.0,6.0
45046,North Melbourne Kangaroos,19.333333333333332,21.0,21.0,0.0,0.4,0.3,87.33333333333333,85.8,86.1,223,A,0.2,9.0,6.0
46169,Collingwood Magpies,,,,,,,,,,0,H,0.4,6.0,7.0
45102,Sydney Swans,11.666666666666666,11.8,9.8,1.0,0.8,0.8,79.0,78.0,63.5,177,H,0.8,3.0,8.0
44229,Collingwood Magpies,,,,,,,,,,0,H,0.4,6.0,7.0
45037,Fremantle Dockers,12.333333333333334,12.2,14.7,0.0,0.2,0.3,62.333333333333336,61.0,64.0,155,A,0.2,6.0,7.0
44786,St Kilda Saints,12.666666666666666,13.8,15.7,1.3333333333333333,1.6,1.5,67.33333333333333,77.4,80.8,335,A,0.4,3.0,7.0
43941,Fremantle Dockers,11.0,9.4,8.88888888888889,0.3333333333333333,0.4,0.3,85.33333333333333,76.0,68.5,96,A,0.2,6.0,7.0
44065,Essendon Bombers,21.5,18.75,17.22222222222222,1.0,0.6,0.4,77.0,68.6,69.4,125,H,0.6,3.0,8.0
44206,Essendon Bombers,22.0,18.6,20.2,0.0,0.0,0.0,90.0,76.4,81.8,312,A,0.6,3.0,13.0
45191,Essendon Bombers,17.666666666666668,20.0,22.6,0.3333333333333333,0.2,0.2,58.333333333333336,66.2,85.1,219,A,0.6,3.0,13.0
44656,West Coast Eagles,10.0,12.0,12.0,0.6666666666666666,0.6,0.6,41.0,45.6,45.6,5,A,0.6,3.0,13.0
46249,West Coast Eagles,10.0,12.0,12.0,1.0,1.0,1.0,41.0,45.6,45.6,5,A,0.6,3.0,13.0
44339,West Coast Eagles,12.0,12.8,12.1,0.0,0.0,0.0,56.333333333333336,54.8,52.8,146,A,0.6,2.0,7.0
45211,West Coast Eagles,12.666666666666666,13.0,16.6,0.0,0.0,0.0,38.0,39.0,60.9,170,A,0.6,2.0,7.0
44733,West Coast Eagles,22.666666666666668,18.2,17.4,1.0,0.6,0.4,115.66666666666667,99.8,92.9,239,A,0.6,2.0,7.0
44508,West Coast Eagles,27.666666666666668,26.0,26.11111111111111,0.0,0.0,0.1,91.33333333333333,87.4,82.8,328,A,0.6,2.0,7.0
44684,West Coast Eagles,11.333333333333334,11.0,12.3,1.3333333333333333,0.8,0.7,84.66666666666667,76.6,77.4,331,A,0.6,2.0,7.0
44303,Geelong Cats,14.666666666666666,15.4,15.0,0.0,0.0,0.0,60.0,61.4,60.3,208,A,0.8,1.0,7.0
44340,Geelong Cats,19.333333333333332,19.4,21.0,0.0,0.2,0.1,77.66666666666667,77.0,80.4,279,A,0.8,1.0,7.0
44161,Greater Western Sydney Giants,6.333333333333333,7.2,8.9,2.0,1.6,1.3,58.333333333333336,60.6,68.5,292,A,0.6,1.0,7.0
43371,Brisbane Lions,15.666666666666666,15.4,13.7,0.6666666666666666,0.6,0.7,61.0,62.4,59.1,71,A,0.2,1.0,210.0
44384,Melbourne Demons,18.0,18.0,18.0,1.0,1.0,1.0,78.0,78.0,78.0,1,H,0.4,1.0,211.0
45012,St Kilda Saints,23.666666666666668,20.8,21.2,0.0,0.0,0.3,81.33333333333333,72.8,80.6,90,A,0.6,1.0,6.0
43385,Brisbane Lions,14.666666666666666,14.4,15.2,0.3333333333333333,0.8,0.7,59.0,61.0,63.9,102,A,0.0,9.0,7.0
44759,Western Bulldogs,4.333333333333333,5.4,6.0,1.3333333333333333,1.0,1.5,54.333333333333336,55.6,63.8,35,H,0.2,7.0,6.0
43481,Melbourne Demons,11.666666666666666,12.0,13.3,1.3333333333333333,1.4,1.1,59.666666666666664,61.8,62.2,95,A,0.6,2.0,8.0
44789,Hawthorn Hawks,11.0,12.0,12.0,0.6666666666666666,0.6,0.7,42.666666666666664,46.8,54.5,188,H,0.6,2.0,7.0
44480,Essendon Bombers,15.666666666666666,16.4,16.8,0.3333333333333333,0.4,0.4,67.66666666666667,66.2,63.6,55,H,0.4,5.0,4.0
46005,Port Adelaide Power,12.666666666666666,13.4,10.88888888888889,,,,49.666666666666664,48.2,40.0,9,A,0.6,2.0,7.0
43348,Port Adelaide Power,12.666666666666666,13.4,10.88888888888889,0.0,0.0,0.0,49.666666666666664,48.2,40.0,9,A,0.6,2.0,7.0
43398,Collingwood Magpies,12.333333333333334,13.0,12.4,0.6666666666666666,1.4,1.0,50.333333333333336,60.4,55.4,156,A,0.6,2.0,7.0
44818,Gold Coast Suns,20.666666666666668,22.4,22.4,0.0,0.0,0.1,70.33333333333333,76.4,78.6,206,H,0.2,8.0,7.0
43638,Geelong Cats,12.333333333333334,12.2,13.0,1.3333333333333333,1.0,1.5,62.333333333333336,61.6,64.1,102,H,0.6,3.0,7.0
43476,Greater Western Sydney Giants,12.0,12.4,13.1,0.3333333333333333,1.0,0.8,46.0,53.6,58.2,40,H,0.2,4.0,7.0
44511,Greater Western Sydney Giants,7.333333333333333,8.2,10.9,0.0,0.0,0.0,31.666666666666668,34.0,47.5,47,H,0.2,4.0,7.0
44668,Fremantle Dockers,10.333333333333334,9.6,13.4,0.3333333333333333,0.2,0.5,62.666666666666664,59.8,74.0,257,H,0.4,6.0,8.0
43397,Geelong Cats,16.333333333333332,15.2,12.5,0.3333333333333333,0.6,0.6,74.66666666666667,70.6,57.3,56,H,0.8,2.0,7.0
45198,Western Bulldogs,12.666666666666666,10.8,11.7,0.3333333333333333,0.2,0.6,50.0,44.6,51.4,23,A,0.4,2.0,12.0
46167,Carlton Blues,9.0,9.0,9.0,1.0,1.0,1.0,44.333333333333336,44.333333333333336,44.333333333333336,3,H,0.2,6.0,15.0
43886,Adelaide Crows,23.333333333333332,22.2,23.6,0.6666666666666666,0.4,0.4,90.66666666666667,87.0,89.3,134,A,0.2,1.0,6.0
44222,Carlton Blues,9.0,9.0,9.0,0.6666666666666666,0.6666666666666666,0.6666666666666666,44.333333333333336,44.333333333333336,44.333333333333336,3,H,0.2,6.0,15.0
43937,Geelong Cats,8.0,8.8,9.8,0.0,0.4,0.3,46.333333333333336,48.2,48.4,38,H,0.8,2.0,8.0
43935,Essendon Bombers,8.666666666666666,10.4,11.4,0.6666666666666666,1.2,1.2,38.333333333333336,49.6,54.0,104,A,0.6,2.0,11.0
44006,North Melbourne Kangaroos,15.666666666666666,15.4,17.3,0.3333333333333333,0.2,0.5,60.333333333333336,59.2,66.5,75,A,0.6,1.0,14.0
44432,West Coast Eagles,11.0,10.5,11.222222222222221,0.0,0.0,0.5,48.0,47.2,52.7,13,A,0.6,1.0,9.0
44258,Hawthorn Hawks,12.666666666666666,12.4,14.2,0.0,0.0,0.1,48.333333333333336,46.4,54.1,71,A,0.6,4.0,7.0
45108,Sydney Swans,11.666666666666666,12.6,13.0,0.6666666666666666,0.6,0.8,45.0,50.6,60.7,56,H,0.8,1.0,7.0
43976,Adelaide Crows,10.666666666666666,12.2,14.1,0.6666666666666666,0.4,0.4,56.666666666666664,53.4,63.1,62,A,0.2,2.0,6.0
45284,St Kilda Saints,10.0,9.0,9.0,0.6666666666666666,0.8,0.7,46.666666666666664,41.4,44.4,34,A,0.4,6.0,6.0
43297,Fremantle Dockers,11.0,11.0,8.5,0.6666666666666666,0.8,0.6,66.66666666666667,65.4,47.3,11,A,0.4,4.0,6.0
44133,North Melbourne Kangaroos,24.0,20.2,19.8,1.0,0.6,0.3,83.66666666666667,77.0,76.9,89,H,0.6,4.0,7.0
43497,Geelong Cats,6.333333333333333,8.0,8.125,0.6666666666666666,0.6,0.75,35.0,42.0,45.0,8,A,0.6,1.0,7.0
43389,Western Bulldogs,11.666666666666666,13.2,17.666666666666668,0.3333333333333333,0.2,0.1,53.333333333333336,56.0,74.2,62,A,0.2,6.0,7.0
44306,Essendon Bombers,12.333333333333334,12.5,12.5,0.0,0.0,0.0,50.333333333333336,52.0,52.0,4,A,0.6,5.0,6.0
46221,North Melbourne Kangaroos,18.0,18.0,18.0,,,,79.0,79.0,79.0,1,A,0.4,4.0,6.0
44369,Sydney Swans,9.0,8.8,8.8,0.0,0.0,0.0,51.333333333333336,47.4,49.8,24,H,0.6,1.0,6.0
44527,North Melbourne Kangaroos,18.0,18.0,18.0,0.0,0.0,0.0,79.0,79.0,79.0,1,A,0.4,4.0,6.0
44904,Carlton Blues,14.0,14.2,17.4,0.3333333333333333,0.2,0.2,51.333333333333336,53.6,64.3,103,H,0.0,6.0,9.0
45082,Port Adelaide Power,12.5,12.5,12.444444444444445,0.3333333333333333,0.6,0.7,66.33333333333333,64.4,59.4,211,H,0.8,2.0,7.0
45114,Port Adelaide Power,16.666666666666668,17.0,17.8,0.0,0.0,0.1,69.0,66.8,70.8,88,H,0.8,2.0,7.0
43429,Western Bulldogs,13.333333333333334,10.6,11.5,0.3333333333333333,0.2,0.4,71.33333333333333,60.6,66.2,60,A,0.2,5.0,8.0
43347,Brisbane Lions,13.0,13.6,14.0,1.0,0.6,0.9,56.666666666666664,54.4,59.0,22,A,0.6,8.0,7.0
44075,Western Bulldogs,13.333333333333334,13.0,15.0,0.0,0.2,0.2,59.666666666666664,64.0,67.5,34,H,0.2,6.0,7.0
44635,Hawthorn Hawks,15.333333333333334,15.2,15.3,0.0,0.2,0.4,52.333333333333336,55.0,55.9,20,A,0.6,3.0,7.0
43655,Geelong Cats,16.333333333333332,18.8,18.4,0.0,0.2,0.2,67.66666666666667,73.8,71.0,14,A,0.6,2.0,6.0
45221,Hawthorn Hawks,14.0,13.5,13.666666666666666,0.3333333333333333,0.4,0.2,64.33333333333333,65.4,61.9,110,H,0.6,3.0,6.0
45149,Melbourne Demons,11.0,10.0,11.0,0.0,0.0,0.0,49.0,45.6,55.5,228,H,0.6,3.0,8.0
44302,Gold Coast Suns,17.333333333333332,15.8,17.6,0.3333333333333333,0.2,0.2,75.33333333333333,60.4,66.1,59,A,0.2,5.0,8.0
44638,Carlton Blues,12.333333333333334,11.4,12.333333333333334,0.0,0.0,0.0,53.333333333333336,47.4,52.0,91,H,0.2,6.0,8.0
44990,Gold Coast Suns,7.5,10.5,11.833333333333334,0.0,0.0,0.0,47.0,51.4,51.857142857142854,7,A,0.2,5.0,8.0
43852,St Kilda Saints,19.0,19.0,19.0,0.0,0.0,0.0,57.0,57.0,57.0,1,A,0.2,2.0,6.0
46104,St Kilda Saints,19.0,19.0,19.0,,,,57.0,57.0,57.0,1,A,0.2,2.0,6.0
46227,Collingwood Magpies,20.333333333333332,20.6,21.1,,,,67.0,69.4,77.0,12,H,0.4,4.0,7.0
44565,Collingwood Magpies,20.333333333333332,21.0,21.125,0.0,0.0,0.0,67.0,69.4,77.0,12,H,0.4,4.0,7.0
43922,Carlton Blues,15.0,16.4,16.5,0.0,0.0,0.1,52.333333333333336,58.4,63.8,47,A,0.2,6.0,7.0
44671,Melbourne Demons,10.0,13.0,13.777777777777779,0.6666666666666666,1.2,0.9,50.333333333333336,61.4,66.0,79,H,0.8,1.0,7.0
44973,Sydney Swans,11.333333333333334,11.2,13.4,0.0,0.0,0.0,56.666666666666664,58.2,58.8,210,A,0.4,1.0,8.0
44701,Carlton Blues,9.0,8.6,9.444444444444445,0.0,0.2,0.6,42.333333333333336,40.0,43.0,16,A,0.2,6.0,7.0
44152,Sydney Swans,13.666666666666666,13.8,12.7,0.0,0.0,0.0,65.66666666666667,63.0,55.7,46,A,0.4,1.0,8.0
43710,Essendon Bombers,12.0,13.75,13.555555555555555,0.0,0.0,0.0,53.0,57.6,56.0,69,A,0.8,2.0,7.0
43548,Adelaide Crows,15.5,17.0,13.555555555555555,0.0,0.0,0.0,59.333333333333336,66.0,56.2,84,H,0.6,4.0,8.0
44277,Essendon Bombers,13.666666666666666,12.4,12.8,0.3333333333333333,0.2,0.2,82.33333333333333,75.8,77.1,136,A,0.6,2.0,7.0
43903,Essendon Bombers,12.5,17.5,20.333333333333332,0.0,0.0,0.0,47.666666666666664,54.2,67.7,333,A,0.6,2.0,7.0
44582,Port Adelaide Power,11.0,9.5,12.666666666666666,0.0,0.0,0.6,47.0,43.6,57.6,65,H,0.2,1.0,6.0
44159,Fremantle Dockers,11.333333333333334,12.8,14.3,0.0,0.6,0.3,43.333333333333336,57.8,63.1,243,H,0.2,7.0,7.0
44220,Carlton Blues,25.333333333333332,21.8,20.5,0.3333333333333333,0.2,0.3,98.33333333333333,85.2,83.7,68,H,0.2,10.0,6.0
43644,Gold Coast Suns,9.666666666666666,9.0,9.11111111111111,0.3333333333333333,0.4,0.4444444444444444,46.666666666666664,43.6,46.333333333333336,9,A,0.2,9.0,7.0
44275,Gold Coast Suns,6.0,7.8,8.3,0.3333333333333333,0.2,0.1,27.333333333333332,37.2,37.1,27,A,0.2,9.0,7.0
44643,Collingwood Magpies,11.666666666666666,11.0,14.0,0.3333333333333333,0.6,0.3,53.0,49.6,60.1,33,A,0.6,2.0,7.0
44326,Western Bulldogs,8.333333333333334,8.6,9.833333333333334,0.0,0.0,0.0,29.666666666666668,29.4,40.375,8,A,0.6,7.0,6.0
44252,Carlton Blues,13.0,12.0,11.5,0.0,0.2,0.2,68.0,65.0,62.0,65,H,0.2,10.0,6.0
44492,Hawthorn Hawks,18.0,18.6,15.5,0.0,0.4,0.5,64.66666666666667,71.6,62.0,11,A,1.0,2.0,7.0
44548,Carlton Blues,12.333333333333334,13.4,13.3,0.3333333333333333,0.2,0.1,51.666666666666664,56.2,57.2,97,H,0.2,10.0,6.0
43344,Gold Coast Suns,20.0,22.8,25.77777777777778,0.6666666666666666,0.6,0.9,76.0,90.0,95.8,140,A,0.2,9.0,7.0
46061,Gold Coast Suns,9.666666666666666,9.5,9.375,1.0,1.0,1.0,46.666666666666664,43.6,46.333333333333336,9,A,0.2,9.0,7.0
44223,Fremantle Dockers,14.333333333333334,14.2,13.4,0.3333333333333333,0.4,0.2,62.666666666666664,64.6,55.0,65,H,0.2,7.0,7.0
45283,Carlton Blues,12.0,13.6,12.4,1.6666666666666667,1.4,1.0,60.666666666666664,67.0,60.9,158,H,0.2,10.0,6.0
43939,Fremantle Dockers,10.333333333333334,9.0,8.8,0.3333333333333333,0.6,0.5,42.666666666666664,35.4,38.8,20,H,0.2,7.0,7.0
46190,Western Bulldogs,8.333333333333334,8.6,12.5,,,,29.666666666666668,29.4,40.375,8,A,0.6,7.0,6.0
43501,Carlton Blues,18.0,16.2,14.88888888888889,0.0,0.0,0.0,68.0,62.2,56.3,21,H,0.2,10.0,6.0
43889,St Kilda Saints,12.0,11.2,13.7,0.0,0.0,0.1,52.0,40.6,54.9,207,H,0.0,6.0,8.0
46270,St Kilda Saints,10.666666666666666,11.8,13.9,,,,38.0,42.4,52.9,10,H,0.0,6.0,8.0
44774,St Kilda Saints,10.666666666666666,11.8,14.375,0.0,0.0,0.0,38.0,42.4,52.9,10,H,0.0,6.0,8.0
43316,St Kilda Saints,11.666666666666666,14.4,9.3,0.0,0.0,0.0,61.666666666666664,76.2,58.6,19,H,0.0,6.0,8.0
45157,North Melbourne Kangaroos,14.333333333333334,16.8,14.9,2.3333333333333335,2.8,2.8,81.33333333333333,92.4,82.4,243,A,0.4,4.0,7.0
44806,Sydney Swans,11.0,11.6,11.7,0.0,0.2,0.1,44.0,46.4,45.4,24,H,0.6,3.0,14.0
44873,Hawthorn Hawks,8.333333333333334,9.2,9.4,0.6666666666666666,0.8,0.8,36.0,45.6,45.5,120,H,0.8,1.0,8.0
43940,Greater Western Sydney Giants,7.333333333333333,9.6,10.9,0.6666666666666666,0.6,0.9,51.666666666666664,55.6,61.5,256,A,0.6,2.0,7.0
43944,Richmond Tigers,22.333333333333332,21.6,21.5,0.0,0.0,0.1,78.33333333333333,80.2,81.1,213,H,1.0,1.0,15.0
43907,Collingwood Magpies,7.0,9.2,11.2,0.0,0.0,0.0,29.333333333333332,42.0,47.6,164,A,0.8,2.0,8.0
44266,West Coast Eagles,14.0,15.4,14.11111111111111,1.0,1.0,1.1,64.66666666666667,69.4,66.2,218,H,0.8,1.0,7.0
44748,Richmond Tigers,15.0,15.6,14.8,0.0,0.0,0.0,57.666666666666664,57.0,54.3,199,A,0.8,1.0,181.0
43951,Sydney Swans,11.5,12.75,15.88888888888889,0.3333333333333333,0.2,0.1,59.666666666666664,57.8,63.3,255,A,0.6,1.0,196.0
44703,St Kilda Saints,11.333333333333334,10.0,10.0,0.0,0.25,0.25,55.666666666666664,49.75,49.75,4,H,0.0,1.0,210.0
45209,Richmond Tigers,11.666666666666666,13.6,13.6,0.6666666666666666,0.6,0.5,53.0,63.8,58.5,122,H,0.8,1.0,7.0
43870,Carlton Blues,13.333333333333334,12.6,10.4,0.0,0.0,0.3,55.0,51.2,52.8,29,A,0.0,5.0,9.0
45196,Port Adelaide Power,17.333333333333332,15.6,14.9,0.3333333333333333,0.2,0.5,64.66666666666667,60.0,61.9,173,H,0.2,1.0,7.0
44234,Melbourne Demons,11.666666666666666,13.0,15.3,0.0,0.0,0.0,52.666666666666664,54.4,64.1,79,H,0.4,1.0,6.0
43351,Brisbane Lions,12.0,13.2,17.1,0.6666666666666666,0.4,0.7,59.666666666666664,55.6,72.1,163,H,0.6,1.0,6.0
44293,Carlton Blues,9.333333333333334,9.4,8.6,0.0,0.2,0.1,77.33333333333333,82.2,76.5,99,A,0.0,4.0,8.0
44505,Hawthorn Hawks,18.666666666666668,16.4,17.1,0.0,0.0,0.0,78.0,68.6,68.2,10,H,0.4,2.0,8.0
44304,St Kilda Saints,3.0,1.4,3.3,0.0,0.0,0.1,56.333333333333336,45.0,66.3,65,H,0.8,1.0,7.0
44153,Port Adelaide Power,6.0,7.5,8.555555555555555,1.0,1.2,0.8,28.0,37.8,42.3,10,H,0.4,3.0,8.0
44205,Melbourne Demons,,,,0.0,0.0,0.0,30.0,30.0,30.0,1,A,0.4,9.0,7.0
46165,Melbourne Demons,6.0,6.0,6.0,,,,30.0,30.0,30.0,1,A,0.4,9.0,7.0
45286,North Melbourne Kangaroos,18.333333333333332,20.4,18.9,0.0,0.0,0.0,53.0,67.6,64.0,135,H,0.4,6.0,7.0
45145,West Coast Eagles,10.666666666666666,10.8,10.5,0.3333333333333333,0.4,0.6,53.666666666666664,50.2,48.8,20,H,0.6,1.0,6.0
44255,Collingwood Magpies,18.666666666666668,19.0,19.444444444444443,0.0,0.0,0.0,63.666666666666664,64.0,73.4,88,H,1.0,2.0,7.0
44803,Western Bulldogs,10.333333333333334,9.0,9.6,0.0,0.0,0.0,37.666666666666664,33.4,35.6,50,A,0.4,5.0,7.0
43313,Port Adelaide Power,12.333333333333334,12.333333333333334,12.333333333333334,0.0,0.0,0.0,44.666666666666664,44.666666666666664,44.666666666666664,3,H,0.4,3.0,8.0
44345,Carlton Blues,7.333333333333333,7.8,7.625,0.0,0.0,0.0,26.666666666666668,30.6,34.625,8,A,0.2,6.0,8.0
45212,Collingwood Magpies,12.333333333333334,11.0,14.9,0.6666666666666666,0.6,1.0,50.333333333333336,50.2,65.4,257,A,1.0,1.0,6.0
43358,Collingwood Magpies,24.0,25.2,28.1,0.3333333333333333,0.4,0.7,81.66666666666667,88.0,99.6,176,H,1.0,2.0,8.0
44872,Gold Coast Suns,10.333333333333334,13.6,12.555555555555555,0.3333333333333333,0.4,0.5,45.666666666666664,54.8,53.5,14,A,0.0,8.0,7.0
43809,Carlton Blues,5.333333333333333,7.8,11.8,0.6666666666666666,0.6,1.3,30.0,34.0,60.3,103,A,0.0,6.0,7.0
46372,St Kilda Saints,6.5,6.5,6.5,2.0,2.0,2.0,36.5,36.5,36.5,2,H,0.2,2.0,7.0
45299,St Kilda Saints,6.5,6.5,6.5,1.0,1.0,1.0,36.5,36.5,36.5,2,H,0.2,2.0,7.0
44970,West Coast Eagles,14.0,13.2,18.1,0.3333333333333333,0.2,0.3,65.0,54.4,74.7,33,A,1.0,1.0,7.0
43872,Melbourne Demons,10.333333333333334,9.8,11.555555555555555,2.3333333333333335,1.6,1.4,63.0,55.6,57.8,184,A,0.4,2.0,9.0
45222,St Kilda Saints,11.666666666666666,12.4,12.6,0.0,0.0,0.1,44.666666666666664,50.6,49.2,10,A,0.2,3.0,13.0
43302,St Kilda Saints,14.333333333333334,17.4,21.5,0.0,0.0,0.5,65.66666666666667,72.6,84.7,168,H,0.4,4.0,7.0
43282,Brisbane Lions,11.666666666666666,13.4,15.444444444444445,0.3333333333333333,0.2,0.2222222222222222,45.0,50.2,60.111111111111114,9,A,0.4,2.0,14.0
43862,Adelaide Crows,9.333333333333334,9.0,8.5,0.3333333333333333,0.4,0.7,65.66666666666667,64.0,60.9,26,H,0.6,3.0,8.0
44867,Gold Coast Suns,9.666666666666666,9.2,10.6,0.6666666666666666,0.4,0.2,45.666666666666664,49.6,50.7,12,H,0.0,9.0,7.0
45260,Adelaide Crows,12.0,12.0,12.0,0.0,0.0,0.0,51.0,51.0,51.0,1,A,0.4,4.0,8.0
44977,Melbourne Demons,11.0,10.8,11.4,1.3333333333333333,1.0,0.9,60.333333333333336,59.2,63.9,12,A,0.4,9.0,6.0
45190,West Coast Eagles,14.0,14.0,14.0,0.0,0.0,0.0,72.0,72.0,72.0,1,H,0.8,1.0,6.0
46343,West Coast Eagles,14.0,14.0,14.0,,,,72.0,72.0,72.0,1,H,0.8,1.0,6.0
46106,Port Adelaide Power,11.333333333333334,11.333333333333334,11.333333333333334,,,,46.333333333333336,46.333333333333336,46.333333333333336,3,H,0.4,5.0,7.0
43873,Port Adelaide Power,11.333333333333334,11.333333333333334,11.333333333333334,0.0,0.0,0.0,46.333333333333336,46.333333333333336,46.333333333333336,3,H,0.4,5.0,7.0
44074,Gold Coast Suns,6.333333333333333,7.4,8.444444444444445,0.0,0.0,0.0,34.0,36.4,39.2,115,H,0.0,6.0,8.0
44532,Western Bulldogs,7.0,8.5,11.0,0.0,0.0,0.0,28.333333333333332,30.6,42.8,252,H,0.6,3.0,7.0
43791,Gold Coast Suns,20.0,17.5,14.0,0.0,0.0,0.3,71.33333333333333,60.8,54.2,30,H,0.0,6.0,8.0
44655,Geelong Cats,9.666666666666666,7.2,8.3,0.6666666666666666,0.4,0.6,62.666666666666664,52.0,56.0,34,A,0.4,1.0,7.0
46175,St Kilda Saints,13.0,13.0,13.0,1.0,1.0,1.0,67.0,67.0,67.0,2,A,0.4,6.0,7.0
44259,St Kilda Saints,12.0,12.0,12.0,1.0,1.0,1.0,67.0,67.0,67.0,2,A,0.4,6.0,7.0
44893,Geelong Cats,21.666666666666668,19.4,18.1,0.6666666666666666,0.4,0.4,83.66666666666667,73.2,75.3,168,A,0.6,1.0,6.0
44819,Sydney Swans,15.666666666666666,13.8,12.3,0.3333333333333333,0.4,0.3,67.0,58.2,60.5,13,A,0.2,9.0,6.0
44881,Carlton Blues,,,,,,,,,,0,H,0.8,5.0,8.0
46287,Carlton Blues,,,,,,,,,,0,H,0.8,5.0,8.0
43904,Carlton Blues,4.0,6.0,10.0,0.0,0.2,0.1,14.0,22.8,33.6,11,H,0.8,5.0,8.0
43320,Essendon Bombers,10.333333333333334,10.8,10.1,1.0,1.2,1.1,56.0,50.0,49.0,133,H,0.8,4.0,7.0
44035,Gold Coast Suns,13.666666666666666,11.2,10.1,0.0,0.0,0.1,52.666666666666664,44.8,41.2,12,A,0.0,10.0,6.0
44491,Gold Coast Suns,21.0,21.0,22.5,0.0,0.4,0.3,89.0,92.8,90.7,87,A,0.0,10.0,6.0
44457,Essendon Bombers,11.0,11.2,11.8,0.0,0.0,0.0,38.333333333333336,40.0,41.5,14,H,0.8,4.0,7.0
44569,Essendon Bombers,14.0,16.2,16.8,0.0,0.2,0.4,45.333333333333336,54.0,64.9,122,H,0.8,4.0,7.0
46038,Fremantle Dockers,9.0,9.0,9.0,,,,47.0,47.0,47.0,1,A,0.4,4.0,8.0
44640,Adelaide Crows,14.0,16.25,14.88888888888889,0.0,0.0,0.0,71.33333333333333,75.2,66.1,108,A,0.4,3.0,8.0
43533,Fremantle Dockers,9.0,9.0,9.0,0.0,0.0,0.0,47.0,47.0,47.0,1,A,0.4,4.0,8.0
46082,Melbourne Demons,10.0,10.25,10.25,1.5,1.5,1.5,59.0,55.75,55.75,4,H,0.0,2.0,6.0
43757,Melbourne Demons,10.0,10.25,10.25,1.0,0.75,0.75,59.0,55.75,55.75,4,H,0.0,2.0,6.0
43563,Essendon Bombers,6.0,5.0,4.6,0.0,0.0,0.0,66.0,64.0,55.9,109,A,0.6,4.0,7.0
43330,Fremantle Dockers,11.333333333333334,10.4,10.3,1.6666666666666667,1.4,1.2,52.666666666666664,51.2,52.8,170,H,0.4,7.0,6.0
44856,Fremantle Dockers,11.666666666666666,11.4,10.7,0.0,0.0,0.3,81.0,68.6,71.0,270,H,0.4,7.0,6.0
44082,Gold Coast Suns,8.0,11.4,13.9,0.3333333333333333,0.2,0.4,36.333333333333336,46.6,54.1,57,A,0.0,6.0,8.0
44938,Greater Western Sydney Giants,6.666666666666667,8.6,8.3,0.3333333333333333,0.2,0.1,63.666666666666664,70.4,61.7,47,H,0.6,3.0,9.0
44825,Hawthorn Hawks,10.666666666666666,11.8,11.88888888888889,1.0,1.4,1.5,50.666666666666664,60.4,62.9,282,H,0.6,5.0,9.0
46157,Essendon Bombers,,,,,,,,,,0,A,0.6,2.0,6.0
44167,Essendon Bombers,,,,,,,,,,0,A,0.6,2.0,6.0
45985,St Kilda Saints,9.333333333333334,8.4,7.9,,,,36.333333333333336,35.4,32.6,182,A,0.6,5.0,7.0
44832,St Kilda Saints,10.666666666666666,9.2,10.1,0.0,0.0,0.1,40.0,37.4,41.8,99,A,0.6,5.0,7.0
45031,Melbourne Demons,16.333333333333332,17.0,17.5,0.3333333333333333,0.2,0.2,67.0,69.6,70.8,46,A,0.0,9.0,8.0
44793,Gold Coast Suns,10.0,11.0,11.1,0.3333333333333333,0.4,0.3,43.666666666666664,50.8,46.2,242,H,0.0,10.0,6.0
46074,Carlton Blues,13.333333333333334,11.8,12.444444444444445,1.0,1.0,1.0,55.0,51.6,49.666666666666664,9,A,0.6,7.0,7.0
44554,Gold Coast Suns,12.333333333333334,13.0,13.5,0.3333333333333333,0.2,0.1,56.333333333333336,53.6,56.0,121,H,0.0,10.0,6.0
43467,St Kilda Saints,9.333333333333334,9.5,8.333333333333334,0.0,0.0,0.0,36.333333333333336,35.4,32.6,182,A,0.6,5.0,7.0
43715,Carlton Blues,13.333333333333334,11.8,12.444444444444445,0.3333333333333333,0.6,0.5555555555555556,55.0,51.6,49.666666666666664,9,A,0.6,7.0,7.0
45088,North Melbourne Kangaroos,16.666666666666668,15.2,14.3,0.0,0.0,0.0,59.666666666666664,56.8,53.3,240,H,0.4,5.0,7.0
45079,Carlton Blues,24.333333333333332,21.8,19.0,0.0,0.0,0.2,97.0,86.6,80.0,257,A,0.6,7.0,7.0
45294,Gold Coast Suns,12.333333333333334,12.2,13.5,0.3333333333333333,0.4,1.0,45.333333333333336,49.6,63.7,99,H,0.0,10.0,6.0
44132,Sydney Swans,9.666666666666666,8.8,11.9,0.3333333333333333,0.2,0.6,47.0,42.2,56.3,255,H,0.2,7.0,8.0
44463,Sydney Swans,16.666666666666668,19.4,19.2,0.0,0.0,0.0,65.66666666666667,65.4,70.4,324,H,0.2,7.0,8.0
45638,Melbourne Demons,17.333333333333332,17.0,15.8,,,1.0,63.0,69.8,66.2,38,A,0.0,9.0,8.0
43999,Melbourne Demons,17.333333333333332,17.0,15.8,0.0,0.0,0.1,63.0,69.8,66.2,38,A,0.0,9.0,8.0
44475,Sydney Swans,11.333333333333334,11.0,9.7,1.6666666666666667,1.2,1.2,65.66666666666667,54.4,49.7,79,H,0.2,7.0,8.0
43699,Gold Coast Suns,19.333333333333332,17.4,16.625,0.0,0.0,0.125,82.33333333333333,72.8,64.625,8,H,0.0,10.0,6.0
44279,Melbourne Demons,15.333333333333334,13.8,15.6,0.6666666666666666,1.0,0.6,64.66666666666667,63.2,62.2,318,A,0.0,9.0,8.0
44098,North Melbourne Kangaroos,15.333333333333334,16.0,15.0,0.0,0.2,0.5,53.0,63.2,58.7,68,H,0.4,5.0,7.0
43446,Port Adelaide Power,11.666666666666666,14.4,14.8,0.0,0.0,0.0,65.33333333333333,76.6,73.0,170,H,0.4,4.0,8.0
44187,Fremantle Dockers,3.3333333333333335,2.2,2.2,0.3333333333333333,0.4,0.4,59.333333333333336,51.8,51.8,5,A,0.4,6.0,8.0
43633,Brisbane Lions,8.333333333333334,10.2,11.2,0.3333333333333333,0.4,0.3,33.0,36.8,45.5,12,A,1.0,1.0,8.0
43735,Adelaide Crows,16.0,14.8,15.3,0.6666666666666666,0.4,0.2,71.66666666666667,61.0,58.8,245,A,0.2,4.0,8.0
44607,Fremantle Dockers,11.333333333333334,10.5,11.222222222222221,0.0,0.0,0.0,46.333333333333336,50.0,49.0,16,A,0.4,6.0,8.0
43713,Greater Western Sydney Giants,16.333333333333332,18.75,18.88888888888889,0.3333333333333333,0.2,0.3,64.66666666666667,71.4,72.4,274,H,0.6,3.0,14.0
44377,West Coast Eagles,19.666666666666668,20.0,17.88888888888889,0.0,0.0,0.1,75.0,76.6,69.5,214,A,0.6,1.0,8.0
43551,Brisbane Lions,12.333333333333334,13.2,12.6,1.0,1.4,1.4,64.33333333333333,73.2,64.9,132,H,0.6,1.0,7.0
44066,Brisbane Lions,22.0,18.0,17.4,0.0,0.0,0.0,84.66666666666667,72.8,73.4,345,H,0.6,1.0,7.0
44802,Brisbane Lions,15.0,16.0,15.88888888888889,0.0,0.2,0.2,58.333333333333336,66.8,60.2,72,H,0.6,1.0,7.0
44243,Carlton Blues,13.333333333333334,13.2,12.444444444444445,0.3333333333333333,0.2,0.3,89.0,83.6,86.5,188,A,0.4,1.0,208.0
44392,Fremantle Dockers,8.333333333333334,10.0,10.4,1.0,1.0,1.2,47.0,51.2,51.5,69,A,0.2,1.0,209.0
44193,Gold Coast Suns,11.333333333333334,15.8,15.6,0.0,0.0,0.1,43.0,58.4,61.2,63,H,0.0,1.0,210.0
44799,St Kilda Saints,12.333333333333334,14.8,18.7,0.3333333333333333,0.2,0.1,49.666666666666664,58.0,68.9,128,A,0.4,1.0,211.0
44260,Carlton Blues,5.666666666666667,7.5,8.555555555555555,0.6666666666666666,0.8,0.5,37.333333333333336,47.4,46.5,63,H,0.2,3.0,86.0
46258,Carlton Blues,5.0,5.0,5.0,,,,20.0,20.0,20.0,1,H,0.4,1.0,5.0
44698,Carlton Blues,5.0,5.0,5.0,0.0,0.0,0.0,20.0,20.0,20.0,1,H,0.4,1.0,5.0
46160,Hawthorn Hawks,,,,,,,,,,0,A,0.8,1.0,7.0
44915,Greater Western Sydney Giants,6.333333333333333,8.6,10.0,0.3333333333333333,0.4,0.5,44.666666666666664,56.4,63.5,82,H,0.4,2.0,9.0
44179,Hawthorn Hawks,,,,,,,,,,0,A,0.8,1.0,7.0
45022,Sydney Swans,7.333333333333333,7.4,7.4,0.0,0.2,0.2,24.0,28.0,28.0,5,H,0.2,5.0,6.0
44027,Hawthorn Hawks,16.0,14.0,17.0,0.0,0.0,0.2,60.666666666666664,52.8,64.8,158,H,0.4,2.0,9.0
44720,Western Bulldogs,,,,,,,,,,0,A,0.8,1.0,6.0
46260,Western Bulldogs,,,,,,,,,,0,A,0.8,1.0,6.0
43453,Hawthorn Hawks,15.333333333333334,15.8,14.3,0.0,0.0,0.0,70.33333333333333,80.8,68.2,14,A,0.4,3.0,6.0
44865,Collingwood Magpies,11.0,12.2,14.2,0.0,0.0,0.0,45.0,44.8,52.4,40,A,0.6,2.0,10.0
43917,Western Bulldogs,7.666666666666667,7.4,8.3,0.6666666666666666,0.6,0.8,33.0,32.6,37.0,32,H,0.8,1.0,6.0
45113,Western Bulldogs,12.333333333333334,11.8,12.2,0.0,0.0,0.0,56.666666666666664,51.6,53.0,185,H,0.8,1.0,6.0
44520,Carlton Blues,5.666666666666667,7.6,8.333333333333334,0.0,0.4,0.5555555555555556,23.0,36.0,42.22222222222222,9,H,0.6,3.0,6.0
43928,Sydney Swans,9.666666666666666,9.8,12.4,0.0,0.0,0.2,38.666666666666664,39.0,49.4,102,A,0.2,4.0,7.0
44233,Adelaide Crows,13.333333333333334,15.2,15.9,1.0,0.6,0.6,64.66666666666667,69.4,73.6,54,A,0.0,6.0,6.0
44378,Fremantle Dockers,6.333333333333333,7.6,10.0,0.6666666666666666,0.6,0.7,38.0,39.2,48.9,143,H,0.4,4.0,6.0
43981,Gold Coast Suns,11.0,10.6,14.777777777777779,0.0,0.0,0.0,49.0,43.0,61.1,168,H,0.4,2.0,10.0
43373,Melbourne Demons,11.333333333333334,12.2,14.1,0.6666666666666666,0.6,0.8,39.0,43.2,56.8,87,A,0.4,2.0,6.0
46317,Sydney Swans,8.333333333333334,8.333333333333334,8.333333333333334,1.0,1.0,1.0,29.333333333333332,29.333333333333332,29.333333333333332,3,A,0.2,4.0,5.0
45063,Sydney Swans,8.333333333333334,8.333333333333334,8.333333333333334,0.3333333333333333,0.3333333333333333,0.3333333333333333,29.333333333333332,29.333333333333332,29.333333333333332,3,A,0.2,4.0,5.0
44707,North Melbourne Kangaroos,7.666666666666667,8.0,8.9,1.0,0.6,0.4,56.0,55.8,55.7,158,A,0.2,4.0,4.0
43515,West Coast Eagles,5.333333333333333,5.8,6.7,0.3333333333333333,0.4,1.0,26.0,27.0,37.4,11,H,1.0,1.0,8.0
44341,North Melbourne Kangaroos,13.666666666666666,13.0,12.4,0.3333333333333333,0.2,0.1,52.333333333333336,50.8,49.3,166,A,0.2,4.0,4.0
43454,Collingwood Magpies,10.0,12.4,14.6,1.0,1.0,0.6,48.333333333333336,54.4,58.0,36,A,0.6,1.0,5.0
44117,Greater Western Sydney Giants,,,,,,,,,,0,A,0.6,1.0,6.0
46144,Greater Western Sydney Giants,,,,,,,,,,0,A,0.6,1.0,6.0
45163,North Melbourne Kangaroos,9.333333333333334,10.0,10.0,0.6666666666666666,0.8,0.8,43.333333333333336,48.6,48.6,5,H,0.2,6.0,6.0
43771,Brisbane Lions,-1.0,1.0,1.0,0.3333333333333333,0.2,0.2,17.666666666666668,23.4,23.4,5,A,0.8,1.0,7.0
43758,Collingwood Magpies,8.0,6.8,7.9,0.3333333333333333,0.2,0.1,52.666666666666664,49.6,51.7,197,A,0.6,2.0,4.0
45254,Collingwood Magpies,14.333333333333334,15.2,15.3,0.0,0.0,0.0,50.333333333333336,51.8,63.5,22,A,0.6,2.0,4.0
44761,Collingwood Magpies,4.333333333333333,7.4,9.7,0.6666666666666666,1.4,1.2,21.0,39.0,50.0,151,A,0.6,2.0,4.0
44390,Adelaide Crows,7.0,8.25,6.875,0.0,0.0,0.0,27.333333333333332,29.2,28.11111111111111,9,A,0.0,6.0,5.0
43367,Essendon Bombers,13.0,12.75,10.75,0.0,1.0,0.6,41.0,51.6,44.0,16,A,0.2,3.0,4.0
46202,Adelaide Crows,1.6666666666666667,2.8,1.7777777777777777,,,,27.333333333333332,29.2,28.11111111111111,9,A,0.0,6.0,5.0
44567,Essendon Bombers,9.333333333333334,12.0,12.0,0.3333333333333333,0.25,0.25,36.333333333333336,45.0,45.0,4,A,0.2,3.0,4.0
43837,Sydney Swans,10.0,10.0,10.0,1.0,1.0,1.0,46.0,46.0,46.0,1,A,0.4,6.0,9.0
43369,Essendon Bombers,7.0,6.4,9.2,0.3333333333333333,0.2,0.2,52.0,48.4,61.1,135,H,0.2,5.0,6.0
44295,Melbourne Demons,9.666666666666666,9.0,8.6,0.0,0.0,0.0,46.333333333333336,40.2,35.9,21,A,0.6,3.0,7.0
46102,Sydney Swans,10.0,10.0,10.0,1.0,1.0,1.0,46.0,46.0,46.0,1,A,0.4,6.0,9.0
43643,Adelaide Crows,9.0,9.0,8.1,0.3333333333333333,0.6,0.7,52.666666666666664,51.4,45.7,32,H,0.0,6.0,7.0
43298,Collingwood Magpies,9.666666666666666,10.6,11.6,0.0,0.0,0.0,34.666666666666664,40.4,45.8,10,H,0.4,1.0,9.0
46268,West Coast Eagles,8.0,8.0,8.0,1.0,1.0,1.0,33.5,33.5,33.5,2,A,1.0,1.0,4.0
44662,Hawthorn Hawks,5.0,5.25,9.555555555555555,0.3333333333333333,0.6,0.9,24.666666666666668,26.6,51.4,94,H,0.2,4.0,5.0
44762,West Coast Eagles,8.0,8.0,8.0,0.5,0.5,0.5,33.5,33.5,33.5,2,A,1.0,1.0,4.0
43724,Western Bulldogs,8.0,9.8,10.7,1.6666666666666667,1.8,1.6,47.0,54.6,56.0,113,H,0.4,2.0,6.0
45214,Port Adelaide Power,4.333333333333333,3.2,5.1,0.6666666666666666,0.4,0.9,55.666666666666664,44.4,52.8,279,H,0.8,1.0,7.0
43704,North Melbourne Kangaroos,8.666666666666666,11.2,12.3,1.0,0.8,1.1,50.666666666666664,65.2,71.9,53,A,0.2,4.0,6.0
43272,North Melbourne Kangaroos,12.0,10.0,15.0,0.0,0.2,0.2,45.0,36.6,50.9,23,A,0.2,4.0,6.0
43899,Hawthorn Hawks,12.0,12.2,13.1,0.3333333333333333,0.2,0.2,54.0,55.2,51.8,20,H,0.2,3.0,5.0
44502,Hawthorn Hawks,10.0,10.4,11.5,0.3333333333333333,0.2,0.5,36.666666666666664,43.0,52.7,31,H,0.2,3.0,5.0
44713,Adelaide Crows,11.333333333333334,11.2,11.7,0.3333333333333333,0.4,0.4,48.666666666666664,50.2,52.7,15,A,0.0,4.0,9.0
45156,Melbourne Demons,17.0,15.6,15.4,0.0,0.0,0.0,64.0,56.2,57.2,41,A,0.8,1.0,5.0
45246,North Melbourne Kangaroos,13.0,12.8,14.6,0.0,0.0,0.1,53.0,47.6,51.7,127,H,0.0,2.0,6.0
44085,North Melbourne Kangaroos,9.0,9.0,9.0,0.3333333333333333,0.75,0.75,36.666666666666664,38.5,38.5,4,H,0.0,2.0,6.0
45045,Port Adelaide Power,4.0,5.0,5.2,0.3333333333333333,0.8,0.6,33.0,44.8,44.9,112,A,0.8,1.0,7.0
46138,North Melbourne Kangaroos,9.0,9.0,9.0,1.0,1.5,1.5,36.666666666666664,38.5,38.5,4,H,0.0,2.0,6.0
44147,West Coast Eagles,12.333333333333334,14.2,16.2,0.0,0.2,0.1,44.666666666666664,58.6,63.0,201,A,0.8,1.0,5.0
44694,St Kilda Saints,8.666666666666666,8.2,10.7,1.0,0.8,0.4,57.666666666666664,56.4,60.8,14,H,0.4,3.0,8.0
46222,Essendon Bombers,8.666666666666666,8.666666666666666,8.666666666666666,2.0,2.0,2.0,43.0,43.0,43.0,3,A,0.2,5.0,5.0
44291,Western Bulldogs,5.666666666666667,3.6,4.1,1.6666666666666667,1.2,0.9,57.666666666666664,45.8,46.6,88,H,0.4,4.0,9.0
43261,St Kilda Saints,8.333333333333334,10.8,10.8,0.6666666666666666,0.8,0.8,70.33333333333333,82.6,82.6,5,H,0.4,3.0,8.0
44886,Hawthorn Hawks,16.333333333333332,14.0,12.8,0.6666666666666666,0.4,0.2,55.0,48.4,43.3,186,A,0.0,6.0,5.0
44539,Essendon Bombers,8.666666666666666,8.666666666666666,8.666666666666666,0.6666666666666666,0.6666666666666666,0.6666666666666666,43.0,43.0,43.0,3,A,0.2,5.0,5.0
44134,Greater Western Sydney Giants,7.333333333333333,6.6,8.8,0.3333333333333333,0.2,0.1,55.666666666666664,52.8,67.4,207,A,0.6,1.0,5.0
43440,West Coast Eagles,,,,,,,,,,0,A,0.6,1.0,4.0
46024,West Coast Eagles,,,,,,,,,,0,A,0.6,1.0,4.0
46149,Geelong Cats,,,,,,,,,,0,H,1.0,1.0,5.0
44141,Geelong Cats,,,,,,,,,,0,H,1.0,1.0,5.0
46132,Essendon Bombers,14.0,10.8,12.285714285714286,,,,60.333333333333336,43.6,46.5,8,A,0.2,4.0,6.0
44040,Essendon Bombers,14.0,10.8,12.375,0.0,0.0,0.0,60.333333333333336,43.6,46.5,8,A,0.2,4.0,6.0
43884,Adelaide Crows,12.333333333333334,14.8,16.4,0.0,0.0,0.2,38.0,54.8,66.8,267,A,0.4,6.0,5.0
45038,Western Bulldogs,7.666666666666667,10.0,15.333333333333334,0.6666666666666666,0.4,0.4,30.333333333333332,38.6,61.6,177,A,0.6,2.0,7.0
44958,Brisbane Lions,5.333333333333333,6.0,8.1,0.0,0.0,0.2,27.666666666666668,30.4,37.1,15,A,1.0,1.0,4.0
43462,Collingwood Magpies,11.0,12.8,12.7,0.6666666666666666,0.4,0.3,44.666666666666664,50.2,46.4,48,H,0.6,1.0,10.0
44561,North Melbourne Kangaroos,10.0,8.8,10.0,1.0,1.0,1.0,50.333333333333336,39.6,42.875,8,H,0.0,2.0,5.0
44875,West Coast Eagles,4.666666666666667,5.8,7.0,0.0,0.0,0.0,15.666666666666666,24.2,30.3,193,A,0.6,1.0,7.0
45147,North Melbourne Kangaroos,11.333333333333334,10.8,10.5,0.0,0.0,0.0,43.666666666666664,44.0,43.9,20,H,0.0,2.0,5.0
44905,Greater Western Sydney Giants,9.666666666666666,10.4,9.9,0.3333333333333333,0.2,0.3,47.0,51.0,50.4,324,A,0.4,2.0,6.0
44941,Carlton Blues,11.666666666666666,11.6,9.9,0.0,0.0,0.0,63.0,64.8,56.3,341,A,0.4,4.0,6.0
45055,Adelaide Crows,7.0,7.0,9.1,0.0,0.0,0.0,24.666666666666668,26.8,39.8,199,H,0.6,6.0,6.0
44718,Carlton Blues,7.333333333333333,7.8,8.0,0.0,0.2,0.3,24.666666666666668,26.4,32.5,18,A,0.4,4.0,6.0
45098,Sydney Swans,12.0,13.2,12.5,0.0,0.0,0.3,49.0,49.6,53.1,62,H,0.2,5.0,7.0
44051,Fremantle Dockers,13.666666666666666,11.0,12.222222222222221,0.0,0.0,0.0,64.33333333333333,45.0,49.3,217,H,0.6,3.0,8.0
45013,Geelong Cats,19.333333333333332,19.0,16.1,0.0,0.0,0.2,82.0,80.0,65.2,191,A,0.8,1.0,9.0
45028,Hawthorn Hawks,9.333333333333334,8.4,8.3,0.0,0.0,0.0,37.0,31.4,32.7,201,H,0.0,6.0,7.0
44738,Hawthorn Hawks,8.666666666666666,8.6,11.0,0.3333333333333333,0.2,0.4,35.666666666666664,35.2,45.5,195,H,0.0,6.0,7.0
45144,Collingwood Magpies,12.666666666666666,11.4,11.4,0.0,0.0,0.3,50.333333333333336,47.0,46.9,229,H,0.6,2.0,7.0
44368,St Kilda Saints,3.0,7.666666666666667,8.0,0.0,0.4,0.3,30.0,38.8,38.9,25,A,0.6,2.0,6.0
44862,St Kilda Saints,15.0,17.0,18.2,0.0,0.0,0.0,57.333333333333336,70.8,76.5,164,A,0.6,2.0,6.0
43772,Port Adelaide Power,17.0,14.4,13.333333333333334,1.6666666666666667,1.2,0.8,73.66666666666667,65.2,62.2,259,H,1.0,1.0,15.0
43789,Brisbane Lions,10.333333333333334,11.25,13.222222222222221,0.3333333333333333,0.4,0.3,39.666666666666664,44.8,54.0,47,H,1.0,1.0,15.0
45065,Geelong Cats,7.0,7.8,8.2,0.0,0.0,0.0,29.666666666666668,31.2,31.9,279,A,0.6,2.0,7.0
43262,Geelong Cats,11.333333333333334,13.8,14.3,0.6666666666666666,0.6,0.8,50.0,52.0,55.2,356,A,0.6,2.0,7.0
44144,Geelong Cats,10.666666666666666,11.4,12.3,1.6666666666666667,1.8,2.0,66.33333333333333,69.2,73.1,148,A,0.6,1.0,147.0
44809,Port Adelaide Power,17.666666666666668,22.8,23.0,0.0,0.4,0.3,64.0,83.8,85.9,207,H,0.8,1.0,6.0
44284,Sydney Swans,8.666666666666666,8.666666666666666,8.666666666666666,0.0,0.0,0.0,29.0,29.0,29.0,3,H,0.4,1.0,7.0
43333,Brisbane Lions,4.5,4.5,4.5,0.5,0.5,0.5,26.0,26.0,26.0,2,A,0.4,2.0,6.0
43785,Richmond Tigers,11.333333333333334,13.4,14.0,0.0,0.0,0.0,38.666666666666664,49.0,49.875,8,H,1.0,1.0,6.0
43934,Collingwood Magpies,9.5,11.0,12.555555555555555,0.0,0.2,0.1,36.0,41.4,44.1,159,A,0.2,2.0,6.0
43538,Western Bulldogs,8.333333333333334,8.333333333333334,8.333333333333334,1.3333333333333333,1.3333333333333333,1.3333333333333333,44.666666666666664,44.666666666666664,44.666666666666664,3,H,0.8,1.0,7.0
44189,Western Bulldogs,13.666666666666666,13.5,13.444444444444445,0.0,0.6,0.6,49.333333333333336,53.4,54.2,64,A,1.0,1.0,6.0
45131,North Melbourne Kangaroos,15.666666666666666,18.0,16.8,0.0,0.2,0.1,58.666666666666664,67.0,60.6,112,A,0.0,10.0,6.0
43527,St Kilda Saints,11.0,9.8,11.0,0.0,0.0,0.0,57.666666666666664,47.8,52.3,150,A,0.4,3.0,10.0
44004,Hawthorn Hawks,19.0,16.4,15.5,0.3333333333333333,0.2,0.1,73.33333333333333,61.8,60.3,48,H,0.2,8.0,6.0
44148,Melbourne Demons,2.6666666666666665,3.0,2.0,0.0,0.0,0.0,28.0,30.0,25.0,158,A,1.0,1.0,6.0
44445,St Kilda Saints,8.333333333333334,7.4,7.8,0.3333333333333333,0.2,0.2,40.0,33.6,35.2,90,A,0.4,5.0,8.0
43849,St Kilda Saints,5.666666666666667,5.4,4.5,0.0,0.0,0.0,39.666666666666664,36.4,32.9,240,A,0.4,5.0,8.0
44473,North Melbourne Kangaroos,10.666666666666666,9.6,9.6,0.0,0.0,0.0,60.0,58.8,59.3,45,A,0.2,10.0,6.0
44944,Sydney Swans,9.333333333333334,10.25,10.222222222222221,0.3333333333333333,0.2,0.2,67.33333333333333,59.0,63.4,117,H,0.4,2.0,8.0
43882,Carlton Blues,12.333333333333334,11.8,15.0,0.6666666666666666,0.4,0.8,57.333333333333336,55.0,65.2,46,A,0.4,5.0,8.0
44930,Collingwood Magpies,12.333333333333334,14.6,14.6,0.0,0.2,0.3,50.333333333333336,54.6,52.7,27,A,0.2,6.0,7.0
43284,Essendon Bombers,13.0,12.0,11.0,0.0,0.0,0.0,57.333333333333336,55.2,50.4,87,H,0.6,3.0,7.0
46240,Adelaide Crows,,,,,,,24.5,24.5,24.5,2,H,0.2,5.0,6.0
43879,St Kilda Saints,13.0,12.0,13.0,0.3333333333333333,0.6,0.3,53.0,50.6,55.6,206,A,0.6,3.0,7.0
44618,Adelaide Crows,4.0,4.0,4.0,0.0,0.0,0.0,24.5,24.5,24.5,2,H,0.2,5.0,6.0
44310,St Kilda Saints,7.333333333333333,7.0,9.6,0.0,0.0,0.4,30.666666666666668,30.2,42.2,86,H,0.4,1.0,7.0
43605,Fremantle Dockers,10.0,11.0,12.333333333333334,0.0,0.0,0.0,39.666666666666664,43.8,45.8,149,H,0.2,1.0,6.0
43752,Fremantle Dockers,14.0,13.8,13.2,0.0,0.0,0.0,58.333333333333336,53.6,52.4,44,H,0.2,1.0,6.0
43874,North Melbourne Kangaroos,15.666666666666666,13.6,13.8,2.3333333333333335,1.6,1.1,81.33333333333333,65.4,62.3,48,H,0.2,4.0,15.0
44002,Port Adelaide Power,14.0,15.2,15.1,0.3333333333333333,0.2,0.2,55.0,56.2,55.6,192,A,0.6,1.0,9.0
43506,Essendon Bombers,6.666666666666667,6.8,6.8,0.0,0.4,0.4,23.333333333333332,26.2,26.2,5,A,0.6,1.0,15.0
43437,Sydney Swans,11.333333333333334,11.6,11.1,0.0,0.0,0.0,46.0,46.6,45.6,47,A,0.6,3.0,15.0
44186,Melbourne Demons,12.666666666666666,12.6,13.5,0.0,0.2,0.2,49.0,49.0,49.2,301,A,0.6,1.0,12.0
44089,Richmond Tigers,21.666666666666668,22.6,22.5,0.0,0.0,0.1,92.33333333333333,93.2,89.6,231,A,0.4,1.0,6.0
43546,West Coast Eagles,12.666666666666666,11.0,11.11111111111111,0.3333333333333333,1.0,0.5,41.666666666666664,45.2,41.7,57,H,0.4,1.0,8.0
45313,West Coast Eagles,12.666666666666666,13.75,12.375,1.0,2.5,2.5,41.666666666666664,45.2,41.7,57,H,0.4,1.0,8.0
45104,Collingwood Magpies,,,,,,,,,,0,A,0.4,2.0,5.0
46324,Collingwood Magpies,,,,,,,,,,0,A,0.4,2.0,5.0
43629,Hawthorn Hawks,21.333333333333332,21.8,19.3,0.0,0.4,0.2,75.0,82.2,73.8,34,A,0.2,9.0,7.0
44077,Essendon Bombers,9.333333333333334,10.0,11.7,0.6666666666666666,0.6,1.1,43.333333333333336,41.6,52.1,218,H,0.6,3.0,7.0
45304,Essendon Bombers,9.666666666666666,13.4,10.2,0.0,0.2,0.5,37.0,53.6,41.9,225,H,0.6,3.0,7.0
43929,Hawthorn Hawks,16.666666666666668,14.0,13.555555555555555,0.0,0.2,0.1111111111111111,64.33333333333333,54.8,53.888888888888886,9,H,0.2,10.0,8.0
43504,Richmond Tigers,10.333333333333334,11.0,13.2,0.3333333333333333,0.2,0.4,37.666666666666664,44.2,55.0,173,A,0.2,6.0,7.0
45274,Port Adelaide Power,9.0,11.0,11.4,0.6666666666666666,0.6,0.7,42.0,48.6,50.5,11,A,0.8,2.0,9.0
43484,Greater Western Sydney Giants,11.333333333333334,9.2,10.3,0.0,0.0,0.0,51.666666666666664,38.6,44.3,66,A,0.4,2.0,5.0
44920,Greater Western Sydney Giants,4.0,4.0,4.0,0.0,0.0,0.0,17.0,18.8,18.8,5,A,0.4,2.0,5.0
43607,St Kilda Saints,13.333333333333334,12.4,12.166666666666666,0.0,0.2,0.16666666666666666,44.333333333333336,42.6,44.333333333333336,6,H,0.4,3.0,8.0
46057,St Kilda Saints,13.333333333333334,12.4,12.166666666666666,,1.0,1.0,44.333333333333336,42.6,44.333333333333336,6,H,0.4,3.0,8.0
43875,Richmond Tigers,5.0,5.4,4.5,0.0,0.0,0.0,35.333333333333336,41.8,40.0,13,A,0.4,2.0,6.0
43737,Hawthorn Hawks,0.0,0.0,0.0,0.0,0.0,0.0,0.0,0.0,0.0,1,H,0.4,8.0,6.0
46079,Hawthorn Hawks,,,,,,,0.0,0.0,0.0,1,H,0.4,8.0,6.0
44558,Carlton Blues,4.666666666666667,6.4,10.8,0.3333333333333333,0.2,0.5,16.0,24.0,42.3,299,A,0.4,7.0,7.0
44914,West Coast Eagles,16.666666666666668,18.4,16.4,0.0,0.0,0.0,62.0,70.8,65.3,215,A,0.4,2.0,6.0
45141,Melbourne Demons,9.0,11.0,11.8,0.0,0.0,0.1,33.666666666666664,43.4,44.9,50,H,0.6,1.0,6.0
43399,Fremantle Dockers,15.5,7.75,9.0,0.0,0.0,0.0,52.0,31.2,30.4,77,H,0.4,3.0,7.0
45109,Gold Coast Suns,8.0,6.25,6.666666666666667,1.0,0.8,0.7,47.666666666666664,36.8,36.5,61,H,0.4,5.0,8.0
43985,Hawthorn Hawks,9.666666666666666,8.8,10.3,0.3333333333333333,0.2,0.6,34.0,32.2,38.7,28,A,0.6,9.0,7.0
43988,Gold Coast Suns,13.0,12.4,12.5,0.0,0.0,0.0,61.333333333333336,52.2,47.2,261,A,0.2,10.0,6.0
44376,Richmond Tigers,6.0,6.0,6.0,0.0,0.0,0.0,13.0,13.0,13.0,2,H,0.4,7.0,8.0
44978,Gold Coast Suns,7.333333333333333,9.2,9.9,0.3333333333333333,0.4,0.3,48.333333333333336,53.4,56.6,123,A,0.2,10.0,6.0
44118,West Coast Eagles,8.333333333333334,7.4,8.5,0.0,0.0,0.0,37.666666666666664,34.2,35.8,119,A,0.4,6.0,6.0
43309,Richmond Tigers,13.333333333333334,14.4,13.333333333333334,0.0,0.0,0.0,60.0,60.4,56.1,154,H,0.4,7.0,8.0
43383,Carlton Blues,5.333333333333333,7.2,8.3,0.3333333333333333,0.6,1.2,18.666666666666668,31.4,41.4,349,H,0.4,8.0,7.0
45143,West Coast Eagles,4.666666666666667,4.6,4.8,0.0,0.4,0.3,30.0,35.2,33.8,76,A,0.4,6.0,6.0
43488,Hawthorn Hawks,15.0,12.4,11.3,0.3333333333333333,0.2,0.1,67.66666666666667,58.2,46.2,406,A,0.6,9.0,7.0
46199,Richmond Tigers,12.0,12.0,12.0,,,,13.0,13.0,13.0,2,H,0.4,7.0,8.0
44888,Adelaide Crows,29.666666666666668,28.2,27.1,0.3333333333333333,0.2,0.7,97.33333333333333,97.8,100.5,131,H,0.2,4.0,7.0
43571,St Kilda Saints,7.333333333333333,7.25,7.25,0.0,0.0,0.0,28.333333333333332,27.5,27.5,4,H,0.2,3.0,8.0
46143,St Kilda Saints,6.0,6.8,7.166666666666667,1.0,1.0,1.0,42.666666666666664,47.2,46.666666666666664,6,H,0.2,3.0,8.0
43555,Essendon Bombers,15.666666666666666,14.0,11.8,0.6666666666666666,0.6,0.6,60.0,55.0,47.1,23,H,0.6,1.0,7.0
46047,St Kilda Saints,11.0,9.666666666666666,9.666666666666666,,,,28.333333333333332,27.5,27.5,4,H,0.2,3.0,8.0
44385,Collingwood Magpies,25.0,25.0,25.125,0.0,0.0,0.0,90.33333333333333,93.0,101.7,247,A,0.2,4.0,8.0
44337,Adelaide Crows,11.666666666666666,11.0,11.88888888888889,0.6666666666666666,0.4,0.4,52.333333333333336,45.0,50.6,247,H,0.2,4.0,7.0
45215,Fremantle Dockers,6.0,6.0,6.0,0.0,0.0,0.0,22.666666666666668,22.666666666666668,22.666666666666668,3,A,0.4,1.0,7.0
46349,Fremantle Dockers,6.0,6.0,6.0,,,,22.666666666666668,22.666666666666668,22.666666666666668,3,A,0.4,1.0,7.0
44330,Adelaide Crows,18.0,17.2,12.5,1.0,1.0,0.6,85.0,83.2,68.5,163,H,0.2,4.0,7.0
45081,Collingwood Magpies,14.333333333333334,12.4,13.3,1.0,1.0,0.9,60.0,51.0,61.1,122,A,0.2,4.0,8.0
44750,Collingwood Magpies,4.333333333333333,5.25,5.25,0.0,0.0,0.0,13.666666666666666,17.5,17.5,4,A,0.2,4.0,8.0
45195,Fremantle Dockers,9.666666666666666,10.0,10.8,0.0,0.0,0.1,44.0,41.6,45.9,13,A,0.4,1.0,7.0
43314,North Melbourne Kangaroos,11.0,12.0,14.222222222222221,0.0,0.0,0.0,49.666666666666664,48.8,52.6,233,A,0.2,6.0,8.0
43386,Fremantle Dockers,9.333333333333334,12.2,12.9,0.0,0.4,0.4,37.666666666666664,50.6,50.2,24,A,0.4,1.0,7.0
46264,Collingwood Magpies,6.5,7.0,7.0,,,,13.666666666666666,17.5,17.5,4,A,0.2,4.0,8.0
44108,St Kilda Saints,6.0,7.0,7.4,0.3333333333333333,0.4,0.3333333333333333,42.666666666666664,47.2,46.666666666666664,6,H,0.2,3.0,8.0
44764,Greater Western Sydney Giants,6.666666666666667,7.2,9.0,0.3333333333333333,0.4,0.2,34.666666666666664,31.4,37.1,107,A,0.8,4.0,7.0
43900,Essendon Bombers,4.0,8.4,8.9,0.0,0.0,0.0,21.0,38.4,36.7,96,A,0.6,2.0,7.0
44552,Greater Western Sydney Giants,9.0,9.0,8.5,0.6666666666666666,0.6,0.3,78.0,75.8,65.8,215,A,0.8,2.0,6.0
43392,Brisbane Lions,16.333333333333332,17.6,18.8,0.3333333333333333,0.2,0.2,67.33333333333333,68.0,72.1,286,H,0.6,2.0,7.0
44028,Geelong Cats,14.666666666666666,16.2,14.8,0.0,0.0,0.1,67.66666666666667,71.6,64.5,205,A,0.4,2.0,7.0
45277,Western Bulldogs,12.666666666666666,12.8,11.666666666666666,0.0,0.0,0.1,52.666666666666664,49.8,46.4,187,A,0.6,2.0,14.0
45238,Carlton Blues,11.666666666666666,12.0,11.2,0.0,0.4,0.2,48.333333333333336,56.4,47.9,43,H,0.2,1.0,208.0
44459,Adelaide Crows,19.0,18.6,13.5,0.0,0.0,0.0,73.0,68.6,49.4,27,H,0.4,1.0,210.0
43274,West Coast Eagles,2.0,5.25,7.0,0.3333333333333333,0.4,0.2,11.0,20.0,28.0,14,A,0.0,2.0,7.0
46016,West Coast Eagles,,,,,,,,,,0,A,0.0,2.0,7.0
43722,West Coast Eagles,8.666666666666666,10.0,9.666666666666666,0.0,0.0,0.1,31.666666666666668,38.2,39.0,25,A,0.0,2.0,7.0
43396,West Coast Eagles,,,,,,,,,,0,A,0.0,2.0,7.0
43898,West Coast Eagles,10.0,10.25,12.777777777777779,0.3333333333333333,0.2,0.2,47.333333333333336,42.8,49.9,14,A,0.0,2.0,7.0
44948,Port Adelaide Power,9.0,9.0,9.0,0.3333333333333333,0.75,0.75,44.0,45.0,45.0,4,A,0.4,2.0,6.0
44715,North Melbourne Kangaroos,11.0,12.0,15.3,0.0,0.0,0.0,55.0,55.2,58.0,147,A,0.2,3.0,6.0
43491,Western Bulldogs,13.333333333333334,13.333333333333334,13.333333333333334,0.0,0.0,0.0,49.0,49.0,49.0,3,A,0.4,4.0,9.0
44826,Collingwood Magpies,12.0,13.0,13.2,0.0,0.0,0.0,55.0,55.0,60.5,200,A,0.4,2.0,5.0
44653,Carlton Blues,5.0,7.2,7.428571428571429,0.0,0.0,0.0,13.0,26.6,30.714285714285715,7,A,0.8,1.0,6.0
44652,Richmond Tigers,13.0,12.75,13.444444444444445,1.3333333333333333,0.8,0.7,61.333333333333336,61.0,63.8,29,H,0.4,4.0,8.0
43597,Richmond Tigers,14.0,11.8,14.1,0.3333333333333333,0.2,0.3,48.333333333333336,40.4,53.7,10,A,0.4,1.0,5.0
45035,West Coast Eagles,11.0,11.0,11.0,0.0,0.0,0.0,58.0,58.0,58.0,1,H,0.2,2.0,6.0
46313,West Coast Eagles,11.0,11.0,11.0,,,,58.0,58.0,58.0,1,H,0.2,2.0,6.0
44311,Essendon Bombers,,,,,,,,,,0,H,0.2,9.0,6.0
46224,West Coast Eagles,14.0,15.2,15.0,1.0,1.0,1.0,60.333333333333336,64.2,64.8,13,A,0.2,9.0,8.0
44996,Richmond Tigers,13.0,17.2,14.1,0.6666666666666666,0.4,0.2,51.666666666666664,69.2,57.9,34,H,0.4,5.0,8.0
46100,West Coast Eagles,,,,,,,,,,0,A,0.2,9.0,8.0
44546,West Coast Eagles,14.0,15.2,15.0,0.3333333333333333,0.6,0.4,60.333333333333336,64.2,64.8,13,A,0.2,9.0,8.0
43830,West Coast Eagles,,,,,,,,,,0,A,0.2,9.0,8.0
46185,Essendon Bombers,,,,,,,,,,0,H,0.2,9.0,6.0
46012,Collingwood Magpies,13.0,13.0,13.0,,,,59.0,59.0,59.0,2,H,0.4,1.0,6.0
44347,Collingwood Magpies,5.0,7.4,11.555555555555555,0.3333333333333333,0.2,0.1,21.666666666666668,31.6,46.0,48,H,0.4,1.0,6.0
43365,Collingwood Magpies,14.0,14.0,14.0,0.0,0.0,0.0,59.0,59.0,59.0,2,H,0.4,1.0,6.0
44606,Richmond Tigers,,,,,,,,,,0,A,0.6,5.0,7.0
43370,Sydney Swans,6.0,7.2,7.0,0.3333333333333333,0.8,0.6,32.333333333333336,39.2,36.2,27,A,0.6,2.0,6.0
45086,Gold Coast Suns,5.666666666666667,6.6,7.3,0.0,0.0,0.0,30.666666666666668,33.6,31.4,105,A,0.4,5.0,6.0
43464,Adelaide Crows,14.5,13.75,13.777777777777779,0.0,0.0,0.0,51.333333333333336,50.4,53.2,188,A,0.2,8.0,7.0
46339,Essendon Bombers,2.0,2.0,2.0,1.0,1.0,1.0,21.0,15.75,15.75,4,A,0.2,5.0,8.0
45174,Essendon Bombers,2.0,1.5,1.5,0.3333333333333333,0.25,0.25,21.0,15.75,15.75,4,A,0.2,5.0,8.0
44964,Essendon Bombers,12.333333333333334,9.8,11.9,0.0,0.2,0.7,50.666666666666664,42.0,53.9,181,A,0.2,5.0,8.0
45164,Western Bulldogs,8.333333333333334,7.8,9.2,1.0,1.0,0.8,47.0,41.6,43.9,161,H,0.8,2.0,6.0
45264,West Coast Eagles,10.666666666666666,8.4,7.833333333333333,1.0,0.6,0.6666666666666666,43.666666666666664,35.6,34.0,6,A,0.0,5.0,7.0
44571,West Coast Eagles,9.333333333333334,14.4,18.2,0.0,0.0,0.1,31.333333333333332,52.8,65.8,19,A,0.0,5.0,7.0
43754,Port Adelaide Power,17.666666666666668,17.2,16.5,0.6666666666666666,0.4,0.2,75.33333333333333,69.8,64.3,120,A,0.8,2.0,11.0
43665,Essendon Bombers,18.0,17.25,18.625,0.0,0.4,0.5,67.0,65.2,73.4,95,H,0.2,2.0,12.0
45186,Essendon Bombers,7.666666666666667,8.0,8.6,0.6666666666666666,1.2,1.6,37.0,40.4,47.0,21,H,0.2,2.0,12.0
46033,Hawthorn Hawks,3.0,3.0,3.0,,,,34.5,34.5,34.5,2,A,0.2,4.0,6.0
44001,Hawthorn Hawks,5.333333333333333,7.2,8.6,0.0,0.0,0.0,18.0,24.2,31.6,134,A,0.2,4.0,6.0
44441,St Kilda Saints,16.333333333333332,16.2,17.9,0.3333333333333333,0.4,0.2,72.33333333333333,70.4,69.8,72,A,0.6,3.0,13.0
43511,Hawthorn Hawks,3.0,3.0,3.0,0.0,0.0,0.0,34.5,34.5,34.5,2,A,0.2,4.0,6.0
44015,North Melbourne Kangaroos,11.0,9.6,9.5,0.0,0.0,0.0,44.666666666666664,40.8,39.7,16,H,0.0,2.0,8.0
43410,Greater Western Sydney Giants,12.0,7.2,8.6,0.6666666666666666,0.4,0.4,47.0,28.2,35.3,222,A,0.4,1.0,15.0
45471,Greater Western Sydney Giants,12.0,12.0,12.285714285714286,2.0,2.0,1.3333333333333333,47.0,28.2,35.3,222,A,0.4,1.0,15.0
44634,Sydney Swans,13.0,8.0,7.888888888888889,0.0,0.0,0.0,30.0,22.8,27.6,33,A,0.6,1.0,14.0
43436,Greater Western Sydney Giants,14.333333333333334,13.4,13.8,0.6666666666666666,0.6,0.3,63.0,58.6,55.0,26,H,0.4,5.0,6.0
46310,Geelong Cats,13.666666666666666,14.25,15.2,,,,46.333333333333336,41.2,43.166666666666664,6,H,0.8,2.0,7.0
43648,Fremantle Dockers,12.333333333333334,11.6,9.8,0.3333333333333333,0.2,0.4,38.666666666666664,39.8,37.6,41,A,0.6,1.0,14.0
45067,Sydney Swans,2.0,5.2,7.5,0.0,0.4,0.6,10.666666666666666,24.8,37.4,123,H,0.6,4.0,7.0
45009,Geelong Cats,13.666666666666666,11.4,12.666666666666666,0.0,0.0,0.0,46.333333333333336,41.2,43.166666666666664,6,H,0.8,2.0,7.0
44382,Port Adelaide Power,0.6666666666666666,-1.0,1.2,0.6666666666666666,0.6,0.7,30.0,22.8,32.9,120,H,0.6,3.0,8.0
43848,Port Adelaide Power,3.6666666666666665,4.6,5.3,0.0,0.2,0.2,19.666666666666668,22.0,21.7,13,H,0.6,3.0,8.0
46042,Collingwood Magpies,5.0,5.0,5.0,,,,20.0,20.0,20.0,1,A,1.0,3.0,6.0
43552,Collingwood Magpies,5.0,5.0,5.0,0.0,0.0,0.0,20.0,20.0,20.0,1,A,1.0,3.0,6.0
43418,North Melbourne Kangaroos,3.6666666666666665,5.4,7.4,0.0,0.0,0.1,22.666666666666668,28.2,33.4,19,A,0.0,8.0,6.0
44044,Geelong Cats,13.666666666666666,13.4,12.2,0.0,0.2,0.2,80.0,71.0,67.1,259,H,1.0,2.0,7.0
43466,Melbourne Demons,9.0,12.0,9.8,0.6666666666666666,0.4,0.5,51.0,61.8,50.7,78,A,0.4,1.0,9.0
44251,Richmond Tigers,10.333333333333334,13.0,15.0,0.0,0.2,0.3,36.666666666666664,55.2,61.7,134,H,0.6,2.0,8.0
44544,Port Adelaide Power,9.0,10.4,11.9,0.3333333333333333,0.6,0.7,48.0,50.6,56.5,216,A,0.6,3.0,7.0
46008,Western Bulldogs,11.0,11.0,11.0,1.0,1.0,1.0,43.0,43.0,43.0,1,A,0.6,2.0,8.0
43361,Western Bulldogs,11.0,11.0,11.0,1.0,1.0,1.0,43.0,43.0,43.0,1,A,0.6,2.0,8.0
43695,Greater Western Sydney Giants,12.0,12.0,11.8,0.0,0.0,0.0,53.333333333333336,50.0,48.3,191,A,0.4,7.0,6.0
46214,Brisbane Lions,,,,,,,,,,0,H,0.6,1.0,10.0
44483,Brisbane Lions,,,,,,,,,,0,H,0.6,1.0,10.0
44847,St Kilda Saints,7.333333333333333,7.6,8.5,1.0,0.8,1.1,65.66666666666667,62.2,65.7,280,A,0.2,1.0,6.0
44045,St Kilda Saints,17.666666666666668,16.2,15.2,0.0,0.0,0.0,68.0,65.6,63.6,15,A,0.2,1.0,6.0
44018,Carlton Blues,3.3333333333333335,4.6,7.9,0.0,0.0,0.3,31.0,39.6,53.5,12,H,0.6,3.0,6.0
43260,Richmond Tigers,7.0,6.6,6.8,0.3333333333333333,0.2,0.4,32.0,26.4,29.4,41,A,0.6,7.0,7.0
43760,Melbourne Demons,15.0,16.6,21.4,0.0,0.0,0.0,50.0,56.4,72.3,120,H,0.4,1.0,10.0
44696,Hawthorn Hawks,12.333333333333334,13.8,16.7,0.0,0.4,0.6,58.333333333333336,60.2,70.7,114,A,0.4,8.0,6.0
44993,Greater Western Sydney Giants,-0.3333333333333333,2.2,3.5,0.0,0.4,0.6,31.0,42.4,48.6,16,A,0.2,5.0,8.0
43979,Essendon Bombers,-4.333333333333333,-1.8,1.3,0.0,0.0,0.0,-0.3333333333333333,10.8,23.8,44,A,0.8,4.0,7.0
43602,Fremantle Dockers,7.666666666666667,5.6,6.4,0.0,0.2,0.4,47.666666666666664,43.2,51.6,145,H,0.4,2.0,7.0
44215,Sydney Swans,12.666666666666666,13.6,14.777777777777779,1.0,1.0,1.0,47.666666666666664,52.4,48.8,289,H,0.8,3.0,7.0
44533,Hawthorn Hawks,11.666666666666666,7.2,4.2,0.0,0.0,0.0,37.666666666666664,23.0,15.8,14,A,0.6,8.0,7.0
43586,Brisbane Lions,8.333333333333334,10.0,8.3,0.0,0.2,0.2,40.666666666666664,45.2,39.7,48,A,0.6,1.0,8.0
44732,Greater Western Sydney Giants,10.0,12.4,11.555555555555555,0.3333333333333333,0.2,0.2,68.0,80.6,82.1,27,H,0.2,10.0,7.0
45016,Essendon Bombers,7.0,8.2,10.9,1.0,0.6,0.3,33.0,35.6,41.5,77,A,0.8,8.0,6.0
43666,Geelong Cats,8.0,6.8,9.2,0.3333333333333333,0.2,0.3,32.666666666666664,23.2,36.2,224,H,1.0,1.0,7.0
45160,North Melbourne Kangaroos,8.666666666666666,8.2,10.3,0.0,0.0,0.0,39.666666666666664,36.6,43.8,138,H,0.2,5.0,7.0
43267,Brisbane Lions,14.0,11.0,14.0,0.0,0.0,0.0,46.333333333333336,47.4,57.4,72,H,0.6,1.0,7.0
44216,West Coast Eagles,9.333333333333334,10.6,8.9,2.0,2.6,2.0,58.0,61.8,50.6,292,H,0.0,5.0,7.0
44814,Sydney Swans,8.0,11.6,8.7,0.0,0.8,0.6,33.333333333333336,50.0,36.9,43,A,0.8,1.0,8.0
43288,North Melbourne Kangaroos,22.5,25.0,23.11111111111111,0.3333333333333333,0.2,0.3,87.33333333333333,92.6,91.9,98,A,0.2,9.0,6.0
44574,West Coast Eagles,12.333333333333334,14.4,14.7,0.0,0.2,0.3,76.0,75.8,77.5,212,A,0.0,9.0,6.0
44375,Western Bulldogs,12.333333333333334,12.0,10.5,0.0,0.0,0.0,55.666666666666664,53.2,49.4,202,H,0.4,5.0,7.0
44143,Hawthorn Hawks,10.0,9.6,8.333333333333334,0.0,0.4,0.3333333333333333,36.666666666666664,37.6,35.5,6,A,0.8,4.0,8.0
43927,Port Adelaide Power,11.0,13.0,11.5,0.6666666666666666,0.4,0.4,56.666666666666664,63.8,61.0,270,H,0.2,4.0,6.0
43536,Richmond Tigers,9.333333333333334,8.8,10.222222222222221,0.3333333333333333,0.4,0.7,44.666666666666664,44.2,50.1,133,A,0.6,3.0,6.0
44256,West Coast Eagles,8.333333333333334,10.0,9.444444444444445,0.3333333333333333,0.4,0.3,41.333333333333336,44.8,42.2,55,A,0.0,9.0,7.0
44830,Adelaide Crows,7.333333333333333,9.4,14.0,0.6666666666666666,0.8,0.7,30.0,40.8,56.8,35,A,0.6,6.0,7.0
44114,Essendon Bombers,12.0,13.8,15.666666666666666,0.0,0.0,0.0,47.666666666666664,53.4,58.2,193,H,0.4,7.0,6.0
44756,West Coast Eagles,19.666666666666668,19.8,21.2,1.0,0.6,0.4,94.33333333333333,97.2,98.1,262,A,0.0,9.0,7.0
43729,West Coast Eagles,7.0,7.8,9.11111111111111,1.0,0.6,0.5,35.666666666666664,35.6,43.8,10,A,0.0,9.0,7.0
44588,West Coast Eagles,13.0,15.8,14.333333333333334,0.0,0.0,0.0,48.666666666666664,58.0,51.5,101,A,0.0,9.0,7.0
46076,West Coast Eagles,7.0,7.8,8.75,1.5,1.5,1.25,35.666666666666664,35.6,43.8,10,A,0.0,9.0,7.0
43694,Adelaide Crows,2.0,3.2,4.333333333333333,0.0,0.0,0.1,8.0,9.6,22.0,10,A,0.6,6.0,7.0
43919,Gold Coast Suns,10.0,10.2,10.0,0.0,0.0,0.1,49.666666666666664,47.8,43.8,36,A,0.2,4.0,7.0
45005,Greater Western Sydney Giants,2.0,2.25,5.875,0.3333333333333333,0.2,0.1,19.666666666666668,15.2,29.4,19,H,0.2,8.0,7.0
46283,Hawthorn Hawks,,,,,,,,,,0,H,0.6,6.0,7.0
44219,St Kilda Saints,13.5,13.75,12.444444444444445,1.0,1.2,0.7,41.666666666666664,56.6,54.8,99,H,0.4,4.0,9.0
44593,Carlton Blues,8.333333333333334,10.2,14.4,0.3333333333333333,0.2,0.2,31.333333333333332,40.6,56.1,206,H,0.2,3.0,8.0
44414,Hawthorn Hawks,11.666666666666666,13.4,12.2,1.0,0.8,0.6,97.0,84.4,76.8,251,H,0.6,6.0,7.0
44859,Hawthorn Hawks,,,,,,,,,,0,H,0.6,6.0,7.0
44283,St Kilda Saints,14.666666666666666,10.4,13.6,0.0,0.0,0.0,69.66666666666667,48.8,57.0,33,H,0.4,4.0,9.0
43982,St Kilda Saints,16.5,17.75,16.666666666666668,0.3333333333333333,0.2,0.1,61.666666666666664,58.4,53.5,225,H,0.4,4.0,9.0
44807,Brisbane Lions,10.666666666666666,13.6,11.1,1.0,0.6,0.8,46.666666666666664,52.0,45.7,246,H,0.6,1.0,13.0
43782,Richmond Tigers,12.333333333333334,12.6,12.9,1.6666666666666667,1.0,1.0,60.333333333333336,52.4,50.2,302,A,0.8,2.0,12.0
45062,Richmond Tigers,8.333333333333334,9.0,9.2,0.0,0.0,0.0,28.0,36.6,39.0,193,A,0.8,2.0,12.0
44975,Western Bulldogs,6.333333333333333,6.0,10.1,1.0,0.6,0.5,27.666666666666668,26.6,43.2,46,A,0.6,4.0,13.0
44553,Fremantle Dockers,25.0,26.4,22.6,0.3333333333333333,0.2,0.2,79.33333333333333,80.6,74.8,375,A,0.8,1.0,7.0
44379,Brisbane Lions,12.333333333333334,14.8,14.7,0.0,0.2,0.3,43.0,58.0,58.1,71,A,0.8,2.0,7.0
44765,Sydney Swans,9.666666666666666,10.8,11.7,1.0,1.0,1.1,56.666666666666664,61.4,70.1,180,A,1.0,2.0,7.0
44892,Geelong Cats,21.666666666666668,19.8,20.2,1.0,0.6,0.3,82.66666666666667,76.8,76.2,354,H,1.0,1.0,8.0
43469,Adelaide Crows,0.3333333333333333,3.8,6.2,0.0,0.2,0.2,4.666666666666667,19.8,28.5,27,A,0.6,1.0,211.0
46357,Geelong Cats,,,,,,,,,,0,A,0.8,2.0,6.0
45232,Geelong Cats,,,,,,,,,,0,A,0.8,2.0,6.0
43609,Gold Coast Suns,10.0,12.2,14.0,0.0,0.2,0.2,35.0,46.0,53.0,15,A,0.4,4.0,8.0
43528,Collingwood Magpies,9.333333333333334,9.0,11.857142857142858,0.0,0.6,0.5714285714285714,28.0,32.4,46.285714285714285,7,H,0.6,1.0,6.0
43584,Port Adelaide Power,9.0,9.8,9.7,0.0,0.0,0.0,40.666666666666664,44.2,41.5,123,H,0.6,5.0,7.0
43413,North Melbourne Kangaroos,13.0,13.2,9.2,0.0,0.0,0.0,52.0,50.2,33.7,33,H,0.4,2.0,6.0
44401,Western Bulldogs,1.6666666666666667,4.8,8.2,0.0,0.0,0.1,5.333333333333333,16.2,28.5,17,A,0.4,4.0,9.0
45259,Fremantle Dockers,17.0,17.2,16.444444444444443,0.0,0.0,0.0,65.66666666666667,63.8,60.0,154,A,0.4,4.0,6.0
44397,Sydney Swans,12.0,9.25,10.666666666666666,0.0,0.2,0.1,52.0,42.4,46.0,62,H,0.6,2.0,6.0
44710,Carlton Blues,13.0,13.0,12.7,0.0,0.0,0.0,46.666666666666664,49.2,48.2,144,A,0.6,1.0,6.0
45261,Collingwood Magpies,7.666666666666667,9.2,10.142857142857142,0.6666666666666666,0.4,0.2857142857142857,32.333333333333336,34.4,36.142857142857146,7,H,0.6,2.0,10.0
43972,Greater Western Sydney Giants,13.666666666666666,12.0,11.714285714285714,0.3333333333333333,0.2,0.14285714285714285,47.666666666666664,40.8,44.57142857142857,7,H,0.2,3.0,7.0
44213,Greater Western Sydney Giants,2.0,4.4,6.4,0.0,0.0,0.0,22.333333333333332,33.4,44.7,152,H,0.4,4.0,6.0
44328,Hawthorn Hawks,10.666666666666666,10.4,8.7,0.6666666666666666,0.8,0.4,63.333333333333336,63.2,53.2,10,H,0.2,5.0,7.0
44837,Collingwood Magpies,6.0,3.6,8.0,0.0,0.0,0.0,47.333333333333336,35.8,50.6,17,H,0.8,1.0,9.0
43451,Fremantle Dockers,19.666666666666668,19.2,22.5,0.3333333333333333,0.2,0.2,62.333333333333336,70.0,81.6,53,A,0.4,6.0,8.0
44210,Collingwood Magpies,5.333333333333333,5.25,5.25,0.0,0.25,0.25,22.0,22.5,22.5,4,A,0.8,1.0,5.0
44353,North Melbourne Kangaroos,8.666666666666666,6.2,6.4,0.3333333333333333,0.4,0.3,40.0,33.4,30.9,43,H,0.0,9.0,6.0
46292,Sydney Swans,3.0,3.0,3.0,1.0,1.0,1.0,15.0,15.0,15.0,2,H,0.2,7.0,6.0
44907,Sydney Swans,3.0,3.0,3.0,0.5,0.5,0.5,15.0,15.0,15.0,2,H,0.2,7.0,6.0
43915,Sydney Swans,6.666666666666667,6.666666666666667,6.666666666666667,0.0,0.0,0.0,27.666666666666668,27.666666666666668,27.666666666666668,3,A,0.2,9.0,7.0
46110,Sydney Swans,6.666666666666667,6.666666666666667,6.666666666666667,,,,27.666666666666668,27.666666666666668,27.666666666666668,3,A,0.2,9.0,7.0
46099,Greater Western Sydney Giants,6.0,6.0,6.0,,,,31.0,31.0,31.0,1,H,0.4,4.0,7.0
43826,Greater Western Sydney Giants,6.0,6.0,6.0,0.0,0.0,0.0,31.0,31.0,31.0,1,H,0.4,4.0,7.0
44388,Sydney Swans,9.0,9.0,9.0,0.0,0.0,0.0,66.0,66.0,66.0,1,H,0.2,2.0,6.0
46201,Sydney Swans,9.0,9.0,9.0,,,,66.0,66.0,66.0,1,H,0.2,2.0,6.0
44611,Carlton Blues,9.0,6.8,12.0,0.0,0.0,0.0,41.0,29.2,48.8,65,A,0.2,2.0,7.0
43539,Geelong Cats,14.333333333333334,13.8,14.0,0.0,0.0,0.0,74.33333333333333,71.2,67.4,109,A,0.4,5.0,7.0
45217,West Coast Eagles,11.666666666666666,12.4,10.8,0.3333333333333333,0.4,0.3,46.333333333333336,49.2,42.3,27,H,0.0,8.0,7.0
44942,Geelong Cats,10.0,11.333333333333334,12.375,1.0,1.4,0.9,38.333333333333336,46.8,47.9,24,A,0.4,5.0,7.0
44782,Brisbane Lions,23.666666666666668,19.6,21.0,0.3333333333333333,0.2,0.2,92.0,74.2,76.3,274,A,0.8,1.0,13.0
43965,North Melbourne Kangaroos,21.0,23.0,23.4,0.0,0.0,0.1,76.33333333333333,89.6,91.3,160,H,0.0,4.0,7.0
44614,Western Bulldogs,12.666666666666666,11.8,11.555555555555555,0.0,0.0,0.1,58.333333333333336,56.2,54.8,114,A,0.4,1.0,9.0
44991,North Melbourne Kangaroos,6.0,7.0,6.777777777777778,0.3333333333333333,0.2,0.2,38.666666666666664,37.4,32.2,11,H,0.0,4.0,7.0
43980,Western Bulldogs,7.333333333333333,7.2,9.6,0.3333333333333333,0.4,0.3,36.333333333333336,36.0,43.7,79,H,0.4,3.0,13.0
43388,Collingwood Magpies,12.666666666666666,10.4,10.0,0.3333333333333333,0.2,0.1,55.333333333333336,48.2,45.2,22,A,0.8,1.0,6.0
44346,Brisbane Lions,4.666666666666667,6.6,8.9,0.0,0.0,0.0,25.333333333333332,33.0,38.2,12,H,0.6,2.0,9.0
46252,St Kilda Saints,,,,,,,,,,0,A,0.4,3.0,7.0
44675,St Kilda Saints,,,,,,,,,,0,A,0.4,3.0,7.0
43930,Hawthorn Hawks,8.0,8.0,8.3,1.3333333333333333,1.4,1.5,39.666666666666664,41.6,44.8,15,A,0.2,2.0,8.0
46112,Hawthorn Hawks,8.0,8.5,8.555555555555555,2.0,2.3333333333333335,2.142857142857143,39.666666666666664,41.6,44.8,15,A,0.2,2.0,8.0
44076,Carlton Blues,8.666666666666666,8.0,7.7,0.3333333333333333,0.4,0.3,36.333333333333336,38.8,32.9,16,H,0.8,5.0,7.0
44622,Gold Coast Suns,5.5,8.0,7.25,0.6666666666666666,0.4,0.2,37.0,42.8,37.9,12,A,0.4,4.0,8.0
44011,Adelaide Crows,17.333333333333332,20.4,20.6,0.0,0.0,0.2,64.66666666666667,72.2,78.8,27,A,0.4,4.0,8.0
44999,Fremantle Dockers,5.0,5.0,5.0,0.0,0.0,0.0,18.0,18.0,18.0,1,A,0.2,10.0,7.0
43470,Western Bulldogs,8.0,9.8,9.777777777777779,0.0,0.0,0.1,29.0,35.0,42.8,162,H,0.6,3.0,8.0
43847,Sydney Swans,12.666666666666666,10.4,9.777777777777779,2.3333333333333335,1.8,1.5,77.0,57.4,55.6,353,A,0.6,7.0,7.0
46307,Fremantle Dockers,5.0,5.0,5.0,,,,18.0,18.0,18.0,1,A,0.2,10.0,7.0
45298,North Melbourne Kangaroos,13.333333333333334,16.8,15.4,0.0,0.0,0.1,50.666666666666664,63.0,68.1,46,A,0.0,5.0,7.0
43617,Fremantle Dockers,7.333333333333333,6.2,6.5,1.0,0.6,0.9,42.666666666666664,31.6,35.1,40,A,0.2,8.0,6.0
44632,West Coast Eagles,10.666666666666666,9.8,11.7,0.3333333333333333,0.2,0.2,52.0,45.4,52.2,38,H,0.2,9.0,7.0
43565,West Coast Eagles,6.333333333333333,7.0,10.777777777777779,0.3333333333333333,0.2,0.2,25.333333333333332,29.8,43.2,20,H,0.2,9.0,7.0
43658,North Melbourne Kangaroos,20.333333333333332,18.6,18.22222222222222,0.3333333333333333,0.2,0.1,61.666666666666664,58.2,59.2,237,H,0.0,9.0,6.0
45119,Gold Coast Suns,3.6666666666666665,3.6666666666666665,3.6666666666666665,0.6666666666666666,0.5,0.5,19.0,20.0,20.0,4,A,0.4,7.0,7.0
43835,West Coast Eagles,11.333333333333334,12.6,11.9,0.0,0.0,0.0,53.666666666666664,57.6,51.4,31,H,0.2,9.0,7.0
45267,Hawthorn Hawks,23.0,20.6,17.4,1.6666666666666667,1.4,0.8,96.33333333333333,86.0,73.6,217,H,0.4,6.0,8.0
46281,Collingwood Magpies,,,,,,,,,,0,H,0.6,1.0,7.0
44843,Collingwood Magpies,,,,,,,,,,0,H,0.6,1.0,7.0
44785,Richmond Tigers,2.3333333333333335,4.2,3.8,1.6666666666666667,1.4,1.5,48.666666666666664,56.2,55.4,346,H,0.4,8.0,6.0
43624,Richmond Tigers,15.0,14.75,17.666666666666668,0.0,0.2,0.3,52.0,52.2,64.0,305,H,0.4,8.0,6.0
43660,Carlton Blues,7.0,9.25,11.88888888888889,0.3333333333333333,0.2,0.2,29.333333333333332,39.6,46.0,220,A,1.0,1.0,7.0
44955,Adelaide Crows,12.333333333333334,14.8,17.1,0.3333333333333333,0.2,0.4,60.0,63.8,71.2,254,H,0.4,7.0,7.0
46092,Greater Western Sydney Giants,7.0,7.6,6.5,1.0,1.0,1.0,33.666666666666664,33.6,29.0,6,H,0.6,4.0,6.0
45306,North Melbourne Kangaroos,22.333333333333332,17.4,19.1,0.0,0.2,0.1,88.0,70.8,75.9,279,A,0.0,10.0,7.0
43803,Greater Western Sydney Giants,7.0,7.6,6.5,0.6666666666666666,0.6,0.5,33.666666666666664,33.6,29.0,6,H,0.6,4.0,6.0
43924,Hawthorn Hawks,5.0,4.4,5.9,0.6666666666666666,0.6,0.3,24.666666666666668,22.2,26.6,27,A,0.6,5.0,7.0
44693,Essendon Bombers,8.0,8.4,8.8,0.3333333333333333,0.2,0.2,67.66666666666667,66.4,66.6,81,H,0.4,2.0,6.0
44406,Essendon Bombers,7.666666666666667,8.4,6.6,0.3333333333333333,0.6,0.6,32.666666666666664,40.0,33.1,132,H,0.4,2.0,6.0
44980,Essendon Bombers,2.3333333333333335,4.0,6.2,0.0,0.2,0.4,30.0,37.4,49.6,64,H,0.4,2.0,6.0
43328,Essendon Bombers,11.666666666666666,9.6,8.285714285714286,0.0,0.4,0.2857142857142857,56.0,50.6,43.857142857142854,7,H,0.4,2.0,6.0
44115,West Coast Eagles,20.666666666666668,19.4,21.333333333333332,0.0,0.0,0.0,81.0,79.6,78.5,332,H,0.4,9.0,6.0
44966,Geelong Cats,20.333333333333332,19.4,19.6,0.3333333333333333,0.4,0.3,88.0,83.0,80.5,279,H,0.2,4.0,7.0
44450,Western Bulldogs,4.0,6.8,9.7,0.0,0.0,0.2,14.333333333333334,23.6,41.2,101,A,0.4,3.0,6.0
44674,North Melbourne Kangaroos,9.0,13.4,11.8,0.3333333333333333,0.2,0.1,38.666666666666664,52.4,46.9,23,H,0.0,10.0,7.0
44683,West Coast Eagles,16.0,14.0,11.7,0.3333333333333333,0.2,0.3,69.33333333333333,58.4,51.8,120,H,0.4,9.0,6.0
43651,Western Bulldogs,12.333333333333334,12.6,11.7,0.0,0.0,0.1,52.333333333333336,51.4,48.1,141,A,0.4,3.0,6.0
44842,Hawthorn Hawks,8.5,8.5,8.5,2.0,2.0,2.0,57.0,57.0,57.0,2,H,0.4,8.0,6.0
44096,North Melbourne Kangaroos,12.0,10.0,10.4,0.3333333333333333,0.2,0.1,71.33333333333333,64.4,60.0,106,H,0.0,10.0,7.0
45085,North Melbourne Kangaroos,23.333333333333332,18.8,19.6,0.6666666666666666,1.0,1.0,89.33333333333333,81.8,77.6,68,H,0.0,10.0,7.0
43403,Hawthorn Hawks,5.0,5.4,6.111111111111111,0.0,0.0,0.0,22.333333333333332,22.4,21.8,23,H,0.4,8.0,6.0
44924,West Coast Eagles,18.666666666666668,20.0,19.3,0.0,0.0,0.1,61.333333333333336,71.4,72.3,247,H,0.4,9.0,6.0
44237,Geelong Cats,14.666666666666666,15.2,13.88888888888889,0.0,0.0,0.0,56.333333333333336,60.6,52.5,42,H,0.2,4.0,7.0
45127,North Melbourne Kangaroos,13.666666666666666,10.6,9.5,0.0,0.2,0.2,56.333333333333336,46.2,42.4,129,H,0.0,10.0,7.0
44474,Geelong Cats,15.0,17.4,19.5,0.6666666666666666,0.6,0.7,57.666666666666664,62.8,74.0,116,H,0.2,4.0,7.0
44017,Port Adelaide Power,9.666666666666666,9.0,8.3,0.0,0.0,0.0,58.0,55.6,56.6,10,H,0.4,1.0,7.0
44171,Port Adelaide Power,10.0,8.2,7.8,0.0,0.0,0.1,46.0,40.0,36.0,215,H,0.4,1.0,7.0
43560,Sydney Swans,5.0,4.2,4.555555555555555,0.0,0.0,0.3,20.0,14.8,22.0,96,H,1.0,4.0,8.0
43438,Melbourne Demons,24.333333333333332,26.4,26.1,0.6666666666666666,0.4,0.2,98.0,95.0,94.7,166,A,0.8,2.0,11.0
44816,Melbourne Demons,7.0,7.8,9.0,1.3333333333333333,2.0,1.4,51.666666666666664,58.0,54.0,19,A,0.8,2.0,11.0
44039,Melbourne Demons,7.666666666666667,7.8,11.2,0.0,0.0,0.0,28.333333333333332,28.8,40.2,196,A,0.8,2.0,11.0
44041,Sydney Swans,10.666666666666666,10.4,12.2,0.0,0.0,0.0,59.333333333333336,61.8,66.7,150,A,0.8,2.0,12.0
45988,Melbourne Demons,8.333333333333334,7.4,6.25,1.5,1.3333333333333333,1.25,50.0,44.8,32.1,41,H,0.6,1.0,8.0
44325,Port Adelaide Power,8.5,9.25,10.777777777777779,0.0,0.0,0.0,67.66666666666667,71.6,68.6,145,H,0.6,1.0,7.0
44444,Port Adelaide Power,5.666666666666667,5.4,7.9,0.0,0.0,0.0,23.0,25.0,35.3,164,H,0.6,1.0,7.0
44289,Greater Western Sydney Giants,13.333333333333334,12.4,11.88888888888889,0.6666666666666666,0.6,0.7,58.333333333333336,57.4,57.1,100,A,0.8,2.0,6.0
44236,Carlton Blues,15.333333333333334,13.8,13.1,1.0,0.8,0.7,78.33333333333333,66.6,71.4,59,A,0.8,2.0,8.0
44559,Collingwood Magpies,8.0,8.6,9.555555555555555,0.0,0.0,0.0,30.333333333333332,33.8,40.0,56,H,0.8,1.0,8.0
43905,Collingwood Magpies,26.666666666666668,23.4,22.9,0.6666666666666666,0.8,0.6,88.0,80.6,81.0,157,H,0.8,1.0,8.0
43547,Brisbane Lions,10.333333333333334,10.0,11.333333333333334,0.3333333333333333,0.6,0.6,49.0,44.4,53.8,116,A,1.0,2.0,7.0
44863,Melbourne Demons,-1.6666666666666667,1.0,2.2,0.3333333333333333,0.4,0.6,16.666666666666668,33.6,41.2,75,A,0.4,1.0,174.0
43902,North Melbourne Kangaroos,16.0,13.2,13.88888888888889,0.0,0.0,0.0,59.666666666666664,50.4,54.5,11,A,0.2,3.0,203.0
44342,Gold Coast Suns,8.666666666666666,11.6,14.1,0.0,0.25,0.3333333333333333,35.333333333333336,47.8,58.7,96,H,0.2,1.0,7.0
43646,St Kilda Saints,25.333333333333332,26.75,27.333333333333332,0.3333333333333333,0.4,0.5,87.0,91.0,100.7,160,A,0.4,3.0,189.0
43345,West Coast Eagles,2.0,2.0,2.0,0.0,0.0,0.0,9.0,9.0,9.0,1,H,0.2,4.0,7.0
43535,Gold Coast Suns,10.0,9.4,9.4,2.0,1.3333333333333333,1.75,46.333333333333336,49.2,57.1,197,A,0.4,1.0,8.0
43557,Richmond Tigers,8.333333333333334,7.8,7.2,0.6666666666666666,1.0,0.8,36.0,38.4,33.4,16,H,0.2,4.0,10.0
44654,Adelaide Crows,9.333333333333334,10.6,10.5,0.0,0.0,0.0,39.0,43.6,43.0,16,H,0.2,2.0,6.0
44138,West Coast Eagles,11.0,12.5,8.666666666666666,,0.0,0.0,45.666666666666664,50.6,38.5,16,H,0.2,6.0,6.0
46265,West Coast Eagles,,,,,,,,,,0,H,0.2,6.0,6.0
44332,Brisbane Lions,16.0,10.6,12.3,0.0,0.3333333333333333,0.25,65.33333333333333,42.8,50.5,193,H,0.4,6.0,9.0
44103,Fremantle Dockers,14.0,12.8,12.0,,,0.0,48.333333333333336,51.0,50.5,106,A,0.6,5.0,7.0
46289,North Melbourne Kangaroos,1.0,1.0,1.0,,,,7.0,7.0,7.0,1,H,0.0,3.0,7.0
46236,North Melbourne Kangaroos,12.5,12.5,12.5,,,,51.0,51.0,51.0,3,H,0.0,6.0,6.0
44573,Richmond Tigers,9.333333333333334,9.4,8.9,0.0,0.0,0.0,63.0,68.0,63.9,32,H,0.2,5.0,11.0
44394,Brisbane Lions,13.0,14.0,13.5,1.0,1.25,1.4444444444444444,64.0,71.2,68.1,150,H,0.4,4.0,10.0
43947,Richmond Tigers,8.0,8.2,8.555555555555555,,0.0,0.0,27.0,27.6,32.1,233,H,0.2,5.0,11.0
46046,Western Bulldogs,,,,,,,,,,0,H,0.4,3.0,8.0
44016,St Kilda Saints,9.5,11.75,12.833333333333334,1.3333333333333333,1.2,1.2857142857142858,49.333333333333336,52.6,62.142857142857146,7,A,0.4,4.0,7.0
43933,North Melbourne Kangaroos,9.333333333333334,12.8,14.1,1.0,0.5,0.4444444444444444,58.0,65.2,64.5,120,A,0.0,8.0,7.0
43956,Geelong Cats,19.333333333333332,20.8,21.333333333333332,,0.0,0.14285714285714285,71.33333333333333,75.2,81.1,239,A,0.6,1.0,6.0
43460,Melbourne Demons,6.0,6.8,7.0,2.0,2.0,1.125,34.666666666666664,38.4,36.0,174,A,0.6,2.0,10.0
46257,Hawthorn Hawks,,,,,,,,,,0,A,0.6,4.0,8.0
44264,North Melbourne Kangaroos,8.0,10.2,12.1,1.0,1.0,0.5,32.333333333333336,39.6,44.7,38,H,0.0,8.0,6.0
46280,Brisbane Lions,4.0,4.0,4.0,2.0,2.0,2.0,38.666666666666664,38.666666666666664,38.666666666666664,3,A,0.4,2.0,8.0
44154,Collingwood Magpies,3.6666666666666665,5.8,5.6,0.0,2.0,1.625,20.0,34.4,33.2,26,H,0.6,1.0,7.0
43610,Geelong Cats,14.333333333333334,12.0,12.0,,0.5,0.5,79.33333333333333,70.8,70.8,5,H,0.2,1.0,7.0
44387,Melbourne Demons,9.0,8.75,9.333333333333334,1.0,2.25,1.6666666666666667,55.666666666666664,62.4,59.4,52,H,0.6,2.0,7.0
44107,Melbourne Demons,21.0,20.4,22.4,0.3333333333333333,0.2,0.2,72.0,71.2,77.9,198,H,0.6,2.0,7.0
44427,Adelaide Crows,9.0,9.25,10.142857142857142,1.0,1.0,0.8,38.0,39.2,43.6,69,H,0.4,1.0,5.0
44202,Western Bulldogs,12.333333333333334,11.2,11.8,,0.0,0.0,44.333333333333336,45.8,49.9,108,H,0.6,1.0,7.0
44909,West Coast Eagles,14.333333333333334,14.6,14.11111111111111,,,0.3333333333333333,57.0,54.8,59.3,164,H,0.2,5.0,7.0
44823,St Kilda Saints,10.0,13.2,17.3,1.0,1.0,1.0,42.666666666666664,52.0,69.5,210,A,0.4,2.0,6.0
45027,Adelaide Crows,11.0,12.4,11.0,0.3333333333333333,0.2,0.16666666666666666,64.33333333333333,68.0,61.833333333333336,6,H,0.2,5.0,9.0
44883,Western Bulldogs,10.0,11.0,9.88888888888889,0.5,0.25,0.3333333333333333,27.0,38.2,40.0,58,H,0.6,3.0,8.0
46152,Collingwood Magpies,,,,,,,,,,0,A,0.6,1.0,6.0
44012,Geelong Cats,11.333333333333334,10.4,9.7,1.6666666666666667,1.5,2.3333333333333335,64.66666666666667,57.4,55.3,358,A,0.2,2.0,12.0
43790,Gold Coast Suns,11.666666666666666,15.0,17.3,,0.5,0.5714285714285714,46.0,59.8,72.4,250,A,0.6,3.0,15.0
46028,Melbourne Demons,1.0,1.0,1.0,,,,8.0,8.0,8.0,1,A,0.4,1.0,6.0
43971,Adelaide Crows,14.333333333333334,12.0,10.0,,,0.0,62.0,50.0,41.1,44,H,0.2,9.0,14.0
46068,Fremantle Dockers,1.0,1.0,1.0,,,,0.0,0.0,0.0,1,A,0.6,4.0,6.0
43525,St Kilda Saints,10.666666666666666,10.4,11.5,0.0,0.0,0.6666666666666666,59.333333333333336,51.6,59.0,57,H,0.4,4.0,16.0
44228,St Kilda Saints,8.666666666666666,10.0,9.8,2.3333333333333335,2.5,2.125,50.333333333333336,51.6,49.3,82,H,0.4,4.0,16.0
43653,Richmond Tigers,5.0,7.8,6.6,2.0,2.0,1.1428571428571428,26.333333333333332,37.2,31.9,24,A,0.2,9.0,6.0
44358,Carlton Blues,13.0,13.4,13.0,0.0,0.0,0.0,42.0,50.4,53.2,62,A,0.8,2.0,7.0
45064,North Melbourne Kangaroos,9.333333333333334,11.4,11.8,1.0,1.0,0.8333333333333334,42.0,52.6,52.7,75,A,0.4,10.0,7.0
44055,Essendon Bombers,8.666666666666666,13.0,14.1,1.0,1.0,1.2,36.333333333333336,52.2,58.7,94,A,0.4,3.0,8.0
44181,West Coast Eagles,8.666666666666666,10.0,11.3,1.0,1.0,1.0,43.333333333333336,46.2,49.9,65,A,0.0,9.0,6.0
44242,Collingwood Magpies,8.333333333333334,8.4,5.4,1.5,1.75,0.7777777777777778,59.0,59.4,35.6,14,A,0.4,4.0,8.0
44650,Geelong Cats,16.666666666666668,17.4,18.6,,1.0,0.3333333333333333,61.0,66.8,77.7,129,H,0.6,1.0,8.0
43763,Carlton Blues,7.666666666666667,8.4,7.8,0.0,0.0,0.0,28.333333333333332,33.8,31.1,23,H,0.6,2.0,8.0
43656,Carlton Blues,9.0,9.6,11.777777777777779,,0.5,0.42857142857142855,30.333333333333332,40.6,49.5,57,H,0.6,1.0,5.0
44824,West Coast Eagles,2.5,2.3333333333333335,3.75,,,,33.666666666666664,30.6,38.0,71,A,0.0,9.0,7.0
43781,West Coast Eagles,12.333333333333334,12.0,9.444444444444445,1.0,1.0,1.0,50.0,53.2,45.2,36,A,0.0,9.0,7.0
43382,Gold Coast Suns,10.0,10.0,11.0,,1.0,1.0,40.0,39.8,44.6,42,H,0.4,7.0,7.0
44053,Adelaide Crows,8.666666666666666,10.0,9.9,1.5,1.3333333333333333,1.1428571428571428,46.333333333333336,49.6,52.1,49,H,0.6,5.0,9.0
43997,Collingwood Magpies,9.666666666666666,10.4,9.7,2.0,2.0,2.0,46.666666666666664,50.6,44.6,15,H,0.2,4.0,8.0
46219,Melbourne Demons,11.0,13.0,13.0,,,,45.333333333333336,52.8,52.8,5,A,0.4,2.0,6.0
44165,Gold Coast Suns,8.666666666666666,10.2,10.375,1.0,1.0,0.6,43.0,52.6,48.125,8,A,0.4,3.0,6.0
45007,North Melbourne Kangaroos,15.0,14.6,12.5,1.0,1.0,1.25,54.0,57.4,51.3,121,H,0.2,7.0,7.0
44371,Richmond Tigers,11.666666666666666,14.8,17.8,1.5,2.0,1.6,42.333333333333336,53.6,65.7,301,A,0.0,7.0,6.0
43415,St Kilda Saints,19.666666666666668,19.75,20.444444444444443,,,,66.33333333333333,68.2,74.1,111,H,0.6,6.0,8.0
43794,Fremantle Dockers,8.666666666666666,8.2,8.2,3.0,3.0,1.75,48.0,42.8,41.2,14,A,0.8,1.0,8.0
43636,Essendon Bombers,11.666666666666666,11.6,10.2,3.0,3.0,2.3333333333333335,56.0,55.2,48.7,52,H,0.4,6.0,6.0
43686,Essendon Bombers,5.333333333333333,4.6,5.3,1.0,1.0,0.8333333333333334,27.0,23.4,24.6,19,H,0.4,6.0,6.0
45056,Fremantle Dockers,5.666666666666667,7.2,7.8,1.3333333333333333,1.6,1.1,33.333333333333336,38.4,42.2,124,H,0.6,5.0,6.0
45206,Essendon Bombers,7.666666666666667,8.0,8.4,0.6666666666666666,0.4,0.4,36.666666666666664,39.0,40.3,75,H,0.2,2.0,6.0
43502,Collingwood Magpies,20.0,12.75,9.666666666666666,1.0,1.0,0.2,73.66666666666667,57.2,42.3,28,H,0.4,6.0,8.0
44813,Geelong Cats,7.666666666666667,9.4,8.11111111111111,,2.0,1.6,32.333333333333336,44.4,39.6,203,A,0.8,1.0,7.0
43910,Adelaide Crows,5.0,7.2,7.4,1.0,1.0,0.75,24.0,37.4,38.0,15,A,0.6,10.0,6.0
46023,Brisbane Lions,13.333333333333334,12.2,9.375,,,,40.333333333333336,43.2,35.375,8,A,0.8,4.0,7.0
45115,West Coast Eagles,11.0,15.0,11.222222222222221,1.0,1.0,0.5,42.333333333333336,54.6,40.8,12,H,0.4,4.0,8.0
43376,North Melbourne Kangaroos,10.666666666666666,9.8,10.222222222222221,0.0,0.0,0.0,42.666666666666664,39.4,42.1,15,A,0.2,5.0,8.0
45270,West Coast Eagles,18.0,17.6,16.8,,,1.0,64.33333333333333,61.8,61.2,120,H,0.4,4.0,8.0
43839,North Melbourne Kangaroos,14.666666666666666,13.6,13.5,1.0,1.0,1.2,68.0,61.4,62.6,39,A,0.2,5.0,8.0
43859,West Coast Eagles,16.333333333333332,14.0,19.0,1.0,0.5,0.42857142857142855,53.666666666666664,46.4,68.0,279,H,0.4,4.0,8.0
43628,Richmond Tigers,2.3333333333333335,1.4,1.4,0.3333333333333333,0.4,0.4,34.666666666666664,29.4,29.4,5,A,0.0,6.0,7.0
44344,Collingwood Magpies,11.0,12.4,9.7,1.0,2.0,1.0,40.333333333333336,49.2,39.6,20,A,0.6,1.0,6.0
44081,Melbourne Demons,12.333333333333334,11.6,11.2,,,0.0,61.0,55.6,47.5,19,H,0.2,2.0,6.0
45105,Melbourne Demons,12.0,13.4,13.6,,,0.0,49.0,52.0,54.1,184,H,0.2,2.0,6.0
46156,West Coast Eagles,10.333333333333334,8.6,8.6,,,,33.666666666666664,27.8,27.8,5,A,0.4,8.0,6.0
43747,North Melbourne Kangaroos,9.666666666666666,11.0,9.333333333333334,,1.5,0.5,36.0,50.6,39.77777777777778,9,A,0.2,9.0,6.0
45293,West Coast Eagles,23.666666666666668,23.75,22.11111111111111,2.0,1.5,1.25,93.0,97.6,96.8,211,A,0.4,8.0,6.0
44704,Richmond Tigers,13.0,13.6,14.7,1.0,1.0,1.0,46.0,51.4,55.2,90,H,0.0,10.0,6.0
44192,Brisbane Lions,13.0,13.2,10.9,,,0.0,55.333333333333336,53.2,44.6,23,H,0.6,3.0,7.0
44207,Essendon Bombers,11.5,14.25,13.555555555555555,,,1.0,45.0,56.0,56.6,167,A,0.2,5.0,8.0
44033,Essendon Bombers,19.666666666666668,18.2,19.4,,1.0,1.0,63.0,61.2,68.5,252,A,0.2,5.0,8.0
44918,North Melbourne Kangaroos,13.333333333333334,10.0,12.1,1.0,1.0,1.0,59.333333333333336,43.6,50.1,287,A,0.2,9.0,6.0
45036,Fremantle Dockers,10.666666666666666,10.4,9.6,1.6666666666666667,1.8,2.125,55.666666666666664,53.8,50.1,30,H,0.4,5.0,8.0
43739,St Kilda Saints,15.333333333333334,13.2,16.5,1.0,1.0,0.6666666666666666,69.0,56.6,63.3,82,A,0.8,6.0,8.0
45170,Fremantle Dockers,7.333333333333333,8.2,8.9,3.0,3.0,2.2,42.0,44.2,42.9,238,H,0.4,5.0,8.0
45125,Geelong Cats,15.666666666666666,17.2,16.9,1.0,1.0,1.0,49.333333333333336,59.6,60.1,287,A,0.8,2.0,12.0
45205,Western Bulldogs,13.666666666666666,12.4,11.2,1.5,1.6666666666666667,1.8571428571428572,63.0,58.2,56.5,75,H,0.8,1.0,12.0
45132,Western Bulldogs,11.333333333333334,12.6,13.0,2.0,2.5,2.875,53.666666666666664,69.2,65.8,66,H,0.8,1.0,12.0
44592,Carlton Blues,29.0,28.2,24.6,,,1.0,129.0,126.4,113.1,133,A,0.2,4.0,13.0
44896,Hawthorn Hawks,7.666666666666667,9.8,7.555555555555555,,0.0,0.2,36.666666666666664,42.0,34.666666666666664,9,A,0.8,2.0,7.0
44367,Port Adelaide Power,11.5,9.75,10.0,,1.0,1.6666666666666667,32.0,37.2,50.3,115,H,0.8,1.0,8.0
43728,Port Adelaide Power,9.333333333333334,10.0,9.3,2.0,2.5,2.5,46.666666666666664,48.2,51.0,220,A,0.8,2.0,7.0
43471,Geelong Cats,15.0,16.8,16.4,1.0,1.0,1.0,62.0,69.8,65.7,65,H,0.8,2.0,16.0
44232,Geelong Cats,13.666666666666666,12.8,13.0,,,,68.66666666666667,59.8,62.0,197,H,0.8,2.0,16.0
43845,Sydney Swans,3.0,7.0,10.0,,,1.0,11.666666666666666,28.0,40.7,104,H,1.0,1.0,8.0
43678,Brisbane Lions,12.333333333333334,13.4,13.5,3.0,2.75,2.6666666666666665,70.0,71.6,70.4,203,A,0.8,2.0,7.0
44408,Sydney Swans,9.0,9.0,6.625,2.0,1.75,1.875,69.33333333333333,62.4,61.1,69,H,1.0,1.0,8.0
43856,Hawthorn Hawks,7.333333333333333,7.8,7.2,,,,25.333333333333332,31.6,30.7,184,H,0.8,1.0,7.0
45828,Fremantle Dockers,5.0,5.0,5.0,,,,51.5,51.5,51.5,2,A,0.2,1.0,202.0
43331,Gold Coast Suns,11.0,11.8,11.2,1.0,1.0,1.0,43.666666666666664,43.8,43.5,133,A,0.4,2.0,204.0
43619,St Kilda Saints,5.0,7.6,8.1,1.0,1.0,0.3333333333333333,20.666666666666668,33.4,35.6,140,A,0.8,2.0,203.0
46021,St Kilda Saints,,,,,,,,,,0,A,0.8,2.0,203.0
44431,Collingwood Magpies,11.0,7.4,6.5,1.0,1.0,1.4285714285714286,49.333333333333336,34.4,33.2,22,A,0.6,1.0,6.0
46094,Richmond Tigers,,,,,,,,,,0,A,0.2,1.0,9.0
45272,Melbourne Demons,9.666666666666666,6.4,7.555555555555555,1.0,1.0,1.0,43.0,29.6,32.4,20,A,0.2,2.0,7.0
45159,Fremantle Dockers,10.333333333333334,13.8,14.444444444444445,,,,47.666666666666664,57.2,54.5,65,H,0.0,2.0,8.0
44979,Port Adelaide Power,9.0,9.0,10.4,1.0,1.0,1.3333333333333333,55.333333333333336,64.0,74.4,65,A,0.4,1.0,5.0
46089,Essendon Bombers,8.0,8.0,8.0,3.0,3.0,3.0,58.0,58.0,58.0,1,H,0.0,2.0,5.0
43390,Melbourne Demons,20.666666666666668,18.4,16.6,1.0,1.0,1.0,78.0,70.0,64.6,171,H,0.2,8.0,6.0
44204,Greater Western Sydney Giants,9.333333333333334,8.8,7.6,1.0,1.0,0.4,57.666666666666664,57.4,50.0,118,A,0.4,2.0,13.0
43417,Adelaide Crows,7.0,7.8,10.1,,1.0,1.0,29.666666666666668,38.8,47.1,15,A,0.6,1.0,6.0
44921,Adelaide Crows,13.666666666666666,16.2,20.3,1.0,1.0,1.0,53.0,60.6,76.2,78,H,0.6,1.0,5.0
44211,Carlton Blues,8.333333333333334,8.0,10.8,3.0,2.3333333333333335,2.4,55.666666666666664,46.0,57.0,48,H,0.0,6.0,9.0
46129,Melbourne Demons,11.0,11.5,11.5,1.0,1.0,1.0,49.0,48.75,48.75,4,H,0.0,6.0,8.0
43474,Essendon Bombers,12.0,11.8,11.5,,,0.0,73.33333333333333,72.6,70.0,22,A,0.2,4.0,16.0
43355,Richmond Tigers,1.0,2.75,2.111111111111111,1.0,1.25,1.375,23.666666666666668,37.0,35.8,11,H,0.2,5.0,8.0
43742,Essendon Bombers,15.5,13.0,11.777777777777779,2.5,1.75,1.5555555555555556,75.66666666666667,71.8,76.6,77,A,0.4,1.0,6.0
46052,Port Adelaide Power,6.5,6.5,6.5,1.0,1.0,1.0,29.5,29.5,29.5,2,A,0.4,2.0,7.0
43857,Melbourne Demons,5.333333333333333,7.4,7.7,0.0,0.25,0.3333333333333333,23.666666666666668,32.8,34.8,20,H,0.2,2.0,5.0
43647,Adelaide Crows,24.333333333333332,27.2,28.666666666666668,,1.0,1.0,69.66666666666667,85.8,92.8,163,A,0.6,2.0,6.0
45025,Greater Western Sydney Giants,13.333333333333334,13.8,9.777777777777779,,,1.0,44.333333333333336,48.2,35.3,19,H,0.6,2.0,7.0
45120,North Melbourne Kangaroos,18.666666666666668,18.2,15.7,,,,65.33333333333333,66.8,59.6,155,A,0.2,6.0,8.0
43625,Carlton Blues,17.666666666666668,18.25,13.666666666666666,,1.0,1.0,70.0,69.2,58.6,73,H,0.4,4.0,9.0
44180,Essendon Bombers,9.333333333333334,10.25,11.444444444444445,1.0,1.0,1.0,48.0,50.0,52.9,58,H,0.6,1.0,6.0
43300,North Melbourne Kangaroos,8.0,9.0,10.8,,,,27.0,37.2,46.7,25,A,0.0,2.0,5.0
44577,Fremantle Dockers,2.6666666666666665,1.75,3.0,,,1.0,29.666666666666668,23.8,29.2,58,A,0.8,1.0,7.0
46365,Geelong Cats,6.0,6.0,6.0,,,,29.0,29.0,29.0,1,A,0.6,2.0,6.0
44418,West Coast Eagles,18.333333333333332,18.8,19.333333333333332,,,1.0,71.33333333333333,67.8,73.3,196,H,0.0,8.0,6.0
44093,St Kilda Saints,9.666666666666666,11.0,12.0,,,,46.666666666666664,52.6,54.3,137,H,0.4,1.0,7.0
46124,Essendon Bombers,,,,,,,,,,0,H,0.8,5.0,9.0
43923,Gold Coast Suns,9.0,9.6,12.3,2.0,1.6666666666666667,1.6666666666666667,44.666666666666664,46.8,57.7,24,H,0.6,2.0,6.0
43860,Western Bulldogs,11.333333333333334,11.0,11.4,,,1.0,41.666666666666664,42.0,47.5,24,A,0.6,2.0,7.0
44659,Sydney Swans,9.0,6.75,8.25,,,0.0,36.0,27.6,35.7,74,A,0.4,7.0,6.0
44760,Hawthorn Hawks,7.5,7.75,9.0,1.0,0.5,0.2857142857142857,52.666666666666664,49.8,63.1,42,A,0.6,1.0,5.0
44069,Carlton Blues,18.333333333333332,16.8,18.6,1.0,1.0,1.25,76.0,65.8,76.0,40,A,0.8,1.0,7.0
44576,Adelaide Crows,12.0,14.4,14.0,,,1.0,46.666666666666664,52.6,50.9,30,A,0.6,2.0,7.0
43591,Brisbane Lions,23.5,20.25,19.77777777777778,0.0,0.0,0.1111111111111111,89.0,86.6,86.0,65,H,0.6,1.0,7.0
45732,St Kilda Saints,12.5,12.5,12.5,,,,54.0,54.0,54.0,2,A,0.2,2.0,9.0
44846,Richmond Tigers,8.0,6.6,6.1,,1.0,1.0,44.333333333333336,36.0,34.0,24,A,0.4,2.0,5.0
44436,Essendon Bombers,10.0,8.4,8.9,,,,46.666666666666664,39.4,38.5,103,H,0.6,1.0,6.0
44766,Essendon Bombers,19.0,16.2,13.444444444444445,,,,96.66666666666667,80.0,70.4,18,H,0.6,1.0,6.0
43740,Richmond Tigers,16.333333333333332,19.0,19.3,,1.0,1.0,52.333333333333336,63.4,68.3,44,A,0.4,2.0,5.0
44937,Fremantle Dockers,16.0,12.666666666666666,12.666666666666666,1.0,1.0,1.0,47.333333333333336,42.5,42.5,4,H,0.4,4.0,7.0
45187,West Coast Eagles,12.0,11.4,10.9,2.0,2.4,2.111111111111111,67.33333333333333,66.6,64.1,111,A,0.2,6.0,7.0
46239,St Kilda Saints,7.666666666666667,6.75,6.8,,,,44.666666666666664,35.2,34.166666666666664,6,H,0.2,3.0,7.0
45994,Greater Western Sydney Giants,7.333333333333333,7.333333333333333,7.333333333333333,,,,40.666666666666664,40.666666666666664,40.666666666666664,3,H,0.4,3.0,7.0
46111,Richmond Tigers,6.0,6.0,6.0,,,,42.0,42.0,42.0,2,A,0.2,6.0,8.0
45176,Greater Western Sydney Giants,16.0,16.4,15.7,1.0,1.0,1.0,59.333333333333336,59.6,55.5,326,H,0.4,3.0,7.0
44504,Sydney Swans,10.0,10.0,10.0,,,,18.0,18.0,18.0,2,H,0.4,5.0,6.0
44262,Melbourne Demons,13.333333333333334,9.2,8.555555555555555,,2.0,0.4,51.0,37.8,31.6,11,H,0.8,2.0,7.0
46153,Melbourne Demons,5.5,6.0,6.0,1.0,1.0,1.0,26.0,30.25,30.25,4,H,0.8,2.0,7.0
43868,Western Bulldogs,8.0,7.2,9.444444444444445,0.0,0.0,0.1,29.333333333333332,30.0,38.8,53,H,0.6,2.0,14.0
46122,Sydney Swans,5.666666666666667,7.4,7.857142857142857,2.0,1.6666666666666667,1.5,25.333333333333332,33.2,36.142857142857146,7,A,0.4,4.0,7.0
43269,Sydney Swans,10.333333333333334,12.4,14.9,1.0,1.0,1.0,41.333333333333336,48.2,55.4,228,A,0.4,4.0,7.0
43576,Geelong Cats,-2.0,-0.75,2.2222222222222223,,,2.0,10.0,15.4,32.0,11,H,0.8,1.0,6.0
44273,Gold Coast Suns,12.333333333333334,11.4,9.8,,0.0,0.0,52.333333333333336,49.6,41.4,148,A,0.6,1.0,7.0
44389,Richmond Tigers,20.333333333333332,17.2,14.0,,,,78.33333333333333,68.0,52.4,13,H,0.2,6.0,7.0
46125,Collingwood Magpies,7.0,7.0,7.0,,,,52.0,52.0,52.0,1,A,0.8,1.0,10.0
44116,Hawthorn Hawks,17.0,13.4,11.666666666666666,,,1.0,63.666666666666664,47.4,45.22222222222222,9,H,0.4,2.0,8.0
44663,Brisbane Lions,14.666666666666666,13.4,13.3,,,,67.33333333333333,63.4,61.5,80,H,0.4,1.0,8.0
46071,Essendon Bombers,9.0,8.25,8.25,,1.0,1.0,38.0,35.25,35.25,4,H,0.4,5.0,6.0
46073,Greater Western Sydney Giants,4.0,4.0,4.0,,,,25.5,25.5,25.5,2,A,0.6,3.0,7.0
43675,Greater Western Sydney Giants,14.333333333333334,14.4,17.0,,1.0,1.5,54.666666666666664,55.8,73.5,111,A,0.6,3.0,7.0
43701,North Melbourne Kangaroos,7.666666666666667,8.0,9.2,,,1.0,31.666666666666668,29.6,36.5,18,H,0.4,6.0,6.0
43281,West Coast Eagles,8.333333333333334,10.6,9.1,3.0,2.6666666666666665,2.0,57.0,59.4,51.1,104,H,0.2,4.0,7.0
43275,Fremantle Dockers,7.666666666666667,7.8,10.3,,,,30.666666666666668,28.6,37.9,185,H,0.8,1.0,5.0
44903,Fremantle Dockers,9.666666666666666,9.0,12.7,,1.0,1.0,36.666666666666664,33.2,46.1,59,H,0.8,1.0,5.0
43741,Fremantle Dockers,6.333333333333333,8.0,7.8,,,,23.333333333333332,29.4,30.5,30,H,0.8,1.0,5.0
44649,Essendon Bombers,27.666666666666668,27.2,26.0,,,1.0,86.66666666666667,91.2,93.5,164,A,0.2,2.0,5.0
43489,Port Adelaide Power,20.0,20.6,19.6,,1.0,1.0,68.33333333333333,73.6,73.7,161,H,0.4,2.0,6.0
43391,Carlton Blues,15.0,16.6,14.714285714285714,,1.0,1.0,53.333333333333336,61.0,54.57142857142857,7,H,0.6,2.0,6.0
43816,Port Adelaide Power,9.0,8.8,10.0,1.0,2.0,1.5,41.0,43.6,46.7,127,H,0.4,2.0,6.0
45112,Western Bulldogs,25.0,25.4,28.9,1.0,1.0,1.5,81.33333333333333,88.0,103.4,257,H,0.4,3.0,10.0
46193,Greater Western Sydney Giants,11.0,11.0,11.0,,,,63.5,63.5,63.5,2,H,0.6,1.0,8.0
45886,Richmond Tigers,15.666666666666666,12.2,9.8,,,1.0,64.0,47.0,38.7,11,A,0.2,4.0,15.0
43427,Carlton Blues,7.5,11.0,12.333333333333334,,,,21.333333333333332,37.8,46.2,37,A,0.4,1.0,5.0
44932,Carlton Blues,14.666666666666666,13.2,14.3,,,,58.333333333333336,59.0,65.9,127,A,0.4,1.0,5.0
44224,Western Bulldogs,5.666666666666667,8.8,8.7,1.3333333333333333,1.8,1.625,37.0,50.6,49.3,40,A,0.6,1.0,5.0
43996,Western Bulldogs,15.666666666666666,17.4,19.444444444444443,1.0,1.0,2.0,54.333333333333336,63.0,68.5,173,A,0.6,1.0,5.0
44109,West Coast Eagles,3.6666666666666665,5.6,8.1,,1.0,1.0,34.333333333333336,39.6,47.6,171,A,0.2,6.0,13.0
44407,North Melbourne Kangaroos,22.666666666666668,18.8,15.5,,,,88.33333333333333,76.0,59.9,217,A,0.6,5.0,7.0
46348,Collingwood Magpies,,,,,,,,,,0,H,1.0,1.0,7.0
43822,North Melbourne Kangaroos,12.333333333333334,10.6,16.9,1.0,1.0,1.0,49.333333333333336,39.4,54.6,131,A,0.6,5.0,7.0
44272,Richmond Tigers,5.666666666666667,7.2,7.2,1.6666666666666667,1.75,1.75,36.333333333333336,41.6,44.7,10,H,0.0,4.0,7.0
43530,St Kilda Saints,8.0,9.2,8.0,1.0,1.0,1.0,37.333333333333336,40.6,35.2,23,A,0.2,3.0,8.0
43764,Western Bulldogs,12.0,11.4,13.3,,,,50.666666666666664,51.0,57.5,218,A,0.6,1.0,6.0
45992,West Coast Eagles,12.5,9.0,9.0,,,,31.333333333333332,27.4,27.4,5,H,0.0,4.0,6.0
46176,Greater Western Sydney Giants,6.0,6.0,6.0,1.0,1.0,1.0,28.0,28.0,28.0,2,A,0.8,2.0,12.0
44747,Hawthorn Hawks,10.5,7.25,7.428571428571429,3.0,3.0,1.0,57.666666666666664,43.2,42.125,8,A,0.6,2.0,7.0
43753,Geelong Cats,10.0,12.0,13.8,,,1.0,42.666666666666664,53.6,56.7,304,H,0.8,2.0,15.0
45362,Richmond Tigers,9.666666666666666,11.8,11.875,1.0,1.0,1.0,48.0,60.2,54.111111111111114,9,A,0.0,8.0,6.0
43507,Essendon Bombers,28.666666666666668,29.0,27.0,1.0,1.0,1.0,113.66666666666667,117.8,106.1,88,H,0.2,6.0,16.0
44744,Richmond Tigers,12.333333333333334,15.4,13.7,1.0,1.5,1.2,54.666666666666664,63.2,59.4,61,A,0.0,8.0,6.0
46172,Richmond Tigers,11.0,11.0,13.666666666666666,2.0,1.6666666666666667,1.5714285714285714,55.0,52.2,59.1,10,A,0.0,8.0,6.0
44547,Gold Coast Suns,3.6666666666666665,8.2,11.5,,,1.0,32.0,54.6,68.6,12,A,0.4,4.0,7.0
45200,St Kilda Saints,9.666666666666666,11.4,12.8,,,,48.333333333333336,54.6,55.8,179,H,0.2,7.0,6.0
45151,Port Adelaide Power,7.666666666666667,9.8,9.1,1.0,1.0,1.0,48.0,56.4,59.5,13,A,0.6,5.0,9.0
44509,Hawthorn Hawks,8.0,8.0,8.4,,,,40.0,39.2,35.3,27,A,0.6,2.0,7.0
44751,Port Adelaide Power,15.666666666666666,15.6,12.1,,,,68.66666666666667,66.2,54.1,110,A,0.6,5.0,9.0
44723,Port Adelaide Power,18.0,14.4,15.3,1.0,1.0,1.4285714285714286,70.33333333333333,56.4,62.9,157,A,0.6,5.0,9.0
43283,Sydney Swans,9.333333333333334,8.8,9.0,2.0,2.6666666666666665,2.5,46.666666666666664,52.6,52.3,60,H,0.4,3.0,9.0
44419,Carlton Blues,13.0,12.6,13.7,2.5,2.25,2.25,61.666666666666664,66.0,61.2,144,H,0.4,2.0,6.0
43295,Brisbane Lions,12.333333333333334,13.8,14.1,,1.0,1.0,51.666666666666664,60.0,59.9,87,A,0.6,1.0,5.0
43805,Carlton Blues,11.666666666666666,12.25,10.777777777777779,1.6666666666666667,1.5,1.625,51.333333333333336,51.4,47.6,119,H,0.4,2.0,6.0
43553,Carlton Blues,9.666666666666666,9.4,9.4,1.0,1.0,1.0,44.666666666666664,42.0,39.0,39,H,0.4,2.0,6.0
43589,Western Bulldogs,7.333333333333333,6.4,6.666666666666667,,,,56.666666666666664,49.2,46.1,63,H,0.8,4.0,9.0
44374,Essendon Bombers,23.0,26.0,26.6,,1.5,1.4,87.0,96.6,104.7,82,A,0.0,7.0,7.0
44897,Essendon Bombers,23.333333333333332,22.0,22.3,,1.0,1.0,98.0,92.6,96.0,83,A,0.0,7.0,7.0
44338,Hawthorn Hawks,13.0,14.4,17.77777777777778,,,,45.666666666666664,55.4,64.7,45,A,0.8,1.0,7.0
46078,Western Bulldogs,8.333333333333334,8.0,7.6,,,1.0,29.333333333333332,28.0,27.8,10,H,0.8,4.0,9.0
45118,Essendon Bombers,15.666666666666666,14.2,12.4,,,1.0,42.333333333333336,40.2,39.7,15,A,0.0,7.0,7.0
43496,Adelaide Crows,8.333333333333334,6.6,7.0,,,,37.333333333333336,28.8,28.7,84,A,0.8,1.0,6.0
46311,Geelong Cats,21.0,21.0,21.0,1.0,1.0,1.0,84.0,84.0,84.0,1,A,0.8,1.0,7.0
44031,Geelong Cats,3.6666666666666665,4.4,2.7,1.5,1.25,1.2857142857142858,49.333333333333336,51.4,40.9,84,A,0.8,1.0,7.0
46145,Western Bulldogs,10.333333333333334,7.2,6.5,2.0,1.5,1.5,44.666666666666664,32.4,29.0,7,H,0.8,4.0,9.0
44083,Port Adelaide Power,9.666666666666666,10.2,14.4,1.0,1.0,1.0,63.0,62.4,77.8,79,H,0.6,1.0,8.0
43492,St Kilda Saints,8.666666666666666,8.4,8.9,1.5,2.3333333333333335,1.8333333333333333,39.666666666666664,41.2,43.7,150,H,0.2,3.0,8.0
46039,West Coast Eagles,6.0,6.0,6.0,,,,21.0,21.0,21.0,1,A,0.0,6.0,9.0
44278,Melbourne Demons,6.666666666666667,6.2,6.9,,,,56.0,51.0,51.6,185,H,0.0,3.0,7.0
46334,Essendon Bombers,15.0,15.0,15.0,,,,63.0,63.0,63.0,1,H,0.0,2.0,5.0
44184,Western Bulldogs,11.333333333333334,9.4,8.9,,,,48.666666666666664,42.4,40.1,204,A,0.8,2.0,6.0
43590,North Melbourne Kangaroos,6.0,6.4,8.1,,0.0,0.2857142857142857,26.0,29.2,40.7,31,A,0.2,6.0,6.0
45242,West Coast Eagles,6.333333333333333,7.8,8.3,1.5,1.5,1.625,35.666666666666664,46.6,47.9,41,H,0.0,8.0,6.0
45078,Melbourne Demons,7.666666666666667,6.8,8.5,1.0,1.0,1.2,30.333333333333332,30.6,42.8,18,A,0.2,4.0,6.0
44238,Richmond Tigers,9.5,10.0,10.222222222222221,,1.5,1.5,29.0,38.6,46.1,63,A,0.2,7.0,7.0
44348,Hawthorn Hawks,8.0,9.6,13.6,1.0,1.0,1.0,33.666666666666664,33.8,47.6,57,H,0.8,1.0,7.0
44685,West Coast Eagles,7.666666666666667,8.6,9.0,1.0,1.0,1.25,31.333333333333332,34.6,35.2,89,H,0.0,8.0,6.0
44697,North Melbourne Kangaroos,17.0,14.6,14.7,,,1.0,68.33333333333333,59.8,64.0,49,A,0.2,6.0,6.0
46150,Melbourne Demons,1.6666666666666667,1.0,0.8,1.0,1.0,1.5,37.666666666666664,25.8,27.0,6,A,0.2,4.0,6.0
44158,Fremantle Dockers,19.666666666666668,19.4,19.3,,,1.0,71.66666666666667,71.0,73.3,54,A,0.8,3.0,8.0
46151,Gold Coast Suns,,,,,,,,,,0,A,0.6,3.0,9.0
45171,Gold Coast Suns,8.0,7.0,7.1,1.5,1.3333333333333333,1.3333333333333333,39.666666666666664,34.2,34.3,29,A,0.6,3.0,9.0
43577,Gold Coast Suns,12.0,13.0,16.375,1.0,1.0,1.0,61.666666666666664,58.0,66.0,33,A,0.6,3.0,9.0
44334,Hawthorn Hawks,5.333333333333333,5.8,6.5,1.0,1.0,0.3333333333333333,22.0,19.8,29.142857142857142,7,H,0.8,1.0,5.0
43731,Carlton Blues,20.333333333333332,21.8,21.9,1.0,1.0,1.0,76.66666666666667,90.8,87.8,183,A,0.2,2.0,5.0
43659,Carlton Blues,15.666666666666666,13.6,12.5,3.0,3.0,2.5,73.33333333333333,65.4,66.5,148,A,0.2,2.0,5.0
43540,Carlton Blues,24.333333333333332,23.0,24.4,1.0,1.0,1.0,85.66666666666667,85.0,95.3,147,A,0.2,2.0,5.0
44804,Sydney Swans,14.333333333333334,15.0,19.0,,,,62.666666666666664,61.8,75.4,47,A,0.8,3.0,6.0
43846,Sydney Swans,5.666666666666667,5.0,8.5,,1.0,1.6666666666666667,24.666666666666668,28.8,40.6,83,A,0.8,3.0,6.0
45399,Essendon Bombers,10.333333333333334,10.0,11.0,1.6666666666666667,1.6666666666666667,1.8571428571428572,59.666666666666664,49.6,54.7,26,H,0.0,4.0,8.0
43477,Greater Western Sydney Giants,11.333333333333334,10.2,12.88888888888889,,,,44.333333333333336,41.4,53.3,84,H,1.0,1.0,8.0
43973,Sydney Swans,7.666666666666667,7.4,7.0,,1.0,1.0,40.333333333333336,37.0,31.9,104,A,0.8,3.0,6.0
44783,Essendon Bombers,20.333333333333332,17.6,16.5,,,,82.0,69.8,62.4,103,H,0.0,4.0,8.0
45507,Port Adelaide Power,12.333333333333334,14.2,12.8,,,1.0,49.666666666666664,54.2,48.7,22,A,0.4,6.0,7.0
45310,North Melbourne Kangaroos,6.333333333333333,7.0,7.333333333333333,,,,43.666666666666664,35.6,35.857142857142854,7,H,0.2,7.0,7.0
43377,Port Adelaide Power,14.0,16.2,19.1,1.0,1.5,1.25,78.33333333333333,81.4,89.2,101,A,0.4,6.0,7.0
46184,Gold Coast Suns,5.666666666666667,5.666666666666667,5.666666666666667,1.0,1.0,1.0,27.333333333333332,27.333333333333332,27.333333333333332,3,H,0.6,5.0,6.0
44439,Brisbane Lions,4.333333333333333,5.2,6.1,1.0,1.0,1.0,28.666666666666668,26.6,27.2,127,A,0.8,1.0,8.0
46195,North Melbourne Kangaroos,6.666666666666667,6.0,6.333333333333333,1.0,1.0,1.0,37.666666666666664,34.2,35.666666666666664,6,H,0.2,7.0,7.0
44763,West Coast Eagles,26.0,24.6,21.1,1.5,1.5,1.3333333333333333,105.66666666666667,92.2,78.0,38,A,0.0,8.0,7.0
45612,West Coast Eagles,14.333333333333334,13.8,12.9,1.0,1.0,1.0,63.0,65.8,57.4,22,A,0.0,8.0,7.0
45991,Richmond Tigers,5.666666666666667,5.666666666666667,5.666666666666667,2.0,2.0,2.0,26.0,26.0,26.0,3,H,0.4,3.0,8.0
46181,Melbourne Demons,12.5,11.25,13.666666666666666,,,,33.0,36.6,47.3,17,A,0.2,2.0,8.0
44985,Melbourne Demons,13.0,11.75,11.333333333333334,,1.0,1.0,47.666666666666664,45.8,41.6,107,A,0.2,2.0,8.0
45039,Collingwood Magpies,13.333333333333334,11.8,11.0,1.0,1.0,1.0,50.0,50.0,45.9,23,A,0.6,1.0,7.0
45858,St Kilda Saints,15.0,14.5,15.2,,,,59.666666666666664,56.0,59.0,6,H,0.0,3.0,7.0
44453,Greater Western Sydney Giants,8.666666666666666,10.2,12.0,,1.0,1.0,37.0,39.0,44.2,27,A,1.0,1.0,6.0
43612,Adelaide Crows,8.333333333333334,9.6,8.9,,,2.0,39.0,39.0,38.1,29,H,1.0,1.0,6.0
44529,Hawthorn Hawks,18.666666666666668,17.2,17.6,1.0,1.0,1.0,71.33333333333333,69.4,72.9,122,A,0.8,2.0,8.0
43707,Hawthorn Hawks,21.666666666666668,21.4,18.1,1.0,1.6666666666666667,1.5,75.33333333333333,86.4,69.8,75,A,0.8,2.0,8.0
44365,Collingwood Magpies,10.666666666666666,9.4,9.8,,,1.0,36.666666666666664,30.6,38.3,93,H,0.6,1.0,6.0
43779,West Coast Eagles,13.333333333333334,10.8,11.0,,,,61.666666666666664,48.6,49.0,54,A,0.0,8.0,7.0
44048,Collingwood Magpies,10.0,10.0,9.0,1.0,1.4,1.5555555555555556,55.333333333333336,57.4,47.8,101,H,0.6,1.0,6.0
46093,Richmond Tigers,9.0,8.6,7.666666666666667,1.3333333333333333,1.25,1.1666666666666667,44.0,44.0,40.8,15,A,0.4,7.0,6.0
46297,Richmond Tigers,7.0,6.8,7.2,1.0,1.0,1.0,39.333333333333336,36.8,38.7,10,A,0.4,7.0,6.0
43708,Collingwood Magpies,11.333333333333334,10.4,10.9,,,,35.666666666666664,37.2,44.8,11,H,0.6,1.0,6.0
46299,Essendon Bombers,7.0,7.0,7.0,,,,35.666666666666664,35.666666666666664,35.666666666666664,3,A,0.0,5.0,8.0
44409,Fremantle Dockers,7.666666666666667,9.0,8.8,,2.0,0.6,38.0,44.6,42.0,93,H,0.8,1.0,8.0
46147,Port Adelaide Power,9.0,11.2,10.0,,,1.0,30.0,36.0,35.375,8,A,0.4,3.0,8.0
45241,Port Adelaide Power,8.333333333333334,9.0,9.9,,,0.0,34.333333333333336,36.8,41.1,28,A,0.4,3.0,8.0
44708,Carlton Blues,8.666666666666666,11.4,12.1,2.0,2.0,1.6666666666666667,59.0,67.2,71.7,79,A,0.2,4.0,10.0
43487,Port Adelaide Power,16.666666666666668,16.0,18.2,,,1.0,59.0,60.4,70.7,55,A,0.4,3.0,8.0
46241,Carlton Blues,8.333333333333334,6.4,6.4,,,,63.0,52.4,52.4,5,A,0.2,4.0,10.0
43987,North Melbourne Kangaroos,7.666666666666667,8.4,8.1,1.0,1.0,1.0,35.0,37.8,33.8,19,A,0.0,6.0,8.0
44642,St Kilda Saints,7.666666666666667,7.4,8.3,2.0,1.5,1.4285714285714286,57.0,52.8,60.4,71,H,0.2,5.0,7.0
44261,North Melbourne Kangaroos,10.0,10.25,9.88888888888889,3.6666666666666665,3.5,2.3333333333333335,76.0,67.6,59.1,133,A,0.0,6.0,8.0
44010,St Kilda Saints,10.0,10.2,8.7,,,1.0,37.666666666666664,43.2,36.2,13,H,0.2,5.0,7.0
43499,St Kilda Saints,13.0,15.4,17.0,,1.0,1.0,49.333333333333336,57.0,68.1,79,H,0.2,5.0,7.0
44510,Collingwood Magpies,25.0,23.0,21.9,,,0.5,96.66666666666667,87.6,88.1,206,A,0.4,1.0,5.0
44086,Collingwood Magpies,7.333333333333333,10.0,9.4,1.5,1.3333333333333333,1.2,37.666666666666664,43.6,45.2,241,A,0.4,1.0,5.0
46200,Essendon Bombers,8.666666666666666,9.6,9.166666666666666,1.0,1.75,1.75,45.666666666666664,55.0,52.833333333333336,6,A,0.0,2.0,6.0
44029,St Kilda Saints,9.0,8.0,11.3,1.0,1.0,1.25,36.666666666666664,32.6,46.5,60,A,0.4,6.0,6.0
43564,St Kilda Saints,17.666666666666668,15.6,16.4,,,1.0,66.66666666666667,58.0,64.6,110,A,0.4,6.0,6.0
44322,Port Adelaide Power,9.666666666666666,10.75,10.444444444444445,2.0,2.5,2.0,51.333333333333336,46.8,47.6,122,H,0.2,5.0,6.0
46128,St Kilda Saints,8.333333333333334,8.333333333333334,8.333333333333334,1.5,1.5,1.5,55.333333333333336,55.333333333333336,55.333333333333336,3,A,0.4,6.0,6.0
43732,Brisbane Lions,4.0,8.6,9.5,0.0,0.0,0.0,31.0,47.6,53.2,82,H,0.8,1.0,7.0
45885,Brisbane Lions,8.333333333333334,7.2,7.2,3.0,3.0,3.0,51.333333333333336,43.2,43.2,5,H,0.8,1.0,7.0
44817,Gold Coast Suns,7.0,5.8,6.777777777777778,1.0,1.5,1.8571428571428572,31.0,23.8,37.8,48,A,0.8,3.0,7.0
46211,Brisbane Lions,4.333333333333333,4.8,4.8,,2.0,2.0,20.0,23.8,23.8,5,H,0.8,1.0,7.0
44801,Brisbane Lions,2.6666666666666665,4.8,7.5,,,0.2,13.0,18.6,32.6,46,H,0.8,1.0,7.0
44428,Sydney Swans,17.5,18.75,20.88888888888889,1.3333333333333333,1.3333333333333333,1.1666666666666667,86.33333333333333,80.4,83.9,108,A,0.8,4.0,7.0
43989,North Melbourne Kangaroos,17.0,16.6,16.333333333333332,,,,69.0,59.0,55.1,19,A,0.0,5.0,7.0
46115,West Coast Eagles,8.666666666666666,6.8,9.857142857142858,,,1.0,33.666666666666664,27.0,38.42857142857143,7,H,0.0,6.0,8.0
44175,Adelaide Crows,6.0,6.8,10.9,,,2.0,23.0,29.2,49.7,96,A,1.0,1.0,9.0
44722,Western Bulldogs,8.333333333333334,7.8,12.8,1.0,1.0,1.0,44.666666666666664,40.4,58.8,34,A,0.6,3.0,10.0
45072,North Melbourne Kangaroos,12.333333333333334,8.6,7.8,1.0,1.0,1.2,79.33333333333333,53.0,47.4,20,A,0.0,5.0,7.0
45989,Melbourne Demons,,,,,,,,,,0,H,0.4,4.0,8.0
45265,Melbourne Demons,13.666666666666666,10.4,12.333333333333334,,,,53.0,42.2,47.8,35,H,0.4,4.0,8.0
43766,North Melbourne Kangaroos,8.666666666666666,6.8,6.666666666666667,,,1.3333333333333333,34.333333333333336,28.2,27.7,22,A,0.0,5.0,7.0
43486,Adelaide Crows,7.333333333333333,7.2,7.0,2.0,1.6666666666666667,1.0,51.0,44.0,40.0,43,A,1.0,1.0,9.0
45142,Western Bulldogs,4.5,9.75,10.555555555555555,,1.0,1.6666666666666667,13.666666666666666,32.2,40.4,86,A,0.6,3.0,10.0
46266,West Coast Eagles,4.666666666666667,4.25,5.333333333333333,1.0,1.0,1.0,32.666666666666664,31.4,33.2,13,H,0.0,6.0,8.0
43751,West Coast Eagles,21.0,22.4,22.7,,,,85.0,91.6,87.9,199,H,0.0,6.0,8.0
46077,St Kilda Saints,,,,,,,,,,0,A,0.6,3.0,6.0
44064,Essendon Bombers,12.666666666666666,14.6,13.9,,1.0,1.0,50.666666666666664,57.0,54.0,64,H,0.0,4.0,7.0
44060,Brisbane Lions,14.666666666666666,12.8,11.4,1.0,1.0,1.0,71.66666666666667,61.6,54.1,198,A,0.6,2.0,6.0
46011,Brisbane Lions,,,,,,,,,,0,A,0.6,2.0,6.0
44946,Port Adelaide Power,13.0,11.4,12.1,,,,43.666666666666664,41.4,48.6,29,A,0.2,6.0,7.0
45268,Port Adelaide Power,27.333333333333332,26.6,26.1,,,1.0,91.0,90.6,95.4,272,A,0.2,6.0,7.0
45688,Carlton Blues,18.0,15.0,15.1,,,,79.66666666666667,68.0,63.8,22,H,0.2,7.0,7.0
45689,Port Adelaide Power,15.666666666666666,12.6,9.857142857142858,1.0,1.0,1.0,64.66666666666667,49.8,41.0,7,A,0.2,6.0,7.0
44749,Adelaide Crows,18.0,17.4,18.2,1.6666666666666667,1.6,1.7777777777777777,84.33333333333333,82.4,80.6,104,H,1.0,1.0,6.0
44071,Gold Coast Suns,4.333333333333333,4.4,7.6,1.0,1.0,1.3333333333333333,18.0,16.6,34.9,146,H,0.8,3.0,7.0
43833,Carlton Blues,12.333333333333334,11.0,12.3,1.0,1.0,1.5,53.333333333333336,47.0,56.5,89,H,0.2,7.0,7.0
45318,Collingwood Magpies,9.666666666666666,9.4,10.0,1.0,1.0,1.0,54.333333333333336,53.8,56.1,14,A,0.2,2.0,9.0
44871,Adelaide Crows,10.5,12.25,15.222222222222221,1.0,0.75,0.5555555555555556,34.333333333333336,39.6,53.9,61,H,1.0,1.0,6.0
44557,Adelaide Crows,5.0,9.0,11.0,,,1.0,29.333333333333332,37.0,46.7,119,H,1.0,1.0,6.0
45152,Richmond Tigers,21.333333333333332,22.4,21.0,,,,94.66666666666667,97.8,84.3,254,A,0.4,4.0,8.0
44641,West Coast Eagles,5.0,8.2,8.8,,,1.5,23.333333333333332,38.8,40.6,87,A,0.0,6.0,7.0
46355,North Melbourne Kangaroos,10.0,10.0,10.0,,,,36.0,36.0,36.0,1,H,0.0,5.0,7.0
44855,Western Bulldogs,13.333333333333334,15.2,16.666666666666668,1.0,1.0,1.3333333333333333,53.666666666666664,54.4,63.1,34,H,0.6,2.0,7.0
44362,West Coast Eagles,22.0,19.8,19.0,1.0,1.0,1.0,79.33333333333333,71.6,72.0,50,A,0.0,6.0,7.0
45557,Richmond Tigers,7.5,7.333333333333333,7.0,2.0,1.5,1.6666666666666667,25.666666666666668,23.6,27.5,24,A,0.4,4.0,8.0
45429,Sydney Swans,6.333333333333333,9.2,11.2,,,1.0,29.0,34.8,47.0,16,H,0.8,3.0,8.0
45308,North Melbourne Kangaroos,10.0,11.0,10.2,2.5,2.6666666666666665,2.5,65.0,62.4,57.2,142,H,0.0,5.0,7.0
46065,Sydney Swans,10.0,10.0,10.0,,,,38.0,38.0,38.0,2,H,0.8,3.0,8.0
44244,Sydney Swans,7.0,8.0,9.6,,2.0,1.25,27.333333333333332,36.8,43.7,62,H,0.8,3.0,8.0
44070,Carlton Blues,17.666666666666668,15.4,15.9,,,1.0,77.0,76.0,76.0,64,A,0.4,1.0,5.0
45475,Carlton Blues,14.666666666666666,14.2,14.555555555555555,1.0,1.0,1.0,73.66666666666667,65.8,71.5,99,A,0.4,1.0,5.0
46155,Essendon Bombers,8.333333333333334,10.0,13.5,,,,33.333333333333336,39.6,51.875,8,H,0.0,2.0,6.0
43642,Carlton Blues,24.5,24.0,23.22222222222222,2.0,2.0,1.3333333333333333,105.33333333333333,96.4,87.1,229,A,0.4,1.0,5.0
43938,Essendon Bombers,17.0,16.0,13.1,1.0,1.0,1.2,70.33333333333333,63.8,55.0,176,H,0.0,2.0,6.0
43799,Carlton Blues,14.333333333333334,12.6,9.7,2.6666666666666665,2.25,2.0,80.0,68.4,49.2,43,A,0.4,1.0,5.0
46243,Carlton Blues,7.0,7.0,7.0,1.0,1.0,1.0,33.666666666666664,39.25,39.25,4,A,0.4,1.0,5.0
44437,Carlton Blues,15.333333333333334,15.0,14.1,3.6666666666666665,3.0,2.857142857142857,95.33333333333333,82.6,77.7,139,A,0.4,1.0,5.0
44019,Carlton Blues,20.0,18.4,18.1,,,,79.0,72.4,76.5,233,A,0.4,1.0,5.0
46037,Carlton Blues,10.666666666666666,11.2,12.2,,1.0,1.0,45.666666666666664,49.8,49.0,16,A,0.4,1.0,5.0
45753,Carlton Blues,9.333333333333334,9.4,7.333333333333333,1.0,1.75,1.4285714285714286,45.666666666666664,46.4,39.2,10,A,0.4,1.0,5.0
46364,Carlton Blues,9.666666666666666,9.666666666666666,9.666666666666666,,,,37.0,37.0,37.0,3,A,0.4,1.0,5.0
46036,Carlton Blues,14.5,14.5,14.5,,,,53.0,53.0,53.0,2,A,0.4,1.0,5.0
45207,Carlton Blues,11.0,11.2,13.3,,,,44.0,46.4,58.4,203,A,0.4,1.0,5.0
44037,Carlton Blues,31.333333333333332,27.6,27.6,,,1.0,103.66666666666667,96.0,94.8,201,A,0.4,1.0,5.0
46353,Carlton Blues,8.333333333333334,6.8,7.9,2.0,2.0,1.25,51.666666666666664,38.0,37.1,13,A,0.4,1.0,5.0
46371,Carlton Blues,7.0,6.5,4.5,2.0,1.5,1.5,49.666666666666664,47.6,39.285714285714285,7,A,0.4,1.0,5.0
43631,Carlton Blues,19.333333333333332,17.2,14.1,,,,84.33333333333333,76.0,61.8,37,A,0.4,1.0,5.0
44542,Carlton Blues,9.0,9.4,9.9,1.0,1.0,1.1666666666666667,44.0,40.2,45.6,62,A,0.4,1.0,5.0
45297,Carlton Blues,14.5,12.0,11.75,,1.0,1.3333333333333333,47.0,39.6,48.4,79,A,0.4,1.0,5.0
45167,Carlton Blues,28.666666666666668,25.2,26.7,,1.0,2.0,88.66666666666667,86.2,95.2,132,A,0.4,1.0,5.0
44850,Carlton Blues,10.666666666666666,11.4,11.5,,,1.0,57.333333333333336,60.8,62.0,215,A,0.4,1.0,5.0
45249,Carlton Blues,18.333333333333332,17.8,16.7,1.5,1.5,1.5714285714285714,66.66666666666667,62.2,66.2,173,A,0.4,1.0,5.0
43266,Carlton Blues,18.0,19.0,18.4,1.0,1.0,1.0,74.66666666666667,76.6,73.8,186,A,0.4,1.0,5.0
43761,Carlton Blues,6.666666666666667,6.4,7.4,1.0,1.0,1.0,29.0,27.6,30.7,63,A,0.4,1.0,5.0
43855,Melbourne Demons,13.0,14.0,14.7,3.0,2.75,2.4444444444444446,67.66666666666667,74.2,71.4,170,A,0.2,4.0,6.0
44986,Melbourne Demons,15.0,13.8,12.8,,1.0,1.0,60.0,59.4,60.4,116,A,0.2,4.0,6.0
46174,Melbourne Demons,13.666666666666666,15.25,17.666666666666668,1.6666666666666667,1.5,1.5,59.666666666666664,57.0,59.3,21,A,0.2,4.0,6.0
43808,Port Adelaide Power,20.666666666666668,22.2,21.22222222222222,,,1.0,83.66666666666667,87.0,81.5,113,H,0.0,3.0,6.0
44630,Melbourne Demons,27.666666666666668,27.25,25.88888888888889,1.0,1.0,1.0,91.33333333333333,92.2,88.4,204,A,0.2,4.0,6.0
43541,Melbourne Demons,14.333333333333334,14.0,14.4,1.0,1.25,1.4,64.66666666666667,65.6,64.3,78,A,0.2,4.0,6.0
43406,Port Adelaide Power,22.666666666666668,18.8,20.0,1.0,1.0,1.0,96.66666666666667,75.2,73.2,386,H,0.0,3.0,6.0
46179,Port Adelaide Power,16.0,13.5,13.142857142857142,,,,63.666666666666664,56.2,57.25,8,H,0.0,3.0,6.0
44902,Melbourne Demons,4.0,3.6666666666666665,3.125,,,1.3333333333333333,30.666666666666668,26.6,32.4,33,A,0.2,4.0,6.0
45049,Port Adelaide Power,16.0,16.2,11.7,,1.0,1.0,98.0,103.4,82.9,46,H,0.0,3.0,6.0
45934,Melbourne Demons,12.0,11.0,11.0,1.6666666666666667,1.5,1.5714285714285714,77.33333333333333,64.8,61.1,56,A,0.2,4.0,6.0
46014,Port Adelaide Power,11.333333333333334,8.6,8.5,1.0,1.0,1.0,57.333333333333336,42.0,39.0,11,H,0.0,3.0,6.0
46271,Port Adelaide Power,13.0,12.25,15.777777777777779,1.0,1.0,1.2,55.333333333333336,57.6,70.4,30,H,0.0,3.0,6.0
43881,Port Adelaide Power,11.333333333333334,12.4,12.1,2.0,1.8,2.9,62.0,62.8,71.7,91,H,0.0,3.0,6.0
44851,Melbourne Demons,28.0,26.2,23.2,,,,103.66666666666667,100.2,92.3,198,A,0.2,4.0,6.0
44689,Melbourne Demons,12.333333333333334,9.2,8.7,2.3333333333333335,2.0,1.5,79.33333333333333,59.2,51.3,100,A,0.2,4.0,6.0
44183,Port Adelaide Power,11.333333333333334,11.4,11.555555555555555,,,1.0,48.333333333333336,47.8,43.8,73,H,0.0,3.0,6.0
43878,Melbourne Demons,22.0,20.0,18.666666666666668,1.0,1.0,1.0,122.0,118.2,110.5,246,A,0.2,4.0,6.0
44834,Port Adelaide Power,21.0,21.8,24.333333333333332,2.0,2.0,1.5,86.0,85.0,96.7,149,H,0.0,3.0,6.0
44899,Gold Coast Suns,3.0,6.2,9.9,,,1.0,14.666666666666666,27.4,41.3,185,A,0.6,2.0,6.0
44413,Port Adelaide Power,11.333333333333334,8.4,7.7,1.5,1.6666666666666667,1.2857142857142858,48.0,43.4,39.3,51,H,0.0,3.0,6.0
44410,Melbourne Demons,11.0,11.4,13.11111111111111,,,1.0,40.333333333333336,46.2,56.0,248,A,0.2,4.0,6.0
43498,Port Adelaide Power,9.666666666666666,7.2,8.3,1.0,1.0,1.6,69.33333333333333,53.4,59.8,220,H,0.0,3.0,6.0
43425,Melbourne Demons,24.333333333333332,22.4,22.333333333333332,,,,89.66666666666667,85.6,82.7,83,A,0.2,4.0,6.0
44386,Melbourne Demons,21.0,17.25,17.0,,,,80.0,69.4,71.3,250,A,0.2,4.0,6.0
44095,Melbourne Demons,8.333333333333334,9.2,10.6,1.0,1.0,1.0,36.666666666666664,36.8,44.8,27,A,0.2,4.0,6.0
44702,Melbourne Demons,19.333333333333332,20.0,20.0,1.0,2.0,2.2222222222222223,82.66666666666667,87.0,86.9,125,A,0.2,4.0,6.0
46192,Port Adelaide Power,,,,,,,,,,0,H,0.0,3.0,6.0
43311,Port Adelaide Power,18.333333333333332,14.4,17.555555555555557,,,0.2,63.0,49.6,59.5,140,H,0.0,3.0,6.0
43495,Port Adelaide Power,22.666666666666668,24.0,27.4,,,1.0,84.33333333333333,88.8,97.1,138,H,0.0,3.0,6.0
46354,Port Adelaide Power,6.0,6.0,6.0,3.0,3.0,3.0,40.666666666666664,40.666666666666664,40.666666666666664,3,H,0.0,3.0,6.0
45990,Gold Coast Suns,7.0,6.6,6.428571428571429,,,,30.333333333333332,28.0,24.857142857142858,7,A,0.6,2.0,6.0
44681,Melbourne Demons,19.666666666666668,18.6,19.8,1.0,1.0,1.0,78.0,77.6,84.0,211,A,0.2,4.0,6.0
45305,Port Adelaide Power,5.333333333333333,6.4,5.5,,,,46.333333333333336,47.0,46.2,89,H,0.0,3.0,6.0
45126,Melbourne Demons,12.666666666666666,11.4,12.3,1.0,1.0,1.0,57.666666666666664,51.4,58.3,36,A,0.2,4.0,6.0
46220,Port Adelaide Power,10.333333333333334,9.2,10.1,1.0,1.0,1.0,39.666666666666664,39.6,41.0,13,H,0.0,3.0,6.0
43743,Port Adelaide Power,20.333333333333332,19.2,17.9,,,,84.0,79.4,75.6,129,H,0.0,3.0,6.0
45150,Melbourne Demons,21.666666666666668,22.0,22.0,1.0,1.0,1.0,90.0,97.0,94.9,236,A,0.2,4.0,6.0
44464,Port Adelaide Power,16.0,12.0,12.11111111111111,,1.0,1.0,49.0,49.6,46.7,63,H,0.0,3.0,6.0
44461,Collingwood Magpies,8.0,9.4,9.5,1.0,1.0,2.0,38.333333333333336,46.4,53.8,197,H,0.2,1.0,6.0
44462,Melbourne Demons,12.666666666666666,13.0,12.4,,,,43.333333333333336,47.4,45.9,64,A,0.2,4.0,6.0
44792,Port Adelaide Power,5.333333333333333,5.5,7.777777777777778,2.0,2.6666666666666665,2.0,30.0,35.4,41.2,108,H,0.0,3.0,6.0
44313,Port Adelaide Power,5.333333333333333,4.8,5.4,1.5,1.3333333333333333,1.3333333333333333,33.0,25.6,24.9,33,H,0.0,3.0,6.0
43277,Port Adelaide Power,11.666666666666666,10.6,9.0,1.0,1.0,1.0,75.66666666666667,71.0,57.3,177,H,0.0,3.0,6.0
44254,Melbourne Demons,17.0,17.2,16.1,1.0,1.0,1.0,59.666666666666664,66.2,63.1,201,A,0.2,4.0,6.0
44470,Melbourne Demons,10.0,9.0,9.6,1.5,1.5,2.625,37.333333333333336,42.0,56.0,247,A,0.2,4.0,6.0
46116,Gold Coast Suns,,,,,,,,,,0,A,0.6,2.0,6.0
43652,Melbourne Demons,14.666666666666666,11.6,10.2,1.5,1.3333333333333333,1.2857142857142858,66.33333333333333,54.0,47.9,15,A,0.2,4.0,6.0
46263,Port Adelaide Power,,,,,,,,,,0,H,0.0,3.0,6.0
44795,Melbourne Demons,20.0,22.4,21.4,1.0,1.0,1.0,84.33333333333333,92.2,83.6,122,A,0.2,4.0,6.0
46251,North Melbourne Kangaroos,7.0,7.0,7.0,1.5,1.5,1.5,33.5,33.5,33.5,2,H,0.2,4.0,6.0
43449,West Coast Eagles,8.333333333333334,8.75,10.333333333333334,1.0,1.0,1.1428571428571428,42.0,45.4,50.8,55,H,0.0,6.0,6.0
43483,Sydney Swans,10.0,10.0,7.777777777777778,1.0,1.25,1.1428571428571428,51.333333333333336,51.6,41.0,9,A,0.6,3.0,6.0
44828,Sydney Swans,14.333333333333334,15.0,14.333333333333334,1.0,1.0,1.0,71.33333333333333,68.0,74.6,139,A,0.6,3.0,6.0
43687,North Melbourne Kangaroos,27.0,25.6,23.7,1.0,1.0,1.0,113.0,102.2,84.5,129,H,0.2,4.0,6.0
43829,Sydney Swans,16.333333333333332,13.8,14.1,1.0,1.0,1.0,66.66666666666667,54.6,54.5,183,A,0.6,3.0,6.0
43640,West Coast Eagles,10.0,12.2,10.8,1.3333333333333333,1.4,1.2857142857142858,52.666666666666664,60.8,53.2,271,H,0.0,6.0,6.0
43400,Sydney Swans,24.0,24.5,24.444444444444443,,,1.0,97.0,91.8,94.5,150,A,0.6,3.0,6.0
44791,Richmond Tigers,9.0,9.6,8.9,1.0,1.0,1.0,48.0,45.8,41.6,48,H,0.2,5.0,6.0
44923,Richmond Tigers,18.666666666666668,19.0,20.666666666666668,,1.0,1.0,74.0,75.6,82.8,189,H,0.2,5.0,6.0
43664,North Melbourne Kangaroos,11.333333333333334,10.4,10.0,3.5,3.0,2.2857142857142856,71.0,70.4,64.1,77,H,0.2,4.0,6.0
46170,North Melbourne Kangaroos,10.0,8.2,9.4,1.0,1.0,1.0,43.333333333333336,38.0,45.8,22,H,0.2,4.0,6.0
44290,Sydney Swans,19.333333333333332,19.4,19.11111111111111,,,2.0,70.66666666666667,76.0,84.0,270,A,0.6,3.0,6.0
43593,West Coast Eagles,18.333333333333332,19.2,17.9,,,1.0,76.33333333333333,75.8,72.6,130,H,0.0,6.0,6.0
45998,Richmond Tigers,5.0,5.6,6.428571428571429,1.0,1.3333333333333333,1.5,22.0,27.8,30.714285714285715,7,H,0.2,5.0,6.0
44025,Sydney Swans,19.0,20.0,22.0,2.3333333333333335,2.6,2.4444444444444446,95.33333333333333,109.2,104.9,223,A,0.6,3.0,6.0
46080,Adelaide Crows,5.0,5.6,7.444444444444445,,1.0,1.5,18.666666666666668,20.4,30.77777777777778,9,A,1.0,1.0,7.0
44821,Richmond Tigers,22.666666666666668,23.4,20.2,,,1.0,76.33333333333333,82.0,75.8,92,H,0.2,5.0,6.0
45289,North Melbourne Kangaroos,13.333333333333334,15.0,15.666666666666666,,,1.0,102.0,99.0,102.4,75,H,0.2,4.0,6.0
44575,Richmond Tigers,15.666666666666666,16.4,16.0,,1.0,1.0,89.66666666666667,91.8,88.0,178,H,0.2,5.0,6.0
46291,West Coast Eagles,6.333333333333333,6.0,7.875,2.0,1.6666666666666667,1.5,45.0,42.6,47.5,8,H,0.0,6.0,6.0
43920,West Coast Eagles,16.666666666666668,18.6,18.9,1.0,1.0,1.0,81.33333333333333,83.0,83.2,148,H,0.0,6.0,6.0
45179,Sydney Swans,25.0,24.0,22.555555555555557,2.0,1.5,1.4,95.66666666666667,92.8,88.3,107,A,0.6,3.0,6.0
44469,Sydney Swans,8.666666666666666,8.4,9.8,,,,40.0,42.8,47.2,100,A,0.6,3.0,6.0
43448,Richmond Tigers,12.666666666666666,12.75,14.0,,,,63.0,62.8,62.4,169,H,0.2,5.0,6.0
44297,North Melbourne Kangaroos,13.666666666666666,14.2,12.666666666666666,1.0,1.0,1.0,55.666666666666664,58.0,51.3,96,H,0.2,4.0,6.0
43326,West Coast Eagles,18.666666666666668,21.0,21.0,1.0,1.5,1.25,80.33333333333333,87.4,81.3,150,H,0.0,6.0,6.0
44910,North Melbourne Kangaroos,39.333333333333336,34.4,30.5,1.5,1.3333333333333333,1.1666666666666667,137.0,124.8,114.2,66,H,0.2,4.0,6.0
44651,North Melbourne Kangaroos,25.333333333333332,24.2,24.7,1.0,1.0,1.3333333333333333,93.0,86.6,92.3,314,H,0.2,4.0,6.0
46204,West Coast Eagles,26.666666666666668,23.8,24.333333333333332,,,,87.0,82.6,84.11111111111111,9,H,0.0,6.0,6.0
44982,Richmond Tigers,15.0,18.8,16.5,,1.0,1.0,49.666666666666664,68.0,60.9,39,H,0.2,5.0,6.0
45493,Adelaide Crows,16.0,17.4,17.0,,1.0,1.0,67.0,71.2,68.11111111111111,9,A,1.0,1.0,7.0
44398,Sydney Swans,14.0,13.8,14.4,1.0,1.0,1.0,51.0,52.6,60.9,151,A,0.6,3.0,6.0
46139,Richmond Tigers,13.333333333333334,13.4,12.833333333333334,,2.0,1.5,49.333333333333336,49.0,49.833333333333336,6,H,0.2,5.0,6.0
44088,West Coast Eagles,14.0,15.8,15.9,,,1.0,56.333333333333336,67.0,67.5,74,H,0.0,6.0,6.0
44036,West Coast Eagles,19.333333333333332,17.2,18.2,,1.0,1.0,70.0,64.4,67.5,33,H,0.0,6.0,6.0
45240,West Coast Eagles,3.3333333333333335,3.8,3.7,,1.0,1.6,45.0,47.0,50.0,87,H,0.0,6.0,6.0
44725,North Melbourne Kangaroos,19.0,21.0,22.8,1.0,1.0,1.0,74.66666666666667,83.2,84.9,90,H,0.2,4.0,6.0
45175,North Melbourne Kangaroos,15.0,12.75,10.666666666666666,1.0,1.0,1.0,84.0,60.8,64.5,38,H,0.2,4.0,6.0
44209,West Coast Eagles,22.666666666666668,21.8,17.6,1.0,1.5,1.25,80.66666666666667,75.8,63.3,163,H,0.0,6.0,6.0
44731,Richmond Tigers,18.333333333333332,19.8,21.6,,,1.0,67.66666666666667,67.6,72.8,236,H,0.2,5.0,6.0
43336,Richmond Tigers,9.0,9.6,11.3,1.5,1.3333333333333333,1.3333333333333333,50.666666666666664,53.0,54.4,116,H,0.2,5.0,6.0
45302,Richmond Tigers,13.666666666666666,12.6,12.9,,,,57.666666666666664,52.4,54.0,34,H,0.2,5.0,6.0
46246,North Melbourne Kangaroos,18.0,18.0,15.8,,,,70.0,71.6,60.4,21,H,0.2,4.0,6.0
46113,West Coast Eagles,,,,,,,,,,0,H,0.0,6.0,6.0
43387,Geelong Cats,13.666666666666666,11.6,11.6,,,0.0,58.333333333333336,48.2,49.8,174,A,1.0,2.0,6.0
43723,West Coast Eagles,7.666666666666667,13.0,11.8,1.0,1.0,1.0,35.333333333333336,56.0,47.3,22,H,0.0,6.0,6.0
44080,Richmond Tigers,24.0,27.6,26.555555555555557,,2.0,1.3333333333333333,73.0,89.8,85.0,164,H,0.2,5.0,6.0
44357,Richmond Tigers,11.5,12.5,10.666666666666666,1.3333333333333333,1.75,1.8333333333333333,70.33333333333333,69.2,61.7,72,H,0.2,5.0,6.0
44331,Richmond Tigers,9.0,8.6,10.3,1.6666666666666667,2.0,2.125,51.333333333333336,48.2,56.9,235,H,0.2,5.0,6.0
46004,North Melbourne Kangaroos,6.0,6.0,6.0,,,,28.0,28.0,28.0,3,H,0.2,4.0,6.0
46015,Sydney Swans,5.0,7.8,11.5,,,,20.333333333333332,32.6,48.4,15,A,0.6,3.0,6.0
43885,Richmond Tigers,6.0,7.6,6.6,0.0,0.0,0.125,22.333333333333332,28.8,27.4,20,H,0.2,5.0,6.0
45234,Sydney Swans,16.0,15.6,14.1,,,,57.666666666666664,61.6,55.1,86,A,0.6,3.0,6.0
44706,North Melbourne Kangaroos,10.0,10.6,10.4,,,,44.333333333333336,46.6,45.5,31,H,0.2,4.0,6.0
46327,North Melbourne Kangaroos,7.5,7.5,7.5,3.0,3.0,3.0,52.5,52.5,52.5,2,H,0.2,4.0,6.0
46069,West Coast Eagles,11.666666666666666,12.4,10.285714285714286,1.0,1.0,1.0,53.333333333333336,47.2,39.0,7,H,0.0,6.0,6.0
43682,North Melbourne Kangaroos,11.0,10.4,9.666666666666666,1.6666666666666667,1.4,1.5,63.333333333333336,59.0,50.9,319,H,0.2,4.0,6.0
44007,North Melbourne Kangaroos,7.333333333333333,7.8,9.11111111111111,2.0,2.6666666666666665,1.4285714285714286,41.666666666666664,46.8,47.77777777777778,9,H,0.2,4.0,6.0
43953,Sydney Swans,22.333333333333332,21.8,20.4,1.0,1.0,1.0,98.33333333333333,95.8,98.2,102,A,0.6,3.0,6.0
45010,North Melbourne Kangaroos,18.666666666666668,16.6,16.5,1.0,1.0,1.0,67.0,60.4,58.2,80,H,0.2,4.0,6.0
43604,North Melbourne Kangaroos,13.0,11.5,11.333333333333334,,,,45.333333333333336,46.6,47.0,47,H,0.2,4.0,6.0
44230,Geelong Cats,12.333333333333334,11.4,11.666666666666666,,1.0,1.0,50.333333333333336,49.6,51.6,20,A,1.0,2.0,6.0
44449,Sydney Swans,9.5,9.25,9.75,2.0,1.3333333333333333,1.5714285714285714,36.0,43.8,51.4,97,A,0.6,3.0,6.0
44308,West Coast Eagles,8.0,7.2,7.3,1.0,1.0,1.0,42.666666666666664,40.8,33.4,35,H,0.0,6.0,6.0
44190,Sydney Swans,16.0,14.75,13.666666666666666,,,1.75,47.0,49.2,57.8,113,A,0.6,3.0,6.0
44498,Sydney Swans,23.333333333333332,24.0,23.9,,1.0,1.0,90.0,93.8,90.2,173,A,0.6,3.0,6.0
45116,Richmond Tigers,15.666666666666666,13.4,11.3,1.0,1.0,1.0,58.0,48.8,40.4,23,H,0.2,5.0,6.0
45061,Richmond Tigers,24.0,26.2,24.9,2.0,1.6666666666666667,1.6666666666666667,93.66666666666667,98.8,95.2,172,H,0.2,5.0,6.0
44443,North Melbourne Kangaroos,30.666666666666668,29.2,29.7,1.0,1.0,1.2,101.0,96.2,98.0,38,H,0.2,4.0,6.0
43468,Richmond Tigers,10.333333333333334,11.6,13.2,,,1.0,40.333333333333336,44.6,52.9,41,H,0.2,5.0,6.0
44745,Sydney Swans,18.0,15.2,12.9,,,,76.33333333333333,63.8,53.6,271,A,0.6,3.0,6.0
43896,West Coast Eagles,16.0,15.0,14.7,,,,64.0,60.8,60.7,62,H,0.0,6.0,6.0
43356,West Coast Eagles,11.0,10.6,9.1,,,0.0,44.666666666666664,44.4,39.7,27,H,0.0,6.0,6.0
44935,North Melbourne Kangaroos,25.333333333333332,22.6,20.4,1.0,1.0,1.25,100.0,85.0,74.8,172,H,0.2,4.0,6.0
44648,Sydney Swans,16.5,13.75,14.222222222222221,1.5,1.3333333333333333,1.4,61.333333333333336,53.4,55.1,195,A,0.6,3.0,6.0
46230,West Coast Eagles,1.0,1.0,1.0,,,,7.0,7.0,7.0,1,H,0.0,6.0,6.0
43676,North Melbourne Kangaroos,26.666666666666668,25.0,25.1,,,,86.0,78.8,81.5,214,H,0.2,4.0,6.0
44912,Sydney Swans,23.666666666666668,20.4,18.8,1.0,1.0,1.0,84.66666666666667,74.0,72.0,28,A,0.6,3.0,6.0
46325,Richmond Tigers,13.0,14.2,13.1,,,1.0,43.333333333333336,53.4,49.9,20,H,0.2,5.0,6.0
43657,Sydney Swans,15.0,13.2,13.6,,,,61.666666666666664,56.0,58.5,218,A,0.6,3.0,6.0
43831,West Coast Eagles,10.333333333333334,10.2,12.0,1.0,1.0,1.0,72.33333333333333,75.4,79.3,54,H,0.0,6.0,6.0
43623,North Melbourne Kangaroos,11.333333333333334,13.2,13.88888888888889,,,,48.666666666666664,51.8,57.3,171,H,0.2,4.0,6.0
44434,Richmond Tigers,10.0,10.6,9.6,1.0,1.0,1.0,60.333333333333336,58.0,50.6,212,H,0.2,5.0,6.0
44020,Sydney Swans,10.666666666666666,11.4,11.8,3.0,2.3333333333333335,1.8571428571428572,50.333333333333336,58.4,60.3,183,A,0.6,3.0,6.0
43549,West Coast Eagles,17.333333333333332,14.2,12.6,1.0,1.0,1.0,73.33333333333333,58.4,49.7,35,H,0.0,6.0,6.0
45564,West Coast Eagles,15.333333333333334,15.8,16.1,,1.0,1.0,47.0,53.4,55.5,15,H,0.0,6.0,6.0
43524,Richmond Tigers,5.0,5.8,7.5,3.0,2.5,1.8,42.0,49.4,55.1,42,H,0.2,5.0,6.0
44884,North Melbourne Kangaroos,9.333333333333334,10.2,9.8,,,1.0,36.333333333333336,42.4,41.0,112,H,0.2,4.0,6.0
44494,Richmond Tigers,13.666666666666666,12.8,12.7,,,,62.0,58.2,59.5,68,H,0.2,5.0,6.0
43950,Sydney Swans,25.666666666666668,23.8,22.6,1.0,1.0,1.0,121.0,123.6,125.2,241,A,0.6,3.0,6.0
45180,Sydney Swans,12.0,12.0,12.11111111111111,1.0,1.0,1.2,39.333333333333336,37.2,44.0,22,A,0.6,3.0,6.0
43519,Sydney Swans,12.666666666666666,11.4,11.5,1.3333333333333333,1.25,1.2,50.0,45.0,51.7,93,A,0.6,3.0,6.0
46025,West Coast Eagles,10.333333333333334,11.6,11.2,,,,42.0,45.4,42.6,13,H,0.0,6.0,6.0
44844,West Coast Eagles,10.0,10.0,10.6,2.0,1.75,1.375,59.0,55.8,53.9,124,H,0.0,6.0,6.0
43339,Richmond Tigers,19.666666666666668,20.4,21.2,,,1.0,79.66666666666667,80.4,83.8,42,H,0.2,5.0,6.0
44778,Western Bulldogs,25.666666666666668,25.6,25.1,1.6666666666666667,1.75,1.5714285714285714,102.0,95.2,94.6,147,H,0.8,5.0,7.0
44343,St Kilda Saints,16.666666666666668,16.6,18.1,,,1.0,79.33333333333333,78.6,88.1,269,A,0.8,6.0,9.0
45218,Western Bulldogs,10.333333333333334,12.2,12.9,1.6666666666666667,2.4,1.8,52.666666666666664,69.8,64.9,80,H,0.8,5.0,7.0
44049,St Kilda Saints,21.0,19.5,18.875,,1.0,1.0,85.66666666666667,83.0,82.4,276,A,0.8,6.0,9.0
44150,Western Bulldogs,16.0,17.8,16.88888888888889,,,,64.66666666666667,72.2,64.2,211,H,0.8,5.0,7.0
45051,Fremantle Dockers,10.666666666666666,12.8,13.8,1.0,1.0,1.5,49.0,56.6,62.7,104,A,0.8,2.0,9.0
46066,Western Bulldogs,11.333333333333334,14.6,14.5,2.0,1.6666666666666667,1.4285714285714286,54.0,61.8,64.1,18,H,0.8,5.0,7.0
45236,St Kilda Saints,18.666666666666668,17.0,17.4,,,,84.66666666666667,76.0,77.0,154,A,0.8,6.0,9.0
45003,St Kilda Saints,17.333333333333332,17.2,20.0,,1.0,1.0,77.0,79.2,92.6,201,A,0.8,6.0,9.0
44366,St Kilda Saints,21.0,19.0,19.444444444444443,1.0,1.0,1.0,132.66666666666666,118.0,115.3,155,A,0.8,6.0,9.0
43327,Western Bulldogs,17.0,15.8,13.3,,,,62.666666666666664,58.4,51.6,47,H,0.8,5.0,7.0
43864,St Kilda Saints,18.333333333333332,17.4,15.7,1.0,1.0,1.0,82.66666666666667,72.0,66.0,25,A,0.8,6.0,9.0
45172,St Kilda Saints,31.0,32.6,33.333333333333336,1.0,2.0,1.6666666666666667,102.33333333333333,121.0,118.5,85,A,0.8,6.0,9.0
44945,St Kilda Saints,26.333333333333332,28.8,25.666666666666668,1.0,1.0,1.0,102.66666666666667,108.2,98.5,209,A,0.8,6.0,9.0
44581,Western Bulldogs,14.666666666666666,13.8,12.8,4.333333333333333,4.4,3.9,89.33333333333333,91.8,83.8,165,H,0.8,5.0,7.0
45239,Western Bulldogs,18.333333333333332,19.8,20.1,1.0,1.0,1.0,77.0,78.6,83.7,173,H,0.8,5.0,7.0
44456,Western Bulldogs,7.666666666666667,7.4,8.11111111111111,2.0,2.0,1.75,34.0,35.4,33.9,74,H,0.8,5.0,7.0
46164,St Kilda Saints,4.0,6.2,6.8,2.0,2.0,1.5,25.333333333333332,35.8,35.2,10,A,0.8,6.0,9.0
45560,Greater Western Sydney Giants,8.0,6.5,5.222222222222222,2.5,2.5,2.0,46.0,28.0,26.5,10,H,0.8,2.0,8.0
43573,Western Bulldogs,14.333333333333334,15.2,14.0,1.0,1.0,1.0,52.666666666666664,59.4,53.7,22,H,0.8,5.0,7.0
43444,Hawthorn Hawks,7.333333333333333,8.0,6.3,1.0,1.0,1.1666666666666667,34.666666666666664,37.0,32.0,307,A,0.8,2.0,8.0
43414,Western Bulldogs,30.333333333333332,30.0,28.0,2.0,1.6666666666666667,1.8333333333333333,116.0,119.8,114.0,257,H,0.8,5.0,7.0
43853,Western Bulldogs,17.666666666666668,16.4,17.0,1.0,1.0,1.6,60.666666666666664,60.2,64.7,35,H,0.8,5.0,7.0
43865,Western Bulldogs,13.333333333333334,14.6,15.2,1.0,1.0,1.0,51.666666666666664,55.8,58.6,38,H,0.8,5.0,7.0
44619,Western Bulldogs,13.0,11.25,10.333333333333334,,,1.0,45.666666666666664,45.4,42.4,47,H,0.8,5.0,7.0
44217,Western Bulldogs,23.0,22.6,21.3,1.0,1.0,1.5,86.66666666666667,93.0,88.7,140,H,0.8,5.0,7.0
43435,Western Bulldogs,16.0,18.333333333333332,20.5,1.0,1.0,1.0,64.33333333333333,69.8,75.9,76,H,0.8,5.0,7.0
44901,St Kilda Saints,13.0,11.6,11.0,2.0,2.0,1.6666666666666667,73.0,63.8,56.9,69,A,0.8,6.0,9.0
46120,St Kilda Saints,16.0,17.6,17.2,1.0,1.0,1.6666666666666667,69.0,71.6,71.6,22,A,0.8,6.0,9.0
45123,Brisbane Lions,4.5,5.0,4.142857142857143,,,0.25,30.0,25.4,27.1,11,H,0.6,1.0,9.0
46060,Western Bulldogs,10.0,10.0,10.0,2.0,2.0,2.0,54.0,54.0,54.0,1,H,0.8,5.0,7.0
44691,St Kilda Saints,2.6666666666666665,9.0,14.7,,,1.2,11.0,30.8,65.2,43,A,0.8,6.0,9.0
43795,Western Bulldogs,19.333333333333332,18.0,18.1,2.0,1.5,1.6,121.33333333333333,113.4,113.9,153,H,0.8,5.0,7.0
43518,St Kilda Saints,7.5,9.75,10.555555555555555,,1.0,1.0,30.333333333333332,39.4,45.2,55,A,0.8,6.0,9.0
44172,Western Bulldogs,4.0,4.6,5.3,,0.5,0.14285714285714285,15.666666666666666,22.2,23.8,17,H,0.8,5.0,7.0
45266,St Kilda Saints,21.0,19.4,18.7,,,1.0,96.0,92.0,87.6,74,A,0.8,6.0,9.0
45021,St Kilda Saints,10.0,10.0,10.7,,,,41.0,42.4,46.6,83,A,0.8,6.0,9.0
44281,Western Bulldogs,25.0,24.0,25.25,,,2.0,101.0,95.6,98.6,256,H,0.8,5.0,7.0
44042,St Kilda Saints,7.333333333333333,8.2,8.8,2.3333333333333335,2.6,2.125,45.0,52.2,47.9,144,A,0.8,6.0,9.0
45258,St Kilda Saints,11.0,11.2,11.666666666666666,1.0,1.0,1.5,56.0,50.8,54.7,40,A,0.8,6.0,9.0
43595,St Kilda Saints,3.6666666666666665,4.25,6.111111111111111,,1.0,1.3333333333333333,16.666666666666668,16.4,25.7,14,A,0.8,6.0,9.0
44294,Western Bulldogs,7.0,9.25,12.0,,,,48.666666666666664,47.8,54.6,198,H,0.8,5.0,7.0
46031,Western Bulldogs,7.5,8.0,8.8,,,,40.0,38.2,38.833333333333336,6,H,0.8,5.0,7.0
43669,Western Bulldogs,32.0,29.25,26.5,,,2.0,95.33333333333333,96.6,90.6,177,H,0.8,5.0,7.0
45204,Greater Western Sydney Giants,8.666666666666666,9.4,13.9,,,1.0,34.666666666666664,39.4,55.7,38,H,0.8,2.0,8.0
46020,St Kilda Saints,9.0,9.4,7.4,1.0,1.0,1.0,68.33333333333333,64.2,53.7,10,A,0.8,6.0,9.0
44833,Greater Western Sydney Giants,8.0,10.0,10.4,4.0,4.0,2.5,47.666666666666664,43.4,45.7,16,H,0.8,2.0,8.0
45279,St Kilda Saints,9.0,8.8,10.3,1.5,1.5,1.6666666666666667,71.66666666666667,68.6,71.2,155,A,0.8,6.0,9.0
45155,Fremantle Dockers,13.0,14.0,15.0,,1.0,1.0,52.666666666666664,63.6,66.0,56,A,0.8,2.0,9.0
43679,Western Bulldogs,13.666666666666666,14.0,14.4,3.3333333333333335,3.4,3.4,73.33333333333333,82.2,86.6,44,H,0.8,5.0,7.0
44188,St Kilda Saints,13.333333333333334,14.6,15.4,,,,54.666666666666664,53.2,50.8,163,A,0.8,6.0,9.0
46316,St Kilda Saints,10.333333333333334,8.6,9.555555555555555,,1.0,1.0,42.0,38.0,44.333333333333336,9,A,0.8,6.0,9.0
46326,St Kilda Saints,7.333333333333333,9.0,10.125,,1.0,1.0,40.666666666666664,46.0,40.3,11,A,0.8,6.0,9.0
44477,Essendon Bombers,6.666666666666667,5.4,6.7,1.0,1.0,2.0,35.666666666666664,27.6,33.6,46,A,0.0,2.0,6.0
46090,Essendon Bombers,12.333333333333334,13.4,11.625,,1.0,1.0,56.666666666666664,56.2,46.25,8,A,0.0,2.0,6.0
44734,Essendon Bombers,17.0,17.4,16.0,,,,66.33333333333333,65.8,61.8,61,A,0.0,2.0,6.0
44812,Gold Coast Suns,8.5,8.75,8.11111111111111,,1.0,2.0,17.333333333333332,24.8,28.9,17,H,0.6,1.0,5.0
46188,Essendon Bombers,8.333333333333334,9.2,8.5,1.0,1.0,1.5,45.0,43.0,37.2,11,A,0.0,2.0,6.0
44676,Essendon Bombers,15.666666666666666,13.0,12.333333333333334,2.0,1.3333333333333333,1.2,66.0,56.6,48.9,100,A,0.0,2.0,6.0
45839,Essendon Bombers,29.333333333333332,27.0,25.5,,,1.0,94.66666666666667,85.8,88.3,26,A,0.0,2.0,6.0
44481,Essendon Bombers,23.333333333333332,25.8,26.0,1.0,1.0,1.0,107.66666666666667,107.4,101.4,250,A,0.0,2.0,6.0
44758,Essendon Bombers,31.333333333333332,27.4,24.4,,1.0,1.0,117.66666666666667,104.4,91.2,142,A,0.0,2.0,6.0
46045,Essendon Bombers,20.666666666666668,16.4,14.9,,1.0,1.0,88.33333333333333,69.0,60.0,13,A,0.0,2.0,6.0
46332,Essendon Bombers,2.5,2.5,2.5,1.0,1.0,1.0,36.5,36.5,36.5,2,A,0.0,2.0,6.0
46231,Essendon Bombers,8.333333333333334,7.5,7.5,,,,38.0,34.75,34.75,4,A,0.0,2.0,6.0
46162,Essendon Bombers,14.0,11.2,11.8,2.0,1.3333333333333333,1.1428571428571428,61.333333333333336,52.0,52.3,22,A,0.0,2.0,6.0
43952,Essendon Bombers,10.0,8.8,9.6,2.0,1.6666666666666667,1.6,48.333333333333336,43.0,45.0,120,A,0.0,2.0,6.0
43762,Essendon Bombers,22.666666666666668,21.2,21.6,,,1.0,84.0,77.4,75.6,90,A,0.0,2.0,6.0
46017,Essendon Bombers,9.0,9.6,9.9,,1.0,1.0,31.666666666666668,32.8,37.3,10,A,0.0,2.0,6.0
44263,Essendon Bombers,14.0,14.25,14.777777777777779,,,,70.66666666666667,65.8,68.1,144,A,0.0,2.0,6.0
43908,Essendon Bombers,15.666666666666666,12.4,12.5,,,1.0,78.33333333333333,61.4,64.0,344,A,0.0,2.0,6.0
45285,Essendon Bombers,9.333333333333334,11.0,10.1,1.3333333333333333,1.5,1.5,64.0,66.0,64.3,151,A,0.0,2.0,6.0
43765,Essendon Bombers,19.0,19.6,18.333333333333332,1.0,1.0,1.0,83.33333333333333,79.2,77.3,109,A,0.0,2.0,6.0
44420,Essendon Bombers,29.333333333333332,27.2,23.1,1.0,1.0,1.0,106.0,96.0,75.4,179,A,0.0,2.0,6.0
44257,Essendon Bombers,10.666666666666666,10.6,12.6,1.5,1.5,1.5714285714285714,50.0,48.2,57.6,161,A,0.0,2.0,6.0
46212,Essendon Bombers,7.0,6.6,6.333333333333333,3.5,3.0,2.75,37.333333333333336,35.6,35.5,6,A,0.0,2.0,6.0
44919,Essendon Bombers,21.333333333333332,22.8,19.9,,,1.0,77.33333333333333,80.0,70.6,233,A,0.0,2.0,6.0
45371,Adelaide Crows,7.0,8.4,8.4,,,,25.666666666666668,31.8,34.4,11,H,1.0,1.0,12.0
45791,Collingwood Magpies,7.333333333333333,9.8,9.142857142857142,,1.0,1.0,31.666666666666668,42.0,34.625,8,A,0.4,2.0,13.0
43706,Brisbane Lions,3.0,4.25,4.222222222222222,,1.0,1.0,24.666666666666668,35.4,44.1,167,A,0.6,2.0,12.0
43709,Hawthorn Hawks,7.666666666666667,7.4,7.6,1.0,1.3333333333333333,1.8571428571428572,45.333333333333336,43.8,45.8,25,A,0.6,3.0,13.0
43544,Fremantle Dockers,10.333333333333334,9.8,11.5,,,,44.0,41.4,50.3,64,H,0.8,1.0,13.0
43680,Fremantle Dockers,6.333333333333333,6.0,6.6,,,1.0,61.0,64.6,67.9,126,H,0.8,1.0,13.0
44773,Greater Western Sydney Giants,10.666666666666666,10.8,11.7,1.0,1.5,1.5,57.333333333333336,60.4,66.6,88,H,0.8,1.0,13.0
45068,Greater Western Sydney Giants,10.0,12.0,13.444444444444445,,,,46.666666666666664,50.6,57.2,130,H,0.8,1.0,13.0
43461,Greater Western Sydney Giants,9.333333333333334,9.4,11.3,3.0,3.0,2.142857142857143,55.0,49.6,58.4,63,H,0.8,1.0,13.0
44054,Greater Western Sydney Giants,20.0,20.2,18.6,1.0,1.0,1.0,83.33333333333333,89.6,80.7,200,H,0.8,1.0,13.0
43293,Greater Western Sydney Giants,16.333333333333332,16.2,15.2,1.0,1.0,1.0,66.33333333333333,65.4,63.7,29,H,0.8,1.0,13.0
43308,Greater Western Sydney Giants,23.666666666666668,24.0,26.7,,1.0,1.0,74.66666666666667,84.8,95.3,124,H,0.8,1.0,13.0
44178,Greater Western Sydney Giants,18.0,14.8,14.8,1.5,1.5,1.3333333333333333,70.33333333333333,57.0,61.2,36,H,0.8,1.0,13.0
43445,Greater Western Sydney Giants,12.666666666666666,11.4,11.0,,,1.0,79.0,70.0,75.2,69,H,0.8,1.0,13.0
45154,Fremantle Dockers,9.0,9.2,9.4,3.0,3.0,2.625,46.666666666666664,51.2,50.6,26,H,0.8,1.0,13.0
45280,Fremantle Dockers,13.333333333333334,13.6,14.1,,,,52.0,59.4,57.6,30,H,0.8,1.0,13.0
43508,Greater Western Sydney Giants,28.666666666666668,26.0,28.9,1.0,1.0,1.0,112.0,104.0,103.5,70,H,0.8,1.0,13.0
43932,Greater Western Sydney Giants,19.666666666666668,17.0,14.6,3.0,2.4,2.2222222222222223,104.0,86.8,77.9,260,H,0.8,1.0,13.0
43362,Greater Western Sydney Giants,12.666666666666666,11.4,11.2,1.3333333333333333,1.4,1.25,63.333333333333336,58.2,53.4,82,H,0.8,1.0,13.0
45296,Fremantle Dockers,19.5,14.5,17.666666666666668,3.0,2.0,1.75,56.0,49.0,63.8,88,H,0.8,1.0,13.0
44208,Greater Western Sydney Giants,16.333333333333332,18.0,19.3,2.0,2.0,1.5,66.33333333333333,68.6,73.9,229,H,0.8,1.0,13.0
43505,Greater Western Sydney Giants,10.333333333333334,10.0,11.1,3.0,2.75,3.111111111111111,63.0,64.0,72.0,58,H,0.8,1.0,13.0
43276,Greater Western Sydney Giants,8.0,8.8,9.0,,,,31.0,32.2,34.7,24,H,0.8,1.0,13.0
45111,Fremantle Dockers,12.0,11.6,11.0,2.3333333333333335,2.5,2.375,73.66666666666667,66.8,61.7,79,H,0.8,1.0,13.0
43797,Fremantle Dockers,16.0,12.0,11.5,1.0,1.0,1.0,66.66666666666667,58.8,60.8,38,H,0.8,1.0,13.0
43850,Fremantle Dockers,14.333333333333334,12.6,11.7,2.0,2.6666666666666665,2.1666666666666665,67.66666666666667,64.0,59.0,101,H,0.8,1.0,13.0
43936,Greater Western Sydney Giants,29.0,25.6,27.4,1.0,1.0,1.0,94.33333333333333,84.4,91.2,114,H,0.8,1.0,13.0
43606,Greater Western Sydney Giants,15.666666666666666,16.2,14.0,1.0,1.0,2.0,57.333333333333336,61.8,54.1,226,H,0.8,1.0,13.0
45080,Greater Western Sydney Giants,18.333333333333332,13.4,11.7,1.0,1.0,1.0,81.33333333333333,60.8,54.8,39,H,0.8,1.0,13.0
44845,Fremantle Dockers,18.333333333333332,17.4,20.5,,,,77.33333333333333,66.4,80.0,178,H,0.8,1.0,13.0
44624,Greater Western Sydney Giants,17.0,16.0,16.444444444444443,1.0,1.0,1.25,71.66666666666667,63.8,67.2,89,H,0.8,1.0,13.0
43286,Fremantle Dockers,6.0,7.2,6.8,3.0,3.0,2.3333333333333335,36.0,45.4,40.7,70,H,0.8,1.0,13.0
43412,Fremantle Dockers,15.666666666666666,17.6,16.8,2.0,1.6666666666666667,1.6666666666666667,70.0,69.2,64.9,157,H,0.8,1.0,13.0
44665,Fremantle Dockers,10.0,10.0,10.7,1.0,1.0,1.0,38.666666666666664,42.8,43.9,137,H,0.8,1.0,13.0
44620,Fremantle Dockers,11.0,10.75,14.777777777777779,,,1.0,36.0,39.0,57.4,37,H,0.8,1.0,13.0
45524,Greater Western Sydney Giants,10.666666666666666,11.2,10.88888888888889,,,,44.666666666666664,46.4,44.7,21,H,0.8,1.0,13.0
43632,Fremantle Dockers,8.666666666666666,9.0,9.7,,,,37.666666666666664,40.8,44.1,134,H,0.8,1.0,13.0
43858,Fremantle Dockers,5.333333333333333,6.75,10.333333333333334,,,1.0,15.666666666666666,16.8,26.4,247,H,0.8,1.0,13.0
43337,Fremantle Dockers,16.666666666666668,16.6,14.8,,,,63.0,62.6,59.7,117,H,0.8,1.0,13.0
44123,Greater Western Sydney Giants,14.0,17.0,17.77777777777778,,,,60.333333333333336,68.6,70.4,116,H,0.8,1.0,13.0
44067,Greater Western Sydney Giants,5.666666666666667,8.8,10.3,1.5,2.75,3.125,33.0,55.6,63.6,180,H,0.8,1.0,13.0
43567,Fremantle Dockers,23.5,24.5,25.555555555555557,,,1.0,72.0,77.2,89.3,125,H,0.8,1.0,13.0
45230,Greater Western Sydney Giants,28.333333333333332,28.2,26.3,,,,107.66666666666667,110.0,99.9,256,H,0.8,1.0,13.0
44895,Fremantle Dockers,26.0,23.4,24.7,1.0,1.0,1.25,85.33333333333333,78.6,86.4,126,H,0.8,1.0,13.0
46081,Fremantle Dockers,6.666666666666667,6.4,7.1,1.5,1.3333333333333333,1.2857142857142858,27.333333333333332,26.6,36.5,15,H,0.8,1.0,13.0
44631,Fremantle Dockers,16.333333333333332,16.0,15.6,,,1.0,53.0,58.0,59.4,199,H,0.8,1.0,13.0
46267,Fremantle Dockers,10.333333333333334,10.8,9.9,1.3333333333333333,1.2,1.125,54.0,56.2,55.8,23,H,0.8,1.0,13.0
44128,Fremantle Dockers,15.333333333333334,18.8,17.2,1.5,1.25,1.625,79.0,88.8,95.4,118,H,0.8,1.0,13.0
45033,Greater Western Sydney Giants,10.333333333333334,12.0,10.3,2.3333333333333335,2.8,2.4444444444444446,59.333333333333336,66.2,54.2,226,H,0.8,1.0,13.0
43439,Fremantle Dockers,21.333333333333332,23.8,24.7,1.0,1.0,1.0,80.66666666666667,82.8,93.0,169,H,0.8,1.0,13.0
44584,Adelaide Crows,15.333333333333334,15.4,16.7,1.0,1.0,1.5,62.0,66.4,73.6,200,H,0.8,1.0,8.0
44981,Adelaide Crows,18.333333333333332,18.4,20.9,,1.0,1.25,61.0,64.6,79.9,84,H,0.8,1.0,8.0
44249,Adelaide Crows,24.0,23.8,23.666666666666668,1.0,1.0,1.0,92.66666666666667,93.6,94.0,268,H,0.8,1.0,8.0
43700,Adelaide Crows,21.666666666666668,22.4,23.444444444444443,1.0,1.3333333333333333,1.3333333333333333,92.66666666666667,110.0,107.2,155,H,0.8,1.0,8.0
44201,Adelaide Crows,16.666666666666668,17.6,16.4,,,,61.333333333333336,63.2,61.2,55,H,0.8,1.0,8.0
44564,Adelaide Crows,0.3333333333333333,1.8,3.1,,,,24.666666666666668,30.8,33.8,66,H,0.8,1.0,8.0
44961,Adelaide Crows,9.0,12.0,12.6,1.0,1.0,1.0,39.666666666666664,47.8,50.2,272,H,0.8,1.0,8.0
44613,Adelaide Crows,8.666666666666666,12.2,12.0,,,1.0,83.0,89.6,92.5,145,H,0.8,1.0,8.0
45161,Adelaide Crows,14.666666666666666,14.0,13.1,1.6666666666666667,2.2,2.111111111111111,67.0,68.0,64.2,300,H,0.8,1.0,8.0
43663,Adelaide Crows,12.666666666666666,13.2,16.9,1.0,1.0,1.2,62.0,66.8,80.6,31,H,0.8,1.0,8.0
45915,Adelaide Crows,6.5,10.5,8.875,1.0,1.0,1.0,32.0,41.8,36.9,25,H,0.8,1.0,8.0
43832,Adelaide Crows,13.666666666666666,12.6,12.2,1.5,1.25,1.5,58.0,54.8,60.2,125,H,0.8,1.0,8.0
44490,Adelaide Crows,17.0,17.6,16.75,,,,71.33333333333333,68.4,76.9,122,H,0.8,1.0,8.0
44672,Adelaide Crows,7.666666666666667,7.0,6.4,2.3333333333333335,2.0,1.625,49.0,43.6,41.4,38,H,0.8,1.0,8.0
43381,Adelaide Crows,11.666666666666666,10.2,11.1,,,1.3333333333333333,59.333333333333336,61.8,68.3,75,H,0.8,1.0,8.0
43654,Adelaide Crows,7.0,9.4,9.4,1.0,1.0,1.0,60.0,64.4,59.8,104,H,0.8,1.0,8.0
44742,Adelaide Crows,9.0,10.0,11.5,2.0,2.6666666666666665,2.375,40.0,49.6,60.5,69,H,0.8,1.0,8.0
44485,Adelaide Crows,13.0,13.8,12.555555555555555,,,3.0,54.0,55.6,52.7,65,H,0.8,1.0,8.0
44203,Adelaide Crows,16.333333333333332,14.8,17.1,3.0,2.0,2.0,76.33333333333333,66.0,72.0,160,H,0.8,1.0,8.0
44058,Adelaide Crows,13.666666666666666,14.2,13.3,,,,49.666666666666664,53.8,55.8,88,H,0.8,1.0,8.0
44670,Adelaide Crows,15.666666666666666,13.4,17.1,2.0,1.6666666666666667,1.4,68.33333333333333,56.0,69.9,67,H,0.8,1.0,8.0
45077,Adelaide Crows,14.666666666666666,14.2,14.1,2.0,2.6,3.2222222222222223,94.33333333333333,91.2,88.6,77,H,0.8,1.0,8.0
45282,Adelaide Crows,24.0,21.4,21.4,,,,83.0,80.2,80.4,54,H,0.8,1.0,8.0
44726,Gold Coast Suns,20.666666666666668,18.8,18.0,1.0,1.0,1.0,79.0,74.2,74.4,129,A,0.6,2.0,7.0
44225,Gold Coast Suns,8.0,7.8,7.5,5.0,4.5,3.4444444444444446,61.0,61.6,52.5,119,A,0.6,2.0,7.0
43289,Gold Coast Suns,29.0,27.6,29.8,3.0,3.0,1.75,87.33333333333333,89.0,98.1,128,A,0.6,2.0,7.0
43480,Gold Coast Suns,9.333333333333334,10.4,13.1,2.0,1.5,1.25,44.333333333333336,45.4,55.7,54,A,0.6,2.0,7.0
44105,Gold Coast Suns,12.0,13.25,14.666666666666666,2.0,2.5,2.125,62.0,72.4,69.8,62,A,0.6,2.0,7.0
45271,Gold Coast Suns,14.666666666666666,14.0,12.9,1.0,1.0,1.0,90.33333333333333,96.8,91.6,204,A,0.6,2.0,7.0
45047,Gold Coast Suns,7.0,7.2,6.1,,,1.0,25.666666666666668,30.8,25.6,248,A,0.6,2.0,7.0
43817,Gold Coast Suns,20.333333333333332,19.6,22.3,1.0,1.3333333333333333,1.1666666666666667,81.66666666666667,77.6,91.9,122,A,0.6,2.0,7.0
45140,Gold Coast Suns,16.333333333333332,16.6,15.8,,,,65.0,69.8,65.0,48,A,0.6,2.0,7.0
43807,Gold Coast Suns,7.333333333333333,8.6,8.6,1.3333333333333333,1.25,1.2222222222222223,42.666666666666664,49.4,52.5,41,A,0.6,2.0,7.0
44497,Gold Coast Suns,19.666666666666668,22.4,23.4,,,1.3333333333333333,87.33333333333333,96.4,92.1,213,A,0.6,2.0,7.0
43689,Gold Coast Suns,17.0,16.0,17.5,1.0,1.0,1.0,59.666666666666664,56.4,61.7,39,A,0.6,2.0,7.0
44603,Gold Coast Suns,21.333333333333332,19.2,21.1,,,,87.33333333333333,79.6,89.9,136,A,0.6,2.0,7.0
43273,Gold Coast Suns,15.0,13.25,14.625,2.0,1.6666666666666667,1.5714285714285714,48.666666666666664,48.6,55.7,157,A,0.6,2.0,7.0
44829,Gold Coast Suns,28.666666666666668,28.2,28.2,2.0,1.5,1.6666666666666667,93.33333333333333,96.4,109.4,109,A,0.6,2.0,7.0
44790,Gold Coast Suns,13.666666666666666,16.4,17.8,1.0,1.0,1.0,45.0,61.0,65.5,202,A,0.6,2.0,7.0
43825,Gold Coast Suns,14.0,14.6,18.9,,,1.0,42.333333333333336,48.2,62.8,88,A,0.6,2.0,7.0
44305,Gold Coast Suns,11.333333333333334,11.0,10.666666666666666,2.0,2.2,2.25,63.0,58.6,54.8,134,A,0.6,2.0,7.0
43291,Gold Coast Suns,18.0,17.2,16.7,1.0,1.0,1.0,66.66666666666667,67.6,66.1,64,A,0.6,2.0,7.0
44142,Gold Coast Suns,16.0,15.4,20.4,,,1.0,49.333333333333336,52.8,74.6,52,A,0.6,2.0,7.0
44755,Gold Coast Suns,10.0,9.0,8.8,1.0,1.3333333333333333,1.5,43.0,42.2,44.3,24,A,0.6,2.0,7.0
45208,Gold Coast Suns,17.0,16.0,15.25,,,,63.333333333333336,56.8,55.1,160,A,0.6,2.0,7.0
43601,Gold Coast Suns,11.0,11.2,11.6,,,,39.333333333333336,44.0,51.6,148,A,0.6,2.0,7.0
43346,Hawthorn Hawks,9.0,9.25,9.777777777777779,,,,31.333333333333332,31.4,37.9,174,A,0.8,2.0,7.0
43354,Hawthorn Hawks,17.333333333333332,19.0,18.6,,,,59.666666666666664,66.8,69.5,148,A,0.8,2.0,7.0
44589,Hawthorn Hawks,30.0,27.5,21.555555555555557,1.0,1.0,1.0,90.66666666666667,90.0,76.1,101,A,0.8,2.0,7.0
45281,Hawthorn Hawks,21.333333333333332,22.4,21.11111111111111,,1.0,1.0,71.0,71.8,70.4,147,A,0.8,2.0,7.0
45192,Hawthorn Hawks,12.333333333333334,10.8,11.5,1.3333333333333333,1.4,1.4,62.666666666666664,51.8,49.5,42,A,0.8,2.0,7.0
43673,Hawthorn Hawks,14.333333333333334,17.2,19.0,,,1.0,44.333333333333336,56.6,68.2,65,A,0.8,2.0,7.0
43955,Hawthorn Hawks,11.0,11.6,12.0,3.3333333333333335,4.2,3.5,70.66666666666667,83.0,74.5,282,A,0.8,2.0,7.0
45177,Hawthorn Hawks,22.0,21.8,20.3,,,1.0,72.66666666666667,73.4,75.3,66,A,0.8,2.0,7.0
44335,Hawthorn Hawks,16.0,18.8,16.0,2.0,1.6666666666666667,1.3333333333333333,65.66666666666667,73.0,69.2,89,A,0.8,2.0,7.0
45019,Geelong Cats,18.333333333333332,16.8,15.2,1.0,1.0,1.0,105.33333333333333,92.8,84.9,190,H,1.0,1.0,14.0
44522,Hawthorn Hawks,17.666666666666668,22.0,21.8,1.0,1.25,1.25,69.33333333333333,84.4,86.7,125,A,0.8,2.0,7.0
44578,Hawthorn Hawks,20.0,20.4,20.0,,,1.0,60.666666666666664,66.6,75.9,119,A,0.8,2.0,7.0
44885,Hawthorn Hawks,14.333333333333334,15.0,13.9,,,,63.666666666666664,62.4,55.8,122,A,0.8,2.0,7.0
45201,Hawthorn Hawks,9.333333333333334,11.8,13.0,1.0,1.0,1.0,67.33333333333333,75.4,76.5,59,A,0.8,2.0,7.0
44149,Hawthorn Hawks,8.666666666666666,10.4,10.444444444444445,,,,26.0,34.8,38.8,75,A,0.8,2.0,7.0
44466,Hawthorn Hawks,16.0,13.6,14.1,1.0,2.0,2.0,99.33333333333333,96.0,101.0,76,A,0.8,2.0,7.0
44926,Hawthorn Hawks,19.0,21.0,20.6,,,,75.33333333333333,81.4,82.9,178,A,0.8,2.0,7.0
43494,Hawthorn Hawks,10.0,12.8,9.7,1.5,1.5,1.0,61.333333333333336,65.0,49.3,24,A,0.8,2.0,7.0
44125,Hawthorn Hawks,19.666666666666668,22.6,22.9,,,3.0,73.33333333333333,87.6,92.0,220,A,0.8,2.0,7.0
43993,Hawthorn Hawks,18.333333333333332,17.0,17.11111111111111,,,,78.66666666666667,67.8,69.2,197,A,0.8,2.0,7.0
43897,Hawthorn Hawks,16.0,19.0,20.0,2.5,2.5,1.5714285714285714,60.666666666666664,66.4,74.5,89,A,0.8,2.0,7.0
43550,Hawthorn Hawks,5.0,5.4,5.1,2.5,2.6666666666666665,2.4285714285714284,68.0,64.4,60.6,107,A,0.8,2.0,7.0
44280,Hawthorn Hawks,5.0,5.5,7.222222222222222,1.0,1.0,1.2857142857142858,25.0,38.2,41.2,77,A,0.8,2.0,7.0
43285,Hawthorn Hawks,24.666666666666668,25.0,23.8,1.0,1.0,1.0,81.0,87.0,86.0,194,A,0.8,2.0,7.0
43641,Collingwood Magpies,16.0,15.0,15.9,1.0,1.0,1.0,97.33333333333333,85.0,85.9,273,H,0.4,2.0,16.0
44740,Collingwood Magpies,14.5,12.25,14.875,,,,63.333333333333336,59.6,63.9,132,H,0.4,2.0,16.0
45472,Collingwood Magpies,21.0,18.0,14.8,1.0,1.0,1.2857142857142858,77.0,61.6,58.1,181,H,0.4,2.0,16.0
44383,Collingwood Magpies,18.0,17.4,16.1,1.0,1.0,1.0,78.33333333333333,70.4,68.8,228,H,0.4,2.0,16.0
44678,Collingwood Magpies,13.666666666666666,14.8,14.9,,,,58.0,59.2,57.5,153,H,0.4,2.0,16.0
44097,Collingwood Magpies,5.5,8.75,12.222222222222221,,,,13.666666666666666,29.2,46.4,270,H,0.4,2.0,16.0
44285,Collingwood Magpies,14.333333333333334,15.2,16.9,1.0,1.0,1.5,55.333333333333336,56.8,67.5,140,H,0.4,2.0,16.0
44307,Collingwood Magpies,20.666666666666668,16.2,16.555555555555557,1.0,1.0,1.0,84.33333333333333,67.4,72.6,36,H,0.4,2.0,16.0
44878,Collingwood Magpies,17.0,16.0,13.666666666666666,2.0,1.3333333333333333,1.1666666666666667,80.33333333333333,82.8,70.6,125,H,0.4,2.0,16.0
44090,Collingwood Magpies,18.666666666666668,17.8,16.1,1.0,1.0,1.0,77.0,64.4,60.7,188,H,0.4,2.0,16.0
44472,Collingwood Magpies,8.333333333333334,7.4,8.6,2.0,1.3333333333333333,1.75,41.333333333333336,36.8,47.0,201,H,0.4,2.0,16.0
43635,Collingwood Magpies,8.0,6.2,6.888888888888889,,,1.0,49.666666666666664,39.0,42.1,138,H,0.4,2.0,16.0
43668,Collingwood Magpies,25.5,26.0,31.666666666666668,1.0,1.0,1.2857142857142858,101.66666666666667,97.0,114.0,94,H,0.4,2.0,16.0
43667,Collingwood Magpies,15.666666666666666,17.2,20.5,,,2.0,79.0,82.8,91.5,150,H,0.4,2.0,16.0
44673,Collingwood Magpies,22.666666666666668,23.75,23.5,,,1.0,87.0,87.4,88.1,424,H,0.4,2.0,16.0
43844,Collingwood Magpies,13.666666666666666,11.4,11.3,,,,60.333333333333336,48.2,45.9,73,H,0.4,2.0,16.0
44521,Collingwood Magpies,12.0,11.75,11.222222222222221,,,,52.0,48.4,45.9,194,H,0.4,2.0,16.0
43788,Collingwood Magpies,12.0,10.0,10.9,2.6666666666666665,2.25,2.2222222222222223,80.66666666666667,60.6,65.3,218,H,0.4,2.0,16.0
44405,Collingwood Magpies,14.333333333333334,12.2,12.4,,,1.0,58.333333333333336,56.4,57.6,95,H,0.4,2.0,16.0
44927,Collingwood Magpies,17.333333333333332,18.2,18.3,2.0,2.0,2.0,74.33333333333333,78.0,79.1,353,H,0.4,2.0,16.0
44488,Collingwood Magpies,9.0,8.8,10.1,1.0,1.3333333333333333,1.625,40.666666666666664,48.2,58.8,158,H,0.4,2.0,16.0
46308,Collingwood Magpies,5.666666666666667,9.0,9.0,,,,25.0,36.0,36.0,4,H,0.4,2.0,16.0
43514,Collingwood Magpies,17.666666666666668,16.2,17.8,1.0,1.0,1.0,97.33333333333333,93.0,96.9,119,H,0.4,2.0,16.0
43380,Brisbane Lions,21.666666666666668,20.8,20.8,1.0,1.0,1.25,86.66666666666667,82.0,87.0,183,A,0.6,1.0,7.0
43566,Geelong Cats,7.0,7.2,9.3,,,1.0,21.666666666666668,25.8,38.1,25,H,1.0,1.0,8.0
45314,Brisbane Lions,15.333333333333334,15.8,15.2,1.0,1.0,1.0,63.666666666666664,70.2,67.9,168,A,0.8,2.0,7.0
43866,Brisbane Lions,13.0,11.4,11.0,,,,65.0,54.2,47.8,182,A,0.8,2.0,7.0
43322,Brisbane Lions,18.5,22.5,23.0,2.0,2.0,2.111111111111111,82.0,93.4,93.6,165,A,0.8,2.0,7.0
44487,Geelong Cats,24.0,22.4,23.9,1.0,1.3333333333333333,1.1666666666666667,84.0,88.0,93.8,154,H,1.0,1.0,8.0
43424,Geelong Cats,13.333333333333334,13.0,14.0,1.0,1.0,1.2857142857142858,58.0,53.4,58.5,142,H,1.0,1.0,8.0
44372,Geelong Cats,10.0,12.5,14.333333333333334,1.0,1.8,1.7142857142857142,58.0,66.0,71.0,163,H,1.0,1.0,8.0
45307,Brisbane Lions,29.666666666666668,27.6,25.5,1.0,1.0,1.0,120.33333333333333,111.4,100.2,303,A,0.8,2.0,7.0
43674,Geelong Cats,22.333333333333332,20.0,16.8,2.5,1.75,1.8333333333333333,93.66666666666667,87.0,72.8,359,H,1.0,1.0,8.0
43405,Geelong Cats,13.666666666666666,15.0,15.6,1.0,1.3333333333333333,1.3333333333333333,88.33333333333333,83.8,78.2,294,H,1.0,1.0,8.0
43312,Geelong Cats,23.0,22.0,20.9,1.0,1.0,1.0,109.33333333333333,96.2,90.8,152,H,1.0,1.0,8.0
44960,Geelong Cats,30.666666666666668,30.5,30.22222222222222,1.0,1.0,1.0,109.66666666666667,111.6,106.4,125,H,1.0,1.0,8.0
44585,Brisbane Lions,34.666666666666664,31.8,27.8,1.0,1.0,1.0,117.66666666666667,112.6,97.5,293,A,0.8,2.0,7.0
44030,Geelong Cats,9.333333333333334,10.4,12.2,,,,43.333333333333336,46.6,55.6,163,H,1.0,1.0,8.0
45255,Brisbane Lions,25.0,24.6,23.7,,,1.5,92.33333333333333,93.2,94.0,82,A,0.8,2.0,7.0
44429,Brisbane Lions,6.666666666666667,7.4,8.2,,,1.5,42.666666666666664,54.6,61.4,164,A,0.8,2.0,7.0
43842,Brisbane Lions,11.5,12.0,10.222222222222221,,1.0,1.0,88.0,84.8,71.0,56,A,0.8,2.0,7.0
44400,Brisbane Lions,28.0,28.8,28.22222222222222,1.0,1.3333333333333333,1.2,90.33333333333333,99.4,96.9,208,A,0.8,2.0,7.0
44586,Geelong Cats,6.333333333333333,8.2,9.4,2.0,2.4,2.7777777777777777,47.333333333333336,63.2,65.4,44,H,1.0,1.0,8.0
44299,Brisbane Lions,13.666666666666666,12.2,11.5,2.0,2.0,1.6666666666666667,69.33333333333333,67.6,61.6,52,A,0.8,2.0,7.0
43307,Brisbane Lions,26.0,25.8,27.0,2.0,2.0,2.0,108.66666666666667,102.6,105.7,57,A,0.8,2.0,7.0
45002,Brisbane Lions,11.0,11.8,10.9,,,,46.666666666666664,51.2,46.6,131,A,0.8,2.0,7.0
44753,Brisbane Lions,13.0,14.8,16.0,2.0,2.0,2.0,65.66666666666667,72.8,79.6,166,A,0.8,2.0,7.0
45000,Geelong Cats,9.666666666666666,8.6,9.88888888888889,1.0,1.0,1.0,75.0,63.6,65.5,228,H,1.0,1.0,8.0
44617,Geelong Cats,8.666666666666666,11.6,11.2,,,,28.333333333333332,46.2,46.3,146,H,1.0,1.0,8.0
46198,Brisbane Lions,10.666666666666666,15.2,11.9,,,1.0,37.666666666666664,56.2,43.5,10,A,0.8,2.0,7.0
43290,Brisbane Lions,13.0,12.8,10.1,,,,88.33333333333333,91.6,71.8,238,A,0.8,2.0,7.0
43516,Geelong Cats,16.333333333333332,14.8,14.2,3.0,3.25,4.444444444444445,98.66666666666667,90.0,92.2,279,H,1.0,1.0,8.0
45474,Geelong Cats,7.666666666666667,7.0,6.777777777777778,1.0,1.0,1.0,64.0,55.2,47.2,84,H,1.0,1.0,8.0
43717,Geelong Cats,18.666666666666668,17.8,18.0,2.0,1.5,1.2857142857142858,74.33333333333333,77.0,77.3,57,H,1.0,1.0,8.0
45609,Geelong Cats,10.333333333333334,10.8,12.7,,,1.0,46.0,48.4,55.7,35,H,1.0,1.0,8.0
43512,Brisbane Lions,10.333333333333334,10.8,10.222222222222221,1.0,1.75,1.8333333333333333,50.0,56.2,52.2,253,A,0.8,2.0,7.0
44639,Geelong Cats,9.333333333333334,10.2,11.4,,,,41.0,53.0,55.7,25,H,1.0,1.0,8.0
44276,Brisbane Lions,13.0,14.6,12.444444444444445,,1.0,1.0,56.666666666666664,71.8,52.9,232,A,0.8,2.0,7.0
45999,Brisbane Lions,14.0,16.0,17.6,,,1.3333333333333333,57.333333333333336,63.2,68.4,26,A,0.8,2.0,7.0
45006,Geelong Cats,9.333333333333334,8.0,8.5,2.5,2.6666666666666665,2.142857142857143,76.33333333333333,70.6,64.3,108,H,1.0,1.0,8.0
44551,Geelong Cats,4.666666666666667,4.4,5.6,1.0,1.0,1.0,41.666666666666664,40.0,45.6,42,H,1.0,1.0,8.0
43581,Geelong Cats,13.666666666666666,12.8,13.3,1.0,1.0,1.1666666666666667,58.0,53.4,59.4,126,H,1.0,1.0,8.0
43957,Geelong Cats,16.666666666666668,16.6,17.2,,,,68.33333333333333,75.4,78.7,127,H,1.0,1.0,8.0
43827,Brisbane Lions,19.666666666666668,22.6,22.444444444444443,1.0,1.0,1.0,81.66666666666667,92.8,89.6,67,A,0.8,2.0,7.0
43756,Brisbane Lions,23.0,25.2,26.6,1.0,1.0,1.0,129.0,122.8,124.1,193,A,0.8,2.0,7.0
46105,Brisbane Lions,10.333333333333334,8.4,8.4,2.0,2.0,2.0,57.333333333333336,47.6,47.6,5,A,0.8,2.0,7.0
44770,Brisbane Lions,9.0,9.4,9.4,1.0,1.0,1.0,40.333333333333336,42.0,41.1,24,A,0.8,2.0,7.0
44073,Geelong Cats,24.666666666666668,24.8,27.3,1.0,1.0,1.2,100.66666666666667,93.0,104.2,101,H,1.0,1.0,8.0
44356,Geelong Cats,11.0,12.4,14.1,2.0,2.5,2.142857142857143,80.0,91.8,93.2,34,H,1.0,1.0,8.0
44534,Brisbane Lions,9.333333333333334,8.5,8.88888888888889,1.3333333333333333,1.8,2.3333333333333335,48.333333333333336,48.2,54.5,44,A,0.8,2.0,7.0
